Point ID,Time [ms],Force [N],Energy [J],Displacement [mm],Velocity [m/s]
1,0,0,0,0,2.41
2,0.005,104.038081,0.000627,0.01205,2.410014
3,0.01,196.516375,0.002438,0.0241,2.40996
4,0.015,196.516375,0.004806,0.03615,2.409875
5,0.02,184.956588,0.007104,0.048199,2.409794
6,0.025,150.277228,0.009123,0.060248,2.409729
7,0.03,127.157654,0.010795,0.072296,2.409684
8,0.035,161.837015,0.012536,0.084344,2.409634
9,0.04,115.597868,0.014207,0.096392,2.409589
10,0.045,115.597868,0.0156,0.10844,2.409559
11,0.05,127.157654,0.017062,0.120488,2.409525
12,0.055,57.798934,0.018176,0.132536,2.409511
13,0.06,46.239147,0.018803,0.144583,2.409525
14,0.065,57.798934,0.01943,0.156631,2.409538
15,0.07,104.038081,0.020404,0.168679,2.409532
16,0.075,127.157654,0.021797,0.180726,2.409503
17,0.08,173.396801,0.023608,0.192773,2.409449
18,0.085,231.195735,0.026045,0.204821,2.40936
19,0.09,254.315308,0.028969,0.216867,2.409244
20,0.095,254.315308,0.032032,0.228913,2.40912
21,0.1,219.635948,0.034887,0.240958,2.409007
22,0.105,184.956588,0.037324,0.253003,2.408918
23,0.11,173.396801,0.039482,0.265047,2.408845
24,0.115,173.396801,0.04157,0.277092,2.408776
25,0.12,161.837015,0.043589,0.289135,2.408711
26,0.125,161.837015,0.045538,0.301179,2.40865
27,0.13,115.597868,0.047208,0.313222,2.408604
28,0.135,127.157654,0.04867,0.325265,2.408571
29,0.14,69.358721,0.049853,0.337308,2.408553
30,0.145,92.478294,0.050828,0.34935,2.408547
31,0.15,104.038081,0.052011,0.361393,2.408529
32,0.155,150.277228,0.053543,0.373436,2.408491
33,0.16,196.516375,0.055631,0.385478,2.408422
34,0.165,173.396801,0.057858,0.39752,2.408345
35,0.17,231.195735,0.060294,0.409561,2.408256
36,0.175,196.516375,0.062869,0.421602,2.408159
37,0.18,219.635948,0.065374,0.433643,2.408067
38,0.185,254.315308,0.068227,0.445683,2.407954
39,0.19,254.315308,0.071289,0.457722,2.40783
40,0.195,196.516375,0.074003,0.469761,2.407725
41,0.2,173.396801,0.07623,0.4818,2.407648
42,0.205,138.717441,0.078108,0.493838,2.407591
43,0.21,127.157654,0.079708,0.505876,2.407549
44,0.215,127.157654,0.081239,0.517913,2.407512
45,0.22,138.717441,0.082839,0.529951,2.40747
46,0.225,196.516375,0.084857,0.541988,2.407405
47,0.23,196.516375,0.087222,0.554025,2.40732
48,0.235,219.635948,0.089727,0.566061,2.407227
49,0.24,219.635948,0.09237,0.578097,2.407127
50,0.245,184.956588,0.094805,0.590132,2.407038
51,0.25,231.195735,0.097309,0.602167,2.406945
52,0.255,231.195735,0.100092,0.614202,2.406837
53,0.26,231.195735,0.102874,0.626236,2.406728
54,0.265,196.516375,0.105447,0.638269,2.406631
55,0.27,184.956588,0.107742,0.650302,2.40655
56,0.275,127.157654,0.10962,0.662335,2.406493
57,0.28,115.597868,0.111081,0.674367,2.406459
58,0.285,115.597868,0.112472,0.686399,2.40643
59,0.29,80.918507,0.113654,0.698431,2.406412
60,0.295,127.157654,0.114906,0.710463,2.40639
61,0.3,127.157654,0.116435,0.722495,2.406352
62,0.305,173.396801,0.118244,0.734527,2.406299
63,0.31,173.396801,0.12033,0.746558,2.40623
64,0.315,150.277228,0.122277,0.758589,2.406169
65,0.32,219.635948,0.124502,0.77062,2.406091
66,0.325,242.755522,0.127283,0.78265,2.405983
67,0.33,231.195735,0.130134,0.79468,2.405871
68,0.335,242.755522,0.132985,0.806709,2.405758
69,0.34,196.516375,0.135627,0.818737,2.405657
70,0.345,173.396801,0.137851,0.830765,2.40558
71,0.35,127.157654,0.139659,0.842793,2.405527
72,0.355,138.717441,0.141258,0.854821,2.405485
73,0.36,115.597868,0.142787,0.866848,2.405448
74,0.365,80.918507,0.143969,0.878875,2.40543
75,0.37,138.717441,0.14529,0.890902,2.405404
76,0.375,138.717441,0.146958,0.902929,2.405359
77,0.38,196.516375,0.148974,0.914956,2.405293
78,0.385,184.956588,0.151268,0.926982,2.405212
79,0.39,184.956588,0.153492,0.939008,2.405135
80,0.395,208.076161,0.155855,0.951033,2.405051
81,0.4,242.755522,0.158566,0.963058,2.404946
82,0.405,277.434882,0.161693,0.975083,2.404818
83,0.41,288.994668,0.165098,0.987107,2.404674
84,0.415,242.755522,0.168295,0.99913,2.404542
85,0.42,277.434882,0.171422,1.011152,2.404413
86,0.425,219.635948,0.17441,1.023174,2.404293
87,0.43,242.755522,0.177189,1.035195,2.404185
88,0.435,254.315308,0.180177,1.047216,2.404064
89,0.44,219.635948,0.183025,1.059236,2.403952
90,0.445,196.516375,0.185526,1.071255,2.403859
91,0.45,231.195735,0.188096,1.083274,2.403762
92,0.455,323.674029,0.191431,1.095293,2.403622
93,0.46,288.994668,0.195112,1.10731,2.403463
94,0.465,265.875095,0.198446,1.119327,2.403323
95,0.47,300.554455,0.201849,1.131344,2.403179
96,0.475,300.554455,0.205461,1.143359,2.403023
97,0.48,335.233815,0.20928,1.155374,2.402855
98,0.485,312.114242,0.213169,1.167388,2.402684
99,0.49,300.554455,0.216849,1.179401,2.402524
100,0.495,335.233815,0.220667,1.191413,2.402356
101,0.5,312.114242,0.224555,1.203424,2.402185
102,0.505,312.114242,0.228304,1.215435,2.402021
103,0.51,288.994668,0.231913,1.227444,2.401865
104,0.515,312.114242,0.235523,1.239453,2.401709
105,0.52,312.114242,0.23927,1.251461,2.401546
106,0.525,335.233815,0.243157,1.263469,2.401374
107,0.53,358.353389,0.247321,1.275475,2.401187
108,0.535,358.353389,0.251623,1.287481,2.400992
109,0.54,369.913175,0.255994,1.299485,2.400793
110,0.545,427.712109,0.260781,1.311488,2.40057
111,0.55,381.472962,0.265637,1.323491,2.400343
112,0.555,369.913175,0.270146,1.335492,2.400136
113,0.56,358.353389,0.274516,1.347492,2.399937
114,0.565,346.793602,0.278746,1.359491,2.399746
115,0.57,381.472962,0.283115,1.37149,2.399547
116,0.575,404.592536,0.28783,1.383487,2.399328
117,0.58,416.152322,0.292753,1.395483,2.399097
118,0.585,381.472962,0.297537,1.407478,2.398875
119,0.59,404.592536,0.302251,1.419472,2.398656
120,0.595,393.032749,0.307034,1.431464,2.398433
121,0.6,404.592536,0.311816,1.443456,2.39821
122,0.605,462.391469,0.317014,1.455446,2.397964
123,0.61,427.712109,0.32235,1.467436,2.39771
124,0.615,427.712109,0.327477,1.479423,2.397467
125,0.62,485.511043,0.33295,1.49141,2.397205
126,0.625,520.190403,0.338977,1.503395,2.396911
127,0.63,462.391469,0.344865,1.515379,2.396626
128,0.635,473.951256,0.350475,1.527362,2.396356
129,0.64,404.592536,0.355738,1.539343,2.396105
130,0.645,427.712109,0.360723,1.551323,2.395871
131,0.65,462.391469,0.366054,1.563302,2.395616
132,0.655,485.511043,0.371731,1.575279,2.395343
133,0.66,439.271896,0.377269,1.587255,2.395076
134,0.665,462.391469,0.382667,1.59923,2.394818
135,0.67,485.511043,0.388342,1.611203,2.394544
136,0.675,520.190403,0.394362,1.623175,2.394251
137,0.68,531.75019,0.400658,1.635146,2.393941
138,0.685,531.75019,0.407023,1.647115,2.393628
139,0.69,589.549123,0.413732,1.659082,2.393295
140,0.695,601.10891,0.420856,1.671047,2.392938
141,0.7,589.549123,0.427978,1.683011,2.392582
142,0.705,566.42955,0.434892,1.694973,2.392237
143,0.71,589.549123,0.441805,1.706934,2.391892
144,0.715,566.42955,0.448717,1.718892,2.391547
145,0.72,589.549123,0.455628,1.730849,2.391202
146,0.725,566.42955,0.462538,1.742804,2.390857
147,0.73,543.309976,0.46917,1.754758,2.390528
148,0.735,543.309976,0.475664,1.76671,2.390207
149,0.74,589.549123,0.482433,1.77866,2.38987
150,0.745,520.190403,0.489063,1.790608,2.389541
151,0.75,566.42955,0.495554,1.802555,2.38922
152,0.755,658.907843,0.502872,1.8145,2.388851
153,0.76,601.10891,0.510396,1.826444,2.388471
154,0.765,601.10891,0.517575,1.838385,2.38811
155,0.77,566.42955,0.524545,1.850325,2.387761
156,0.775,612.668697,0.531583,1.862263,2.387409
157,0.78,624.228483,0.538964,1.874199,2.387036
158,0.785,577.989336,0.546138,1.886133,2.386676
159,0.79,589.549123,0.553104,1.898066,2.386327
160,0.795,601.10891,0.560207,1.909996,2.38597
161,0.8,577.989336,0.567239,1.921925,2.385618
162,0.805,612.668697,0.57434,1.933852,2.385261
163,0.81,589.549123,0.581509,1.945778,2.3849
164,0.815,612.668697,0.588676,1.957701,2.38454
165,0.82,577.989336,0.595773,1.969623,2.384183
166,0.825,601.10891,0.602801,1.981543,2.38383
167,0.83,624.228483,0.610103,1.993462,2.383462
168,0.835,658.907843,0.617748,2.005378,2.383074
169,0.84,658.907843,0.625598,2.017292,2.382674
170,0.845,635.78827,0.63331,2.029205,2.382281
171,0.85,670.46763,0.641089,2.041115,2.381885
172,0.855,635.78827,0.648866,2.053024,2.381489
173,0.86,612.668697,0.656299,2.06493,2.381113
174,0.865,647.348057,0.663799,2.076835,2.380733
175,0.87,589.549123,0.67116,2.088737,2.38036
176,0.875,566.42955,0.678039,2.100638,2.380015
177,0.88,566.42955,0.684779,2.112538,2.379678
178,0.885,543.309976,0.69138,2.124435,2.379349
179,0.89,566.42955,0.697981,2.136331,2.37902
180,0.895,566.42955,0.704718,2.148225,2.378683
181,0.9,601.10891,0.711661,2.160118,2.378334
182,0.905,589.549123,0.71874,2.172009,2.377978
183,0.91,601.10891,0.725818,2.183898,2.377621
184,0.915,647.348057,0.733238,2.195785,2.377245
185,0.92,658.907843,0.741001,2.20767,2.376849
186,0.925,624.228483,0.748624,2.219553,2.37646
187,0.93,601.10891,0.755904,2.231435,2.376092
188,0.935,635.78827,0.763251,2.243314,2.37572
189,0.94,601.10891,0.770596,2.255192,2.375347
190,0.945,612.668697,0.777804,2.267068,2.374983
191,0.95,635.78827,0.785216,2.278942,2.374606
192,0.955,577.989336,0.792421,2.290814,2.374242
193,0.96,577.989336,0.799282,2.302684,2.373897
194,0.965,589.549123,0.80621,2.314553,2.373548
195,0.97,624.228483,0.813412,2.32642,2.373183
196,0.975,635.78827,0.820887,2.338285,2.372803
197,0.98,624.228483,0.828361,2.350148,2.372423
198,0.985,658.907843,0.835971,2.362009,2.372035
199,0.99,658.907843,0.843785,2.373868,2.371635
200,0.995,624.228483,0.851392,2.385725,2.371247
201,1,612.668697,0.858724,2.39758,2.370874
202,1.005,647.348057,0.866192,2.409434,2.370494
203,1.01,716.706777,0.874275,2.421285,2.370078
204,1.015,693.587204,0.88263,2.433135,2.369647
205,1.02,693.587204,0.890847,2.444982,2.369223
206,1.025,705.14699,0.899131,2.456827,2.368795
207,1.03,705.14699,0.907482,2.46867,2.368364
208,1.035,682.027417,0.915695,2.48051,2.36794
209,1.04,693.587204,0.923838,2.492349,2.367521
210,1.045,682.027417,0.931979,2.504186,2.367101
211,1.05,682.027417,0.94005,2.51602,2.366685
212,1.055,728.266564,0.948394,2.527852,2.366254
213,1.06,751.386137,0.957146,2.539683,2.365798
214,1.065,739.826351,0.965965,2.55151,2.365339
215,1.07,751.386137,0.974782,2.563336,2.36488
216,1.075,728.266564,0.983529,2.575159,2.364425
217,1.08,774.505711,0.992411,2.58698,2.363962
218,1.085,797.625284,1.001702,2.598799,2.363475
219,1.09,786.065497,1.011058,2.610615,2.362985
220,1.095,797.625284,1.020413,2.622429,2.362494
221,1.1,751.386137,1.029561,2.63424,2.362015
222,1.105,728.266564,1.038297,2.646049,2.36156
223,1.11,762.945924,1.0471,2.657856,2.361101
224,1.115,774.505711,1.056175,2.66966,2.360626
225,1.12,751.386137,1.065179,2.681462,2.360156
226,1.125,751.386137,1.074045,2.693261,2.359693
227,1.13,797.625284,1.083182,2.705059,2.359214
228,1.135,797.625284,1.09259,2.716854,2.358719
229,1.14,809.185071,1.102064,2.728646,2.358221
230,1.145,762.945924,1.111332,2.740436,2.357734
231,1.15,843.864431,1.120802,2.752223,2.357236
232,1.155,832.304644,1.130678,2.764008,2.356714
233,1.16,820.744858,1.140417,2.77579,2.356199
234,1.165,809.185071,1.150017,2.78757,2.355693
235,1.17,843.864431,1.159751,2.799347,2.355179
236,1.175,832.304644,1.169619,2.811122,2.354657
237,1.18,890.103578,1.179757,2.822894,2.354119
238,1.185,924.782938,1.190437,2.834663,2.353549
239,1.19,913.223151,1.20125,2.846429,2.352972
240,1.195,855.424218,1.211653,2.858193,2.352419
241,1.2,843.864431,1.221645,2.869953,2.351889
242,1.205,866.984004,1.231703,2.881712,2.351355
243,1.21,878.543791,1.241963,2.893467,2.350809
244,1.215,936.342725,1.252628,2.90522,2.35024
245,1.22,936.342725,1.26363,2.916969,2.34965
246,1.225,971.022085,1.274832,2.928716,2.34905
247,1.23,924.782938,1.285964,2.94046,2.348453
248,1.235,936.342725,1.29689,2.952201,2.347868
249,1.24,936.342725,1.307881,2.963939,2.347278
250,1.245,971.022085,1.319072,2.975673,2.346678
251,1.25,982.581872,1.330532,2.987405,2.346061
252,1.255,936.342725,1.341785,2.999134,2.345456
253,1.26,982.581872,1.353035,3.01086,2.344851
254,1.265,1017.261232,1.364757,3.022583,2.344219
255,1.27,1017.261232,1.376679,3.034302,2.343575
256,1.275,1005.701445,1.38853,3.046018,2.342934
257,1.28,982.581872,1.400174,3.057731,2.342306
258,1.285,994.141658,1.411748,3.069441,2.341681
259,1.29,959.462298,1.423183,3.081148,2.341065
260,1.295,982.581872,1.434548,3.092852,2.340452
261,1.3,971.022085,1.445977,3.104553,2.339835
262,1.305,947.902512,1.4572,3.11625,2.339231
263,1.31,971.022085,1.468421,3.127945,2.338626
264,1.315,994.141658,1.479909,3.139637,2.338005
265,1.32,994.141658,1.491529,3.151325,2.337377
266,1.325,1028.821019,1.503348,3.16301,2.336737
267,1.33,1017.261232,1.5153,3.174692,2.336088
268,1.335,1028.821019,1.527247,3.186371,2.33544
269,1.34,1040.380805,1.539327,3.198047,2.334784
270,1.345,1040.380805,1.551471,3.209719,2.334124
271,1.35,1063.500379,1.563746,3.221388,2.333456
272,1.355,1017.261232,1.575882,3.233054,2.332796
273,1.36,994.141658,1.587611,3.244716,2.33216
274,1.365,1028.821019,1.599404,3.256375,2.33152
275,1.37,959.462298,1.610992,3.268031,2.330891
276,1.375,971.022085,1.62224,3.279684,2.330283
277,1.38,982.581872,1.63362,3.291334,2.329666
278,1.385,1017.261232,1.645265,3.302981,2.329034
279,1.39,994.141658,1.656975,3.314624,2.328397
280,1.395,1017.261232,1.668682,3.326265,2.327761
281,1.4,1051.940592,1.680722,3.337902,2.327105
282,1.405,1098.179739,1.693229,3.349536,2.326421
283,1.41,1051.940592,1.705732,3.361166,2.325738
284,1.415,1086.619952,1.718165,3.372793,2.325058
285,1.42,1063.500379,1.730661,3.384417,2.324375
286,1.425,1063.500379,1.743019,3.396037,2.323699
287,1.43,1063.500379,1.755373,3.407654,2.323023
288,1.435,1017.261232,1.767456,3.419267,2.322363
289,1.44,1005.701445,1.779199,3.430877,2.321723
290,1.445,1040.380805,1.791074,3.442484,2.321075
291,1.45,1075.060165,1.803347,3.454088,2.320403
292,1.455,1109.739526,1.816019,3.465688,2.319708
293,1.46,1075.060165,1.828688,3.477285,2.319012
294,1.465,1098.179739,1.841285,3.488878,2.318321
295,1.47,1132.859099,1.854214,3.500468,2.317609
296,1.475,1167.538459,1.86754,3.512055,2.316875
297,1.48,1179.098246,1.88113,3.523637,2.316124
298,1.485,1132.859099,1.894515,3.535216,2.315385
299,1.49,1155.978672,1.907762,3.546791,2.314654
300,1.495,1109.739526,1.920871,3.558362,2.313932
301,1.5,1075.060165,1.933508,3.56993,2.313236
302,1.505,1098.179739,1.946074,3.581495,2.312545
303,1.51,1063.500379,1.958569,3.593056,2.311857
304,1.515,1086.619952,1.970994,3.604613,2.311173
305,1.52,1063.500379,1.983416,3.616167,2.31049
306,1.525,1098.179739,1.9959,3.627718,2.309802
307,1.53,1051.940592,2.008314,3.639266,2.309119
308,1.535,1086.619952,2.020658,3.650809,2.308439
309,1.54,1109.739526,2.033332,3.66235,2.30774
310,1.545,1144.418886,2.046335,3.673887,2.307021
311,1.55,1190.658033,2.0598,3.68542,2.306274
312,1.555,1202.217819,2.073594,3.696949,2.305508
313,1.56,1179.098246,2.087317,3.708475,2.304745
314,1.565,1213.777606,2.101102,3.719997,2.303979
315,1.57,1167.538459,2.114816,3.731515,2.303217
316,1.575,1132.859099,2.12806,3.743029,2.302482
317,1.58,1121.299312,2.141034,3.75454,2.301763
318,1.585,1109.739526,2.15387,3.766047,2.301052
319,1.59,1109.739526,2.166636,3.77755,2.300344
320,1.595,1086.619952,2.179265,3.78905,2.299645
321,1.6,1098.179739,2.191824,3.800547,2.29895
322,1.605,1167.538459,2.204843,3.81204,2.298227
323,1.61,1155.978672,2.218191,3.823529,2.297484
324,1.615,1155.978672,2.231468,3.835015,2.296745
325,1.62,1190.658033,2.24494,3.846496,2.295995
326,1.625,1225.337393,2.258806,3.857974,2.295221
327,1.63,1202.217819,2.272733,3.869449,2.294442
328,1.635,1155.978672,2.286257,3.880919,2.293688
329,1.64,1190.658033,2.299711,3.892385,2.292937
330,1.645,1236.89718,2.313624,3.903848,2.292159
331,1.65,1202.217819,2.327599,3.915307,2.291377
332,1.655,1155.978672,2.341106,3.926762,2.290623
333,1.66,1236.89718,2.354806,3.938213,2.289856
334,1.665,1225.337393,2.368899,3.949661,2.289066
335,1.67,1190.658033,2.382723,3.961104,2.288292
336,1.675,1179.098246,2.396277,3.972543,2.287534
337,1.68,1202.217819,2.409893,3.983979,2.286771
338,1.685,1260.016753,2.423967,3.995411,2.285981
339,1.69,1283.136326,2.438499,4.006839,2.285164
340,1.695,1283.136326,2.453157,4.018263,2.284339
341,1.7,1317.815687,2.468008,4.029682,2.283501
342,1.705,1306.2559,2.482985,4.041098,2.282656
343,1.71,1248.456966,2.497562,4.052509,2.281835
344,1.715,1329.375473,2.512264,4.063916,2.281005
345,1.72,1306.2559,2.527291,4.075319,2.280156
346,1.725,1294.696113,2.542115,4.086718,2.279319
347,1.73,1283.136326,2.556802,4.098112,2.27849
348,1.735,1317.815687,2.571614,4.109503,2.277653
349,1.74,1294.696113,2.586488,4.120889,2.276812
350,1.745,1329.375473,2.601421,4.132271,2.275966
351,1.75,1294.696113,2.616349,4.143648,2.275121
352,1.755,1352.495047,2.631403,4.155022,2.274268
353,1.76,1387.174407,2.646977,4.166391,2.273384
354,1.765,1387.174407,2.662742,4.177756,2.272488
355,1.77,1421.853767,2.678697,4.189116,2.27158
356,1.775,1433.413554,2.694909,4.200471,2.270656
357,1.78,1456.533127,2.71131,4.211822,2.26972
358,1.785,1491.212487,2.728033,4.223169,2.268765
359,1.79,1421.853767,2.744553,4.23451,2.267821
360,1.795,1479.652701,2.760999,4.245847,2.266881
361,1.8,1444.97334,2.77757,4.257179,2.265934
362,1.805,1444.97334,2.793938,4.268506,2.264998
363,1.81,1410.29398,2.810103,4.279829,2.264074
364,1.815,1387.174407,2.825934,4.291147,2.26317
365,1.82,1352.495047,2.841432,4.302461,2.262286
366,1.825,1398.734194,2.856989,4.31377,2.261397
367,1.83,1410.29398,2.872866,4.325075,2.260489
368,1.835,1421.853767,2.888868,4.336375,2.259573
369,1.84,1491.212487,2.90532,4.34767,2.25863
370,1.845,1491.212487,2.922157,4.358961,2.257662
371,1.85,1502.772274,2.939052,4.370247,2.256691
372,1.855,1502.772274,2.956005,4.381528,2.255716
373,1.86,1479.652701,2.97282,4.392804,2.254749
374,1.865,1479.652701,2.989498,4.404075,2.25379
375,1.87,1525.891848,3.006429,4.415342,2.252815
376,1.875,1433.413554,3.023092,4.426604,2.251855
377,1.88,1387.174407,3.038968,4.437861,2.250943
378,1.885,1433.413554,3.054837,4.449113,2.250031
379,1.89,1444.97334,3.071025,4.460361,2.249099
380,1.895,1340.93526,3.086686,4.471604,2.248199
381,1.9,1294.696113,3.101497,4.482843,2.24735
382,1.905,1433.413554,3.116822,4.494077,2.24647
383,1.91,1572.130994,3.133697,4.505307,2.245495
384,1.915,1572.130994,3.151344,4.516532,2.244472
385,1.92,1537.451634,3.168789,4.527752,2.243462
386,1.925,1595.250568,3.186355,4.538967,2.242443
387,1.93,1641.489715,3.204496,4.550176,2.24139
388,1.935,1595.250568,3.222629,4.561381,2.240336
389,1.94,1572.130994,3.240365,4.57258,2.239305
390,1.945,1560.571208,3.257899,4.583774,2.238287
391,1.95,1537.451634,3.275231,4.594963,2.23728
392,1.955,1502.772274,3.292231,4.606147,2.236294
393,1.96,1433.413554,3.308644,4.617326,2.235342
394,1.965,1364.054833,3.324274,4.6285,2.234438
395,1.97,1468.092914,3.340091,4.63967,2.233522
396,1.975,1514.332061,3.356741,4.650835,2.232555
397,1.98,1549.011421,3.373834,4.661996,2.23156
398,1.985,1549.011421,3.391114,4.673151,2.230553
399,1.99,1629.929928,3.408837,4.684301,2.229519
400,1.995,1710.848435,3.427453,4.695446,2.22843
401,2,1699.288648,3.446446,4.706585,2.227317
402,2.005,1653.049501,3.465109,4.717719,2.226224
403,2.01,1745.527795,3.484019,4.728848,2.225115
404,2.015,1768.647369,3.503562,4.73997,2.223966
405,2.02,1664.609288,3.522646,4.751087,2.222846
406,2.025,1618.370141,3.540886,4.762199,2.221776
407,2.03,1560.571208,3.558539,4.773305,2.220742
408,2.035,1502.772274,3.575543,4.784406,2.219747
409,2.04,1491.212487,3.592154,4.795503,2.218776
410,2.045,1468.092914,3.608565,4.806594,2.217817
411,2.05,1537.451634,3.625226,4.817681,2.216842
412,2.055,1618.370141,3.642712,4.828762,2.215815
413,2.06,1653.049501,3.660829,4.839839,2.21475
414,2.065,1676.169075,3.679258,4.85091,2.213664
415,2.07,1641.489715,3.697614,4.861975,2.212583
416,2.075,1757.087582,3.716409,4.873036,2.211474
417,2.08,1791.766942,3.736024,4.88409,2.210314
418,2.085,1768.647369,3.755693,4.895139,2.20915
419,2.09,1757.087582,3.77516,4.906182,2.207997
420,2.095,1745.527795,3.794489,4.917219,2.206853
421,2.1,1710.848435,3.813554,4.92825,2.205724
422,2.105,1653.049501,3.832099,4.939276,2.204627
423,2.11,1583.690781,3.849934,4.950297,2.203573
424,2.115,1606.810355,3.867506,4.961312,2.202535
425,2.12,1653.049501,3.885452,4.972322,2.201473
426,2.125,1653.049501,3.903643,4.983327,2.200396
427,2.13,1629.929928,3.921698,4.994326,2.199326
428,2.135,1676.169075,3.939872,5.00532,2.198249
429,2.14,1745.527795,3.958671,5.016308,2.197132
430,2.145,1768.647369,3.977969,5.027291,2.195983
431,2.15,1814.886516,3.997637,5.038268,2.194811
432,2.155,1895.805023,4.017992,5.049239,2.193596
433,2.16,1849.565876,4.038526,5.060204,2.192369
434,2.165,1872.685449,4.058922,5.071163,2.19115
435,2.17,1838.006089,4.079243,5.082115,2.189934
436,2.175,1814.886516,4.099236,5.093062,2.188739
437,2.18,1733.968009,4.11865,5.104003,2.187578
438,2.185,1768.647369,4.137801,5.114938,2.186434
439,2.19,1710.848435,4.156815,5.125867,2.185297
440,2.195,1641.489715,4.175125,5.136791,2.184204
441,2.2,1699.288648,4.193363,5.147709,2.183115
442,2.205,1757.087582,4.212222,5.158622,2.181986
443,2.21,1687.728862,4.231009,5.169529,2.180861
444,2.215,1768.647369,4.249848,5.180431,2.179733
445,2.22,1838.006089,4.269497,5.191326,2.178553
446,2.225,1918.924596,4.289952,5.202216,2.177322
447,2.23,1953.603956,4.311026,5.213099,2.176051
448,2.235,1884.245236,4.331898,5.223977,2.174793
449,2.24,1884.245236,4.352381,5.234847,2.173558
450,2.245,1861.125662,4.372728,5.245712,2.17233
451,2.25,1826.446302,4.392749,5.256571,2.171123
452,2.255,1791.766942,4.412382,5.267423,2.169939
453,2.26,1780.207155,4.431755,5.27827,2.168771
454,2.265,1791.766942,4.451116,5.289111,2.167603
455,2.27,1803.326729,4.470593,5.299946,2.166427
456,2.275,1745.527795,4.489809,5.310776,2.165267
457,2.28,1745.527795,4.508701,5.321599,2.164126
458,2.285,1814.886516,4.527959,5.332417,2.162962
459,2.29,1907.364809,4.548081,5.343228,2.161743
460,2.295,1942.044169,4.568878,5.354034,2.16048
461,2.3,1988.283316,4.590101,5.364833,2.15919
462,2.305,1999.843103,4.611622,5.375626,2.15788
463,2.31,2011.40289,4.633255,5.386412,2.156562
464,2.315,1999.843103,4.654874,5.397191,2.155245
465,2.32,1930.484383,4.676045,5.407964,2.153954
466,2.325,1895.805023,4.696643,5.418731,2.1527
467,2.33,1918.924596,4.717167,5.429492,2.151449
468,2.335,1907.364809,4.737741,5.440246,2.150194
469,2.34,1872.685449,4.758055,5.450993,2.148955
470,2.345,1803.326729,4.777799,5.461735,2.147752
471,2.35,1838.006089,4.797345,5.472471,2.14656
472,2.355,1849.565876,4.817128,5.483201,2.145353
473,2.36,1907.364809,4.837272,5.493924,2.144121
474,2.365,1988.283316,4.858148,5.504642,2.142843
475,2.37,2046.08225,4.879754,5.515353,2.141517
476,2.375,2080.76161,4.901841,5.526057,2.14016
477,2.38,2103.881184,4.924223,5.536754,2.138783
478,2.385,2034.522463,4.946344,5.547445,2.137422
479,2.39,1999.843103,4.967895,5.558129,2.136097
480,2.395,2092.321397,4.989741,5.568806,2.134751
481,2.4,2011.40289,5.011636,5.579476,2.133402
482,2.405,2034.522463,5.033208,5.59014,2.132073
483,2.41,1953.603956,5.054459,5.600797,2.130763
484,2.415,1942.044169,5.075204,5.611448,2.129484
485,2.42,1895.805023,5.09563,5.622092,2.128226
486,2.425,1884.245236,5.115736,5.63273,2.126987
487,2.43,1976.72353,5.136261,5.643362,2.12572
488,2.435,2046.08225,5.157632,5.653987,2.124398
489,2.44,2115.44097,5.179727,5.664606,2.12303
490,2.445,2150.12033,5.202359,5.675217,2.121625
491,2.45,2173.239904,5.225283,5.685822,2.120201
492,2.455,2184.799691,5.248375,5.696419,2.118765
493,2.46,2196.359477,5.271573,5.707009,2.117321
494,2.465,2161.680117,5.294634,5.717592,2.115885
495,2.47,2184.799691,5.317618,5.728168,2.114453
496,2.475,2184.799691,5.340708,5.738737,2.113014
497,2.48,2138.560544,5.363539,5.749298,2.111589
498,2.485,2080.76161,5.385805,5.759853,2.110201
499,2.49,1999.843103,5.407326,5.770401,2.108859
500,2.495,2011.40289,5.428467,5.780942,2.107542
501,2.5,2046.08225,5.449839,5.791476,2.106208
502,2.505,2080.76161,5.471562,5.802004,2.104851
503,2.51,2127.000757,5.493696,5.812524,2.103466
504,2.515,2138.560544,5.51612,5.823038,2.102062
505,2.52,2242.598624,5.539135,5.833545,2.100618
506,2.525,2207.919264,5.562499,5.844044,2.099151
507,2.53,2242.598624,5.585847,5.854536,2.097683
508,2.535,2254.158411,5.60942,5.865021,2.0962
509,2.54,2231.038837,5.632917,5.875498,2.094721
510,2.545,2196.359477,5.656094,5.885968,2.093261
511,2.55,2219.479051,5.679195,5.896431,2.091806
512,2.555,2161.680117,5.702098,5.906886,2.090362
513,2.56,2127.000757,5.724503,5.917335,2.08895
514,2.565,2092.321397,5.746531,5.927776,2.087561
515,2.57,2080.76161,5.768302,5.93821,2.086188
516,2.575,2127.000757,5.790241,5.948638,2.084803
517,2.58,2173.239904,5.812646,5.959058,2.083387
518,2.585,2207.919264,5.835457,5.969472,2.081943
519,2.59,2277.277984,5.858793,5.979878,2.080464
520,2.595,2265.718198,5.882414,5.990276,2.078965
521,2.6,2288.837771,5.906077,6.000667,2.077462
522,2.605,2300.397558,5.929903,6.011051,2.075947
523,2.61,2277.277984,5.953652,6.021427,2.074437
524,2.615,2335.076918,5.977563,6.031795,2.072914
525,2.62,2288.837771,6.001517,6.042156,2.071388
526,2.625,2207.919264,6.024795,6.052509,2.069904
527,2.63,2173.239904,6.047459,6.062855,2.068461
528,2.635,2138.560544,6.069748,6.073194,2.06704
529,2.64,2103.881184,6.091664,6.083525,2.065644
530,2.645,2150.12033,6.113625,6.09385,2.064243
531,2.65,2150.12033,6.135809,6.104168,2.062827
532,2.655,2219.479051,6.158335,6.114478,2.061387
533,2.66,2196.359477,6.181084,6.124782,2.059932
534,2.665,2265.718198,6.204055,6.135078,2.05846
535,2.67,2300.397558,6.227544,6.145366,2.056954
536,2.675,2300.397558,6.251194,6.155647,2.055435
537,2.68,2346.636705,6.275064,6.165921,2.053901
538,2.685,2346.636705,6.299154,6.176186,2.05235
539,2.69,2346.636705,6.323226,6.186444,2.0508
540,2.695,2381.316065,6.347457,6.196694,2.049238
541,2.7,2311.957345,6.371492,6.206936,2.047688
542,2.705,2254.158411,6.394858,6.217171,2.046181
543,2.71,2207.919264,6.417676,6.227398,2.04471
544,2.715,2173.239904,6.440063,6.237618,2.043266
545,2.72,2196.359477,6.462376,6.247831,2.041826
546,2.725,2265.718198,6.485145,6.258036,2.040355
547,2.73,2265.718198,6.50825,6.268235,2.03886
548,2.735,2288.837771,6.531457,6.278425,2.037357
549,2.74,2346.636705,6.555058,6.288608,2.035827
550,2.745,2323.517131,6.578819,6.298783,2.034284
551,2.75,2427.555212,6.602972,6.308951,2.032714
552,2.755,2485.354145,6.627928,6.31911,2.03109
553,2.76,2485.354145,6.653158,6.329262,2.029445
554,2.765,2439.114998,6.678132,6.339405,2.027816
555,2.77,2415.995425,6.702736,6.34954,2.026211
556,2.775,2404.435638,6.727144,6.359667,2.024617
557,2.78,2369.756278,6.7513,6.369786,2.023039
558,2.785,2369.756278,6.775261,6.379897,2.021474
559,2.79,2288.837771,6.798795,6.390001,2.019935
560,2.795,2381.316065,6.82237,6.400097,2.018393
561,2.8,2323.517131,6.846101,6.410185,2.016839
562,2.805,2311.957345,6.869465,6.420265,2.015308
563,2.81,2323.517131,6.892811,6.430338,2.013778
564,2.815,2300.397558,6.916081,6.440403,2.012251
565,2.82,2427.555212,6.939856,6.45046,2.010689
566,2.825,2462.234572,6.964426,6.46051,2.009072
567,2.83,2531.593292,6.989497,6.470551,2.00742
568,2.835,2520.033506,7.014839,6.480584,2.005748
569,2.84,2496.913932,7.039985,6.490608,2.004087
570,2.845,2392.875852,7.064474,6.500625,2.00247
571,2.85,2323.517131,7.088077,6.510633,2.000912
572,2.855,2127.000757,7.110331,6.520634,1.999445
573,2.86,2184.799691,7.131877,6.530628,1.998024
574,2.865,2277.277984,7.154157,6.540614,1.996553
575,2.87,2404.435638,7.177516,6.550593,1.995007
576,2.875,2358.196491,7.20126,6.560564,1.993433
577,2.88,2392.875852,7.224928,6.570528,1.991863
578,2.885,2473.794359,7.249152,6.580483,1.990254
579,2.89,2508.473719,7.273932,6.59043,1.988605
580,2.895,2531.593292,7.298978,6.600369,1.986937
581,2.9,2589.392226,7.324405,6.610299,1.985241
582,2.905,2681.87052,7.350555,6.620221,1.983494
583,2.91,2600.952013,7.37674,6.630134,1.981743
584,2.915,2554.712866,7.402272,6.640039,1.980035
585,2.92,2392.875852,7.426753,6.649935,1.978399
586,2.925,2392.875852,7.450414,6.659823,1.976817
587,2.93,2335.076918,7.473771,6.669703,1.975255
588,2.935,2358.196491,7.496937,6.679575,1.973705
589,2.94,2369.756278,7.520257,6.68944,1.972143
590,2.945,2485.354145,7.544185,6.699297,1.970537
591,2.95,2496.913932,7.568719,6.709145,1.968889
592,2.955,2543.153079,7.593516,6.718986,1.967221
593,2.96,2520.033506,7.618407,6.728817,1.965544
594,2.965,2600.952013,7.64356,6.738641,1.963848
595,2.97,2739.669453,7.669768,6.748456,1.962078
596,2.975,2739.669453,7.696633,6.758262,1.96026
597,2.98,2658.750946,7.723077,6.768058,1.958469
598,2.985,2635.631373,7.748987,6.777846,1.956714
599,2.99,2635.631373,7.774762,6.787626,1.954967
600,2.995,2508.473719,7.799892,6.797396,1.953264
601,3,2450.674785,7.824099,6.807158,1.951623
602,3.005,2439.114998,7.847946,6.816912,1.950006
603,3.01,2496.913932,7.871999,6.826658,1.948373
604,3.015,2496.913932,7.896314,6.836396,1.94672
605,3.02,2508.473719,7.920663,6.846126,1.945064
606,3.025,2577.832439,7.945386,6.855847,1.94338
607,3.03,2589.392226,7.970479,6.865559,1.941668
608,3.035,2681.87052,7.996055,6.875263,1.939921
609,3.04,2670.310733,8.022,6.884958,1.938146
610,3.045,2728.109666,8.048145,6.894645,1.936356
611,3.05,2693.430306,8.074378,6.904322,1.934558
612,3.055,2704.990093,8.100475,6.91399,1.932767
613,3.06,2670.310733,8.126436,6.92365,1.930985
614,3.065,2543.153079,8.151593,6.9333,1.929257
615,3.07,2508.473719,8.175947,6.942942,1.927585
616,3.075,2543.153079,8.20028,6.952576,1.925913
617,3.08,2508.473719,8.224592,6.962201,1.92424
618,3.085,2508.473719,8.248716,6.971819,1.92258
619,3.09,2554.712866,8.273042,6.981427,1.920904
620,3.095,2554.712866,8.297568,6.991028,1.919212
621,3.1,2600.952013,8.322293,7.000619,1.917504
622,3.105,2577.832439,8.347108,7.010203,1.915789
623,3.11,2624.071586,8.372011,7.019777,1.914065
624,3.115,2658.750946,8.397279,7.029343,1.912314
625,3.12,2716.54988,8.422965,7.0389,1.910532
626,3.125,2716.54988,8.448903,7.048448,1.908729
627,3.13,2704.990093,8.474761,7.057988,1.906931
628,3.135,2704.990093,8.50054,7.067518,1.905137
629,3.14,2612.511799,8.525855,7.077039,1.903374
630,3.145,2600.952013,8.550652,7.086552,1.901646
631,3.15,2600.952013,8.575371,7.096055,1.899923
632,3.155,2647.191159,8.600287,7.105551,1.898184
633,3.16,2647.191159,8.6254,7.115037,1.896429
634,3.165,2647.191159,8.65049,7.124515,1.894674
635,3.17,2589.392226,8.675282,7.133984,1.892939
636,3.175,2624.071586,8.699943,7.143444,1.891211
637,3.18,2681.87052,8.725018,7.152896,1.889452
638,3.185,2728.109666,8.75056,7.162339,1.887658
639,3.19,2797.468387,8.776623,7.171773,1.885824
640,3.195,2797.468387,8.802988,7.181197,1.883967
641,3.2,2866.827107,8.829653,7.190612,1.882086
642,3.205,2762.789027,8.856129,7.200018,1.880217
643,3.21,2751.22924,8.882035,7.209414,1.878387
644,3.215,2762.789027,8.907916,7.218802,1.876557
645,3.22,2774.348813,8.93388,7.22818,1.874719
646,3.225,2762.789027,8.959819,7.237549,1.872882
647,3.23,2774.348813,8.985732,7.246909,1.871044
648,3.235,2635.631373,9.011026,7.25626,1.86925
649,3.24,2704.990093,9.035971,7.265601,1.867479
650,3.245,2751.22924,9.061432,7.274934,1.865669
651,3.25,2774.348813,9.087192,7.284258,1.863835
652,3.255,2820.58796,9.113249,7.293573,1.861978
653,3.26,2889.946681,9.139818,7.302878,1.860081
654,3.265,2936.185827,9.166896,7.312173,1.858145
655,3.27,2924.626041,9.194107,7.321459,1.856197
656,3.275,2970.865188,9.221451,7.330735,1.854237
657,3.28,2947.745614,9.248873,7.340001,1.852269
658,3.285,2936.185827,9.276105,7.349258,1.850313
659,3.29,2901.506467,9.303095,7.358505,1.848373
660,3.295,2959.305401,9.330163,7.367742,1.846425
661,3.3,2889.946681,9.357149,7.376969,1.844481
662,3.305,2889.946681,9.383787,7.386186,1.842561
663,3.31,2878.386894,9.410345,7.395395,1.840644
664,3.315,2878.386894,9.436822,7.404593,1.838732
665,3.32,2947.745614,9.463589,7.413782,1.836796
666,3.325,2959.305401,9.4907,7.422961,1.834832
667,3.33,3028.664121,9.518152,7.43213,1.832841
668,3.335,3017.104334,9.545839,7.441289,1.83083
669,3.34,3040.223908,9.573549,7.450438,1.828815
670,3.345,3086.463055,9.601544,7.459577,1.826776
671,3.35,3063.343481,9.629614,7.468706,1.82473
672,3.355,3028.664121,9.65739,7.477825,1.822703
673,3.36,2993.984761,9.684818,7.486933,1.8207
674,3.365,3005.544548,9.712112,7.496032,1.818705
675,3.37,2970.865188,9.73927,7.50512,1.816717
676,3.375,2924.626041,9.766032,7.514199,1.814758
677,3.38,2820.58796,9.792084,7.523268,1.812849
678,3.385,2843.707534,9.817742,7.532327,1.810968
679,3.39,2936.185827,9.843896,7.541377,1.809048
680,3.395,2993.984761,9.870701,7.550418,1.807076
681,3.4,3074.903268,9.898103,7.559448,1.805057
682,3.405,3086.463055,9.925891,7.568468,1.803007
683,3.41,3167.381562,9.954064,7.577478,1.800925
684,3.415,3155.821775,9.982516,7.586477,1.798819
685,3.42,3178.941349,10.010987,7.595466,1.79671
686,3.425,3121.142415,10.03927,7.604445,1.794612
687,3.43,3155.821775,10.067415,7.613412,1.792522
688,3.435,3178.941349,10.095786,7.62237,1.790413
689,3.44,3098.022842,10.123866,7.631317,1.788323
690,3.445,3005.544548,10.151138,7.640253,1.786292
691,3.45,2993.984761,10.177916,7.64918,1.784297
692,3.455,2982.424974,10.20456,7.658096,1.78231
693,3.46,2993.984761,10.231175,7.667003,1.780323
694,3.465,3017.104334,10.257914,7.675899,1.778323
695,3.47,3074.903268,10.284982,7.684786,1.776297
696,3.475,3167.381562,10.312686,7.693662,1.774219
697,3.48,3155.821775,10.340716,7.702528,1.772113
698,3.485,3190.501135,10.368816,7.711383,1.77
699,3.49,3202.060922,10.397086,7.720228,1.767871
700,3.495,3236.740282,10.425526,7.729062,1.765726
701,3.5,3259.859856,10.454186,7.737885,1.763561
702,3.505,3190.501135,10.482608,7.746698,1.761412
703,3.51,3178.941349,10.510639,7.755499,1.759291
704,3.515,3098.022842,10.53823,7.764291,1.757201
705,3.52,3028.664121,10.56513,7.773072,1.755163
706,3.525,2993.984761,10.591541,7.781842,1.753159
707,3.53,2936.185827,10.617518,7.790603,1.751188
708,3.535,2982.424974,10.643415,7.799354,1.74922
709,3.54,3063.343481,10.669838,7.808095,1.747209
710,3.545,3086.463055,10.696685,7.816826,1.745163
711,3.55,3074.903268,10.723551,7.825547,1.743112
712,3.555,3098.022842,10.750435,7.834257,1.741058
713,3.56,3202.060922,10.77784,7.842957,1.73896
714,3.565,3213.620709,10.805715,7.851647,1.736823
715,3.57,3121.142415,10.833204,7.860326,1.734714
716,3.575,3155.821775,10.860409,7.868994,1.732624
717,3.58,3144.261988,10.887682,7.877652,1.730526
718,3.585,3132.702202,10.914822,7.886299,1.728437
719,3.59,3063.343481,10.94158,7.894936,1.726374
720,3.595,2982.424974,10.967658,7.903563,1.724363
721,3.6,2970.865188,10.993307,7.91218,1.722384
722,3.605,2913.066254,11.018629,7.920787,1.720428
723,3.61,2936.185827,11.043773,7.929384,1.718484
724,3.615,3028.664121,11.069384,7.937972,1.716501
725,3.62,3063.343481,11.095511,7.946549,1.714474
726,3.625,3063.343481,11.121755,7.955117,1.712435
727,3.63,3086.463055,11.148067,7.963674,1.710389
728,3.635,3098.022842,11.174496,7.97222,1.708331
729,3.64,3144.261988,11.201139,7.980757,1.706253
730,3.645,3190.501135,11.228144,7.989283,1.704143
731,3.65,3225.180495,11.25546,7.997798,1.702006
732,3.655,3178.941349,11.282693,8.006303,1.699873
733,3.66,3167.381562,11.309646,8.014797,1.69776
734,3.665,3155.821775,11.336468,8.023281,1.695654
735,3.67,3074.903268,11.362865,8.031754,1.69358
736,3.675,3051.783695,11.388789,8.040216,1.691542
737,3.68,3040.223908,11.414536,8.048669,1.689515
738,3.685,3109.582628,11.440496,8.057112,1.687468
739,3.69,3167.381562,11.466959,8.065544,1.685379
740,3.695,3213.620709,11.493828,8.073965,1.683253
741,3.7,3225.180495,11.520906,8.082376,1.681108
742,3.705,3294.539216,11.548289,8.090776,1.678936
743,3.71,3294.539216,11.575928,8.099165,1.67674
744,3.715,3329.218576,11.603675,8.107544,1.674532
745,3.72,3352.338149,11.631628,8.115911,1.672304
746,3.725,3398.577296,11.659833,8.124267,1.670053
747,3.73,3433.256656,11.688337,8.132611,1.667774
748,3.735,3375.457723,11.716706,8.140944,1.665503
749,3.74,3317.658789,11.744556,8.149266,1.663272
750,3.745,3306.099003,11.772081,8.157577,1.661064
751,3.75,3363.897936,11.79976,8.165877,1.65884
752,3.755,3363.897936,11.827642,8.174165,1.656597
753,3.76,3398.577296,11.85563,8.182443,1.654341
754,3.765,3398.577296,11.883723,8.190709,1.652074
755,3.77,3398.577296,11.911777,8.198964,1.649807
756,3.775,3352.338149,11.939602,8.207207,1.647556
757,3.78,3433.256656,11.967532,8.215439,1.645293
758,3.785,3467.936017,11.995898,8.22366,1.642991
759,3.79,3571.974097,12.024794,8.231869,1.640641
760,3.795,3537.294737,12.053932,8.240066,1.638267
761,3.8,3560.41431,12.082981,8.248252,1.635898
762,3.805,3467.936017,12.111705,8.256425,1.633552
763,3.81,3502.615377,12.140151,8.264587,1.631226
764,3.815,3421.69687,12.168369,8.272737,1.628916
765,3.82,3410.137083,12.196171,8.280876,1.626637
766,3.825,3294.539216,12.223418,8.289004,1.624401
767,3.83,3375.457723,12.250486,8.29712,1.622178
768,3.835,3317.658789,12.277611,8.305226,1.619946
769,3.84,3294.539216,12.304371,8.31332,1.617742
770,3.845,3340.778363,12.331188,8.321403,1.61553
771,3.85,3421.69687,12.358482,8.329475,1.613275
772,3.855,3456.37623,12.386202,8.337536,1.610981
773,3.86,3502.615377,12.414209,8.345585,1.608658
774,3.865,3491.05559,12.442315,8.353622,1.606324
775,3.87,3410.137083,12.470009,8.361648,1.604022
776,3.875,3444.816443,12.497478,8.369663,1.601735
777,3.88,3398.577296,12.524862,8.377666,1.599452
778,3.885,3375.457723,12.55193,8.385657,1.597193
779,3.89,3282.979429,12.578498,8.393638,1.594974
780,3.895,3329.218576,12.604846,8.401607,1.59277
781,3.9,3352.338149,12.631433,8.409565,1.590542
782,3.905,3282.979429,12.657799,8.417512,1.58833
783,3.91,3317.658789,12.68399,8.425449,1.58613
784,3.915,3271.419642,12.7101,8.433374,1.583934
785,3.92,3317.658789,12.736174,8.441288,1.581738
786,3.925,3329.218576,12.762439,8.449191,1.579522
787,3.93,3340.778363,12.788759,8.457083,1.577298
788,3.935,3387.01751,12.81527,8.464964,1.575055
789,3.94,3421.69687,12.842061,8.472834,1.572784
790,3.945,3421.69687,12.868949,8.480692,1.570501
791,3.95,3317.658789,12.895391,8.488539,1.568254
792,3.955,3352.338149,12.921523,8.496374,1.56603
793,3.96,3317.658789,12.947618,8.504199,1.563806
794,3.965,3248.300069,12.97327,8.512013,1.561618
795,3.97,3271.419642,12.998705,8.519815,1.559446
796,3.975,3236.740282,13.024061,8.527607,1.557277
797,3.98,3178.941349,13.049021,8.535388,1.55514
798,3.985,3236.740282,13.073947,8.543158,1.553003
799,3.99,3213.620709,13.098973,8.550918,1.550854
800,3.995,3317.658789,13.124278,8.558667,1.548678
801,4,3352.338149,13.150083,8.566405,1.546454
802,4.005,3387.01751,13.17612,8.574131,1.544207
803,4.01,3363.897936,13.202163,8.581847,1.541955
804,4.015,3444.816443,13.22839,8.589551,1.539685
805,4.02,3387.01751,13.254668,8.597244,1.537406
806,4.025,3375.457723,13.280641,8.604925,1.53515
807,4.03,3306.099003,13.306265,8.612595,1.532923
808,4.035,3294.539216,13.331543,8.620254,1.530723
809,4.04,3329.218576,13.356872,8.627902,1.528515
810,4.045,3317.658789,13.382253,8.635539,1.526299
811,4.05,3294.539216,13.407466,8.643165,1.524095
812,4.055,3259.859856,13.432422,8.65078,1.521911
813,4.06,3282.979429,13.457298,8.658385,1.51973
814,4.065,3317.658789,13.482358,8.665978,1.51753
815,4.07,3340.778363,13.5076,8.67356,1.515311
816,4.075,3387.01751,13.533068,8.681131,1.513067
817,4.08,3421.69687,13.558803,8.68869,1.510796
818,4.085,3525.73495,13.585023,8.696239,1.508478
819,4.09,3502.615377,13.611508,8.703775,1.506132
820,4.095,3467.936017,13.637734,8.7113,1.503806
821,4.1,3444.816443,13.663703,8.718813,1.5015
822,4.105,3421.69687,13.689459,8.726315,1.499209
823,4.11,3306.099003,13.714656,8.733805,1.496966
824,4.115,3282.979429,13.739297,8.741285,1.494769
825,4.12,3213.620709,13.763557,8.748753,1.492605
826,4.125,3282.979429,13.787781,8.756211,1.49044
827,4.13,3306.099003,13.812315,8.763657,1.488244
828,4.135,3352.338149,13.83707,8.771093,1.486024
829,4.14,3340.778363,13.861916,8.778518,1.483793
830,4.145,3375.457723,13.886811,8.785931,1.481553
831,4.15,3467.936017,13.912139,8.793333,1.479271
832,4.155,3548.854524,13.938067,8.800724,1.476929
833,4.16,3525.73495,13.964168,8.808102,1.474567
834,4.165,3525.73495,13.990142,8.815469,1.472214
835,4.17,3514.175163,14.016032,8.822825,1.469864
836,4.175,3525.73495,14.04188,8.830168,1.467514
837,4.18,3375.457723,14.06718,8.8375,1.465212
838,4.185,3294.539216,14.091594,8.84482,1.462988
839,4.19,3306.099003,14.115718,8.85213,1.460788
840,4.195,3352.338149,14.140015,8.859428,1.458568
841,4.2,3329.218576,14.164361,8.866715,1.45634
842,4.205,3340.778363,14.188626,8.873992,1.454117
843,4.21,3467.936017,14.213358,8.881256,1.451846
844,4.215,3537.294737,14.238764,8.88851,1.449508
845,4.22,3514.175163,14.264296,8.895751,1.447154
846,4.225,3502.615377,14.289662,8.902981,1.444812
847,4.23,3583.533884,14.315236,8.9102,1.442447
848,4.235,3571.974097,14.341018,8.917406,1.440058
849,4.24,3618.213244,14.366882,8.9246,1.437657
850,4.245,3548.854524,14.39262,8.931782,1.435264
851,4.25,3479.495803,14.417819,8.938953,1.432918
852,4.255,3491.05559,14.442769,8.946112,1.430592
853,4.26,3421.69687,14.467473,8.953259,1.428285
854,4.265,3352.338149,14.491642,8.960395,1.426026
855,4.27,3282.979429,14.515279,8.967519,1.423814
856,4.275,3352.338149,14.538879,8.974633,1.421602
857,4.28,3352.338149,14.562689,8.981735,1.419367
858,4.285,3375.457723,14.586543,8.988826,1.417124
859,4.29,3375.457723,14.610441,8.995906,1.414872
860,4.295,3433.256656,14.634505,9.002975,1.412601
861,4.3,3514.175163,14.65902,9.010032,1.410283
862,4.305,3433.256656,14.683495,9.017078,1.407965
863,4.31,3363.897936,14.707401,9.024112,1.405698
864,4.315,3363.897936,14.731025,9.031135,1.403455
865,4.32,3467.936017,14.754976,9.038146,1.401176
866,4.325,3491.05559,14.779332,9.045147,1.398854
867,4.33,3375.457723,14.803326,9.052135,1.396563
868,4.335,3352.338149,14.826797,9.059112,1.394319
869,4.34,3340.778363,14.850109,9.066078,1.392088
870,4.345,3271.419642,14.873103,9.073033,1.389884
871,4.35,3155.821775,14.895419,9.079977,1.387743
872,4.355,3155.821775,14.9173,9.086911,1.385641
873,4.36,3132.702202,14.939067,9.093834,1.383548
874,4.365,3202.060922,14.960962,9.100746,1.381438
875,4.37,3190.501135,14.983022,9.107648,1.379309
876,4.375,3294.539216,15.005366,9.114539,1.377148
877,4.38,3387.01751,15.028351,9.121419,1.374921
878,4.385,3479.495803,15.051934,9.128288,1.37263
879,4.39,3433.256656,15.075635,9.135146,1.370324
880,4.395,3467.936017,15.099258,9.141992,1.368021
881,4.4,3514.175163,15.123116,9.148826,1.365691
882,4.405,3514.175163,15.147092,9.155648,1.363345
883,4.41,3491.05559,15.170948,9.162459,1.361007
884,4.415,3352.338149,15.194214,9.169259,1.358725
885,4.42,3306.099003,15.216813,9.176047,1.356505
886,4.425,3294.539216,15.239179,9.182824,1.354305
887,4.43,3236.740282,15.261275,9.18959,1.352128
888,4.435,3167.381562,15.282906,9.196345,1.349995
889,4.44,3190.501135,15.304347,9.20309,1.347878
890,4.445,3213.620709,15.32591,9.209824,1.345745
891,4.45,3363.897936,15.34802,9.216547,1.343553
892,4.455,3340.778363,15.370522,9.223259,1.341317
893,4.46,3410.137083,15.393141,9.22996,1.339066
894,4.465,3583.533884,15.416532,9.23665,1.336732
895,4.47,3595.093671,15.4405,9.243327,1.334335
896,4.475,3606.653457,15.464503,9.249993,1.33193
897,4.48,3456.37623,15.488001,9.256647,1.329572
898,4.485,3410.137083,15.510805,9.263289,1.327282
899,4.49,3410.137083,15.533417,9.26992,1.325007
900,4.495,3433.256656,15.556066,9.276539,1.322724
901,4.5,3317.658789,15.578371,9.283147,1.320473
902,4.505,3306.099003,15.600219,9.289744,1.318265
903,4.51,3352.338149,15.622145,9.29633,1.316045
904,4.515,3375.457723,15.644261,9.302904,1.313802
905,4.52,3329.218576,15.666264,9.309468,1.311566
906,4.525,3306.099003,15.688002,9.31602,1.309354
907,4.53,3352.338149,15.709779,9.322561,1.307135
908,4.535,3491.05559,15.732122,9.329091,1.304852
909,4.54,3629.773031,15.75533,9.335609,1.302475
910,4.545,3583.533884,15.778796,9.342116,1.300066
911,4.55,3595.093671,15.802106,9.34861,1.297669
912,4.555,3560.41431,15.825299,9.355092,1.29528
913,4.56,3467.936017,15.848038,9.361563,1.292934
914,4.565,3329.218576,15.86999,9.368022,1.290667
915,4.57,3306.099,15.891381,9.37447,1.288455
916,4.575,3302.24574,15.912662,9.380907,1.286251
917,4.58,3269.10769,15.933869,9.387332,1.284051
918,4.585,3268.11685,15.954743,9.393747,1.281882
919,4.59,3281.69501,15.975361,9.400151,1.279737
920,4.595,3306.099,15.99598,9.406545,1.277588
921,4.6,3306.099,16.016823,9.412927,1.275412
922,4.605,3307.64031,16.037998,9.419299,1.273196
923,4.61,3293.85923,16.059174,9.425659,1.270976
924,4.615,3279.32897,16.080678,9.432008,1.268717
925,4.62,3264.81405,16.102328,9.438346,1.266439
926,4.625,3258.35206,16.123574,9.444673,1.264199
927,4.63,3264.94616,16.144453,9.450988,1.261995
928,4.635,3257.29101,16.165224,9.457293,1.259799
929,4.64,3214.81655,16.186103,9.463586,1.257587
930,4.645,3171.11053,16.206692,9.469869,1.255403
931,4.65,3152.66911,16.226702,9.47614,1.253278
932,4.655,3143.93171,16.246461,9.482401,1.251176
933,4.66,3138.95074,16.266187,9.488652,1.249074
934,4.665,3140.70513,16.285808,9.494892,1.246981
935,4.67,3137.21334,16.305288,9.501122,1.244899
936,4.675,3112.27095,16.324807,9.507341,1.242809
937,4.68,3076.70146,16.344616,9.51355,1.240684
938,4.685,3049.57012,16.364891,9.519748,1.238503
939,4.69,3027.72046,16.385561,9.525935,1.236276
940,4.695,3013.93106,16.405908,9.532111,1.23408
941,4.7,3014.70513,16.4254,9.538276,1.231974
942,4.705,3012.6906,16.443686,9.544431,1.229999
943,4.71,2999.25765,16.45992,9.550576,1.228248
944,4.715,2973.41226,16.474925,9.556714,1.22663
945,4.72,2949.83017,16.490476,9.562843,1.22495
946,4.725,2931.7821,16.507278,9.568963,1.223128
947,4.73,2914.489,16.524797,9.575074,1.221224
948,4.735,2903.92194,16.542535,9.581175,1.219292
949,4.74,2903.34933,16.560807,9.587266,1.217296
950,4.745,2898.25019,16.579226,9.593348,1.215281
951,4.75,2883.4542,16.597754,9.599419,1.213251
952,4.755,2868.21428,16.616567,9.60548,1.211185
953,4.76,2850.31313,16.635766,9.611531,1.209071
954,4.765,2833.90366,16.654932,9.617571,1.206958
955,4.77,2825.44022,16.673439,9.623601,1.204915
956,4.775,2824.48765,16.690801,9.62962,1.202999
957,4.78,2824.80388,16.706435,9.635631,1.201275
958,4.785,2818.99351,16.720625,9.641634,1.199713
959,4.79,2809.28794,16.734485,9.647628,1.198187
960,4.795,2795.56293,16.748811,9.653615,1.196605
961,4.8,2779.94226,16.763394,9.659594,1.194992
962,4.805,2767.0479,16.77813,9.665565,1.193359
963,4.81,2762.78903,16.793122,9.671528,1.191695
964,4.815,2761.62137,16.808402,9.677482,1.189995
965,4.82,2756.83745,16.824312,9.683428,1.18822
966,4.825,2747.68119,16.841399,9.689364,1.186308
967,4.83,2737.95265,16.859382,9.69529,1.184289
968,4.835,2727.42295,16.877404,9.701207,1.182262
969,4.84,2716.77879,16.894883,9.707113,1.180294
970,4.845,2703.73111,16.911413,9.71301,1.178433
971,4.85,2689.99671,16.926898,9.718898,1.17669
972,4.855,2676.14785,16.941239,9.724777,1.175077
973,4.86,2662.87127,16.954373,9.730649,1.173602
974,4.865,2651.42593,16.967152,9.736513,1.172166
975,4.87,2640.89623,16.980354,9.74237,1.170678
976,4.875,2631.73996,16.99398,9.74822,1.16914
977,4.88,2623.95713,17.007891,9.754062,1.167566
978,4.885,2617.08993,17.021581,9.759896,1.166016
979,4.89,2610.33719,17.035387,9.765722,1.16445
980,4.895,2603.01217,17.049579,9.77154,1.162837
981,4.9,2595.57271,17.064454,9.77735,1.161141
982,4.905,2588.24769,17.080515,9.783151,1.159304
983,4.91,2579.66369,17.097219,9.788943,1.157387
984,4.915,2570.27852,17.113829,9.794725,1.155479
985,4.92,2560.32108,17.129545,9.800498,1.153672
986,4.925,2550.59255,17.143938,9.806262,1.15202
987,4.93,2540.74956,17.157513,9.812018,1.150462
988,4.935,2531.47884,17.17087,9.817767,1.148927
989,4.94,2521.86476,17.184142,9.823508,1.147401
990,4.945,2513.85303,17.197033,9.829241,1.145918
991,4.95,2507.44364,17.20951,9.834967,1.144482
992,4.955,2503.89559,17.221938,9.840686,1.14305
993,4.96,2502.29324,17.234516,9.846397,1.141598
994,4.965,2504.69676,17.247835,9.852102,1.140056
995,4.97,2506.29911,17.262025,9.857798,1.138407
996,4.975,2505.95575,17.277081,9.863485,1.136652
997,4.98,2501.94988,17.292901,9.869164,1.134803
998,4.985,2498.17292,17.309022,9.874833,1.132914
999,4.99,2491.99244,17.325085,9.880493,1.131029
1000,4.995,2483.98071,17.340501,9.886144,1.129219
1001,5,2475.1678,17.355012,9.891786,1.127515
1002,5.005,2466.92716,17.368916,9.897419,1.125882
1003,5.01,2458.91543,17.382345,9.903045,1.124304
1004,5.015,2451.81932,17.395268,9.908662,1.122786
1005,5.02,2447.12673,17.407525,9.914273,1.121346
1006,5.025,2443.92204,17.419217,9.919876,1.119973
1007,5.03,2444.15095,17.430797,9.925472,1.118612
1008,5.035,2447.58455,17.442428,9.931062,1.117243
1009,5.04,2453.87948,17.454528,9.936645,1.115815
1010,5.045,2458.80097,17.467643,9.94222,1.114261
1011,5.05,2462.23457,17.481897,9.947787,1.112565
1012,5.055,2464.18028,17.496932,9.953345,1.110771
1013,5.06,2463.37911,17.511943,9.958895,1.108976
1014,5.065,2460.63223,17.526354,9.964435,1.107253
1015,5.07,2456.74081,17.540295,9.969967,1.105585
1016,5.075,2451.81932,17.553769,9.975491,1.103971
1017,5.08,2444.49431,17.566745,9.981007,1.102417
1018,5.085,2437.74156,17.579289,9.986515,1.100914
1019,5.09,2433.04897,17.591307,9.992016,1.099475
1020,5.095,2430.64545,17.602422,9.99751,1.098145
1021,5.1,2430.531,17.612699,10.002998,1.096918
1022,5.105,2432.59116,17.622964,10.00848,1.095691
1023,5.11,2437.16929,17.63366,10.013955,1.094408
1024,5.115,2444.03649,17.645039,10.019424,1.093039
1025,5.12,2449.64471,17.657476,10.024885,1.091536
1026,5.125,2453.30721,17.670683,10.030339,1.089935
1027,5.13,2455.02401,17.684311,10.035784,1.088279
1028,5.135,2454.68065,17.698264,10.041221,1.086579
1029,5.14,2453.87948,17.712415,10.04665,1.084851
1030,5.145,2451.01815,17.726544,10.05207,1.083124
1031,5.15,2448.38572,17.740243,10.057481,1.081448
1032,5.155,2444.37985,17.753454,10.062884,1.079831
1033,5.16,2439.45836,17.766146,10.06828,1.078277
1034,5.165,2434.42241,17.77826,10.073667,1.076793
1035,5.17,2430.30209,17.789922,10.079048,1.075365
1036,5.175,2428.92865,17.801382,10.084421,1.073961
1037,5.18,2431.56108,17.81292,10.089787,1.072545
1038,5.185,2434.76577,17.824845,10.095146,1.071077
1039,5.19,2437.97047,17.837248,10.100498,1.069547
1040,5.195,2440.37399,17.850343,10.105842,1.067926
1041,5.2,2443.23532,17.864035,10.111177,1.066226
1042,5.205,2444.60876,17.878197,10.116504,1.064463
1043,5.21,2444.15095,17.892613,10.121822,1.062665
1044,5.215,2442.43415,17.906851,10.12713,1.060886
1045,5.22,2438.88609,17.920881,10.132431,1.059131
1046,5.225,2434.19351,17.934644,10.137722,1.057408
1047,5.23,2428.47084,17.947987,10.143005,1.055736
1048,5.235,2422.74817,17.961036,10.148279,1.054099
1049,5.24,2417.36887,17.973699,10.153546,1.052509
1050,5.245,2413.363,17.985705,10.158805,1.051002
1051,5.25,2411.76065,17.997148,10.164056,1.049567
1052,5.255,2413.13409,18.008636,10.1693,1.048123
1053,5.26,2415.65207,18.020592,10.174537,1.046616
1054,5.265,2419.54348,18.033195,10.179766,1.045022
1055,5.27,2422.86263,18.046653,10.184987,1.043315
1056,5.275,2426.63959,18.060571,10.190199,1.041544
1057,5.28,2429.38647,18.074796,10.195402,1.03973
1058,5.285,2430.75991,18.089266,10.200596,1.03788
1059,5.29,2431.78999,18.104069,10.205781,1.035984
1060,5.295,2430.41655,18.118965,10.210956,1.034071
1061,5.3,2427.78412,18.133506,10.216122,1.032202
1062,5.305,2423.32044,18.147484,10.221278,1.030404
1063,5.31,2418.5134,18.160487,10.226426,1.028731
1064,5.315,2415.42316,18.172489,10.231566,1.027189
1065,5.32,2414.39308,18.18394,10.236698,1.025718
1066,5.325,2415.0798,18.195373,10.241823,1.024246
1067,5.33,2417.59777,18.206939,10.246941,1.022755
1068,5.335,2421.26028,18.218812,10.252051,1.021221
1069,5.34,2424.35052,18.231403,10.257153,1.019588
1070,5.345,2428.24193,18.244651,10.262246,1.017865
1071,5.35,2433.39233,18.258259,10.267331,1.01609
1072,5.355,2438.08492,18.272106,10.272407,1.01428
1073,5.36,2441.63297,18.286163,10.277474,1.012438
1074,5.365,2443.92204,18.300399,10.282531,1.010569
1075,5.37,2444.72321,18.31458,10.28758,1.008704
1076,5.375,2442.77751,18.328298,10.292619,1.006898
1077,5.38,2440.25953,18.341381,10.297649,1.005174
1078,5.385,2437.51265,18.353688,10.302671,1.003553
1079,5.39,2435.33804,18.365165,10.307685,1.002042
1080,5.395,2433.73569,18.376103,10.312691,1.000603
1081,5.4,2433.62124,18.386911,10.317691,0.999178
1082,5.405,2434.99468,18.398019,10.322683,0.997711
1083,5.41,2437.28375,18.409573,10.327668,0.996181
1084,5.415,2440.71735,18.421424,10.332645,0.994607
1085,5.42,2444.37985,18.433401,10.337614,0.993013
1086,5.425,2447.01228,18.44553,10.342575,0.991396
1087,5.43,2449.98807,18.458211,10.347527,0.9897
1088,5.435,2452.62049,18.471327,10.352472,0.987941
1089,5.44,2453.42167,18.484392,10.357407,0.986186
1090,5.445,2452.39159,18.497178,10.362333,0.984467
1091,5.45,2449.75916,18.509543,10.367252,0.982803
1092,5.455,2446.78337,18.521293,10.372162,0.981221
1093,5.46,2442.5486,18.532174,10.377064,0.979757
1094,5.465,2439.68726,18.542417,10.381959,0.978381
1095,5.47,2437.6271,18.552532,10.386848,0.977019
1096,5.475,2437.16929,18.562662,10.39173,0.975654
1097,5.48,2437.97046,18.573002,10.396604,0.974258
1098,5.485,2439.3439,18.583749,10.401472,0.972802
1099,5.49,2440.71734,18.594845,10.406332,0.971295
1100,5.495,2443.00641,18.606316,10.411185,0.969734
1101,5.5,2446.32556,18.618161,10.41603,0.968116
1102,5.505,2450.33142,18.630544,10.420866,0.966421
1103,5.51,2452.27713,18.643407,10.425694,0.964654
1104,5.515,2453.42166,18.65647,10.430512,0.962855
1105,5.52,2451.70486,18.669286,10.435322,0.961089
1106,5.525,2447.9279,18.681497,10.440123,0.959405
1107,5.53,2443.57868,18.693077,10.444916,0.957807
1108,5.535,2438.31382,18.703975,10.449702,0.956304
1109,5.54,2433.85014,18.714496,10.45448,0.954853
1110,5.545,2429.61537,18.724754,10.45925,0.953436
1111,5.55,2426.29622,18.734996,10.464014,0.95202
1112,5.555,2423.77825,18.745471,10.46877,0.950568
1113,5.56,2422.63372,18.756094,10.47352,0.949093
1114,5.565,2423.6638,18.767028,10.478261,0.947571
1115,5.57,2425.83841,18.778356,10.482995,0.945989
1116,5.575,2428.58529,18.790183,10.487721,0.944332
1117,5.58,2430.64545,18.802452,10.492438,0.942609
1118,5.585,2432.13334,18.814998,10.497147,0.940842
1119,5.59,2431.21772,18.827304,10.501847,0.939107
1120,5.595,2427.66966,18.839208,10.506538,0.937427
1121,5.6,2423.20598,18.85082,10.511221,0.935786
1122,5.605,2418.28449,18.861899,10.515896,0.93422
1123,5.61,2413.24854,18.872582,10.520564,0.932709
1124,5.615,2408.2126,18.883059,10.525223,0.931226
1125,5.62,2403.40556,18.893466,10.529876,0.929751
1126,5.625,2400.08641,18.903776,10.534521,0.928287
1127,5.63,2398.36961,18.913962,10.539159,0.92684
1128,5.635,2397.9118,18.924319,10.543789,0.925364
1129,5.64,2399.05633,18.935034,10.548412,0.923834
1130,5.645,2401.68876,18.946184,10.553027,0.922237
1131,5.65,2405.23681,18.957794,10.557634,0.920568
1132,5.655,2407.98369,18.969728,10.562233,0.918849
1133,5.66,2408.2126,18.981798,10.566823,0.917106
1134,5.665,2407.06806,18.993899,10.571404,0.915355
1135,5.67,2404.779,19.005818,10.575976,0.913627
1136,5.675,2402.37548,19.017162,10.58054,0.911982
1137,5.68,2399.51414,19.028169,10.585096,0.910385
1138,5.685,2395.50828,19.039235,10.589644,0.908776
1139,5.69,2392.41804,19.050125,10.594184,0.90719
1140,5.695,2390.12897,19.060577,10.598716,0.905668
1141,5.7,2388.52662,19.070829,10.603241,0.904173
1142,5.705,2388.52662,19.081142,10.607758,0.902666
1143,5.71,2390.70124,19.091489,10.612268,0.901151
1144,5.715,2394.4782,19.102079,10.616769,0.899597
1145,5.72,2399.28524,19.113015,10.621263,0.897988
1146,5.725,2403.52001,19.124319,10.625749,0.896319
1147,5.73,2407.06806,19.136041,10.630226,0.894584
1148,5.735,2408.67041,19.147819,10.634695,0.892837
1149,5.74,2408.78486,19.15947,10.639155,0.891106
1150,5.745,2407.86924,19.170996,10.643606,0.88939
1151,5.75,2406.15244,19.182397,10.648049,0.88769
1152,5.755,2403.86337,19.1937,10.652483,0.886002
1153,5.76,2401.00204,19.204726,10.656909,0.884354
1154,5.765,2398.02625,19.215501,10.661327,0.882741
1155,5.77,2395.16492,19.226002,10.665736,0.881167
1156,5.775,2393.79148,19.236129,10.670138,0.879648
1157,5.78,2393.90593,19.24606,10.674533,0.878157
1158,5.785,2395.62273,19.255924,10.67892,0.876674
1159,5.79,2399.05633,19.265973,10.6833,0.875159
1160,5.795,2402.48993,19.276535,10.687671,0.873562
1161,5.8,2406.7247,19.287431,10.692035,0.871909
1162,5.805,2408.78486,19.298407,10.696391,0.870241
1163,5.81,2410.38721,19.309387,10.700738,0.868569
1164,5.815,2410.27276,19.32032,10.705076,0.8669
1165,5.82,2409.24268,19.331133,10.709407,0.865248
1166,5.825,2406.83916,19.34185,10.713729,0.863607
1167,5.83,2403.63446,19.352522,10.718043,0.86197
1168,5.835,2400.54422,19.363024,10.722348,0.860357
1169,5.84,2397.22508,19.373135,10.726646,0.858803
1170,5.845,2395.05046,19.382756,10.730937,0.857324
1171,5.85,2392.7614,19.392163,10.73522,0.855876
1172,5.855,2392.41804,19.401579,10.739495,0.854424
1173,5.86,2394.13484,19.411078,10.743764,0.852957
1174,5.865,2396.4239,19.420732,10.748025,0.851462
1175,5.87,2398.59852,19.43059,10.752278,0.849931
1176,5.875,2400.31532,19.440774,10.756524,0.848346
1177,5.88,2401.45985,19.451232,10.760762,0.846713
1178,5.885,2402.60438,19.461769,10.764991,0.845064
1179,5.89,2402.48993,19.47226,10.769212,0.84342
1180,5.895,2401.45985,19.482706,10.773425,0.841779
1181,5.9,2399.17078,19.493205,10.77763,0.840126
1182,5.905,2395.73718,19.503611,10.781827,0.838486
1183,5.91,2392.18913,19.513561,10.786015,0.836916
1184,5.915,2388.64108,19.523058,10.790196,0.835417
1185,5.92,2385.32193,19.532273,10.794369,0.833961
1186,5.925,2383.14732,19.541327,10.798536,0.832529
1187,5.93,2383.26177,19.55039,10.802695,0.831093
1188,5.935,2383.37622,19.55958,10.806847,0.829634
1189,5.94,2383.49068,19.56909,10.810991,0.828119
1190,5.945,2384.06294,19.578917,10.815128,0.826549
1191,5.95,2385.55084,19.58882,10.819256,0.824964
1192,5.955,2386.35201,19.598847,10.823377,0.823354
1193,5.96,2386.35201,19.60914,10.82749,0.821698
1194,5.965,2385.55084,19.619483,10.831594,0.82003
1195,5.97,2384.29185,19.629828,10.83569,0.818357
1196,5.975,2382.11724,19.640153,10.839778,0.816685
1197,5.98,2378.68364,19.650221,10.843857,0.815052
1198,5.985,2374.44886,19.659916,10.847928,0.813478
1199,5.99,2370.55745,19.669241,10.851992,0.811964
1200,5.995,2367.12385,19.678337,10.856048,0.810485
1201,6,2364.72033,19.68737,10.860097,0.809013
1202,6.005,2363.00353,19.696433,10.864138,0.807534
1203,6.01,2362.31681,19.705713,10.868172,0.806015
1204,6.015,2362.88908,19.715254,10.872198,0.804449
1205,6.02,2363.5758,19.724962,10.876217,0.802852
1206,6.025,2364.83478,19.734789,10.880227,0.801231
1207,6.03,2366.20822,19.744713,10.884229,0.79959
1208,6.035,2367.46721,19.754731,10.888223,0.79793
1209,6.04,2368.61174,19.764843,10.892208,0.79625
1210,6.045,2368.49729,19.77498,10.896185,0.794562
1211,6.05,2366.55158,19.78505,10.900154,0.792881
1212,6.055,2364.03361,19.794825,10.904114,0.791249
1213,6.06,2361.859,19.804259,10.908066,0.789671
1214,6.065,2359.79884,19.813379,10.912011,0.788144
1215,6.07,2358.76876,19.822231,10.915948,0.786661
1216,6.075,2358.53985,19.830953,10.919878,0.785198
1217,6.08,2358.76876,19.839658,10.9238,0.783734
1218,6.085,2358.88321,19.848596,10.927715,0.782227
1219,6.09,2359.79884,19.857742,10.931622,0.780681
1220,6.095,2361.51564,19.866871,10.935522,0.779135
1221,6.1,2364.26252,19.875869,10.939413,0.777608
1222,6.105,2366.89494,19.884983,10.943298,0.776058
1223,6.11,2368.9551,19.894438,10.947174,0.774445
1224,6.115,2369.98518,19.904074,10.951042,0.772797
1225,6.12,2370.32854,19.913622,10.954902,0.77116
1226,6.125,2369.98518,19.922995,10.958754,0.769551
1227,6.13,2368.03948,19.932082,10.962597,0.767989
1228,6.135,2366.20822,19.940951,10.966434,0.766462
1229,6.14,2364.37697,19.949714,10.970262,0.764951
1230,6.145,2363.5758,19.958349,10.974083,0.76346
1231,6.15,2362.77462,19.966924,10.977897,0.761977
1232,6.155,2361.97345,19.975416,10.981703,0.760506
1233,6.16,2362.31681,19.983935,10.985502,0.759026
1234,6.165,2363.34689,19.992547,10.989293,0.757527
1235,6.17,2364.83478,20.001229,10.993077,0.756013
1236,6.175,2367.35276,20.010025,10.996853,0.754474
1237,6.18,2369.98518,20.018999,11.000622,0.752901
1238,6.185,2371.93089,20.028128,11.004382,0.751295
1239,6.19,2372.73206,20.037302,11.008135,0.749678
1240,6.195,2372.27425,20.046413,11.011879,0.748069
1241,6.2,2370.90081,20.055419,11.015615,0.746476
1242,6.205,2369.29846,20.064297,11.019344,0.744902
1243,6.21,2366.66604,20.072943,11.023064,0.743367
1244,6.215,2364.03361,20.081313,11.026778,0.74188
1245,6.22,2362.20236,20.089644,11.030483,0.740397
1246,6.225,2359.91329,20.098002,11.034182,0.738906
1247,6.23,2359.11212,20.106258,11.037872,0.737431
1248,6.235,2358.19649,20.114476,11.041556,0.735959
1249,6.24,2358.6543,20.122656,11.045232,0.734492
1250,6.245,2360.48556,20.130884,11.048901,0.733013
1251,6.25,2361.97345,20.139285,11.052562,0.731498
1252,6.255,2363.46134,20.147901,11.056216,0.72994
1253,6.26,2364.83478,20.156751,11.059861,0.728335
1254,6.265,2364.72033,20.165791,11.063499,0.72669
1255,6.27,2363.46134,20.174874,11.067128,0.725033
1256,6.275,2361.28673,20.183853,11.070749,0.723393
1257,6.28,2358.31094,20.192645,11.074362,0.721784
1258,6.285,2355.79297,20.201271,11.077967,0.720202
1259,6.29,2353.5039,20.209795,11.081564,0.718636
1260,6.295,2350.98593,20.218218,11.085154,0.717086
1261,6.3,2348.81132,20.226499,11.088735,0.715559
1262,6.305,2346.75116,20.234617,11.092309,0.71406
1263,6.31,2346.17889,20.24276,11.095876,0.712554
1264,6.315,2345.94998,20.250988,11.099435,0.711027
1265,6.32,2346.75116,20.259383,11.102986,0.709465
1266,6.325,2348.1246,20.268005,11.106529,0.707856
1267,6.33,2349.72694,20.27677,11.110064,0.706215
1268,6.335,2350.64257,20.285556,11.113591,0.704566
1269,6.34,2350.29921,20.294322,11.11711,0.702918
1270,6.345,2349.26913,20.303047,11.120621,0.701273
1271,6.35,2348.58241,20.31169,11.124123,0.69964
1272,6.355,2348.01014,20.320314,11.127617,0.698007
1273,6.36,2346.6367,20.328817,11.131103,0.696394
1274,6.365,2344.23318,20.337099,11.134581,0.69482
1275,6.37,2342.17302,20.345203,11.138051,0.693278
1276,6.375,2340.45622,20.353228,11.141514,0.691748
1277,6.38,2338.85388,20.361116,11.144969,0.690241
1278,6.385,2338.51052,20.368967,11.148416,0.688738
1279,6.39,2338.73942,20.3769,11.151856,0.687215
1280,6.395,2339.99841,20.384973,11.155288,0.685661
1281,6.4,2341.2574,20.393187,11.158713,0.684076
1282,6.405,2342.40193,20.401441,11.162129,0.682478
1283,6.41,2343.43201,20.409813,11.165537,0.680853
1284,6.415,2344.00428,20.418127,11.168938,0.679236
1285,6.42,2343.54646,20.426264,11.17233,0.677651
1286,6.425,2343.31756,20.43442,11.175714,0.676057
1287,6.43,2342.51638,20.442636,11.17909,0.674448
1288,6.435,2340.79958,20.450754,11.182459,0.672855
1289,6.44,2339.08278,20.458659,11.185819,0.6713
1290,6.445,2337.13708,20.466411,11.189172,0.669774
1291,6.45,2335.53473,20.474048,11.192517,0.668267
1292,6.455,2334.27574,20.481552,11.195854,0.666784
1293,6.46,2333.70348,20.488944,11.199185,0.66532
1294,6.465,2334.3902,20.496376,11.202508,0.663845
1295,6.47,2335.87809,20.503984,11.205823,0.66233
1296,6.475,2337.25153,20.51165,11.209131,0.6608
1297,6.48,2338.73942,20.519471,11.212431,0.659234
1298,6.485,2339.65505,20.527311,11.215723,0.65766
1299,6.49,2340.22732,20.535056,11.219008,0.656102
1300,6.495,2340.45622,20.542953,11.222284,0.654509
1301,6.5,2339.65505,20.550831,11.225553,0.652915
1302,6.505,2338.16716,20.558596,11.228813,0.651342
1303,6.51,2336.22145,20.56636,11.232066,0.649764
1304,6.515,2333.93238,20.574031,11.235311,0.648202
1305,6.52,2331.64332,20.581478,11.238548,0.646683
1306,6.525,2329.4687,20.588721,11.241778,0.645204
1307,6.53,2327.63745,20.59578,11.245,0.64376
1308,6.535,2327.29409,20.60286,11.248215,0.642309
1309,6.54,2327.63745,20.610128,11.251423,0.640814
1310,6.545,2328.20972,20.617472,11.254624,0.639299
1311,6.55,2329.2398,20.624853,11.257816,0.637772
1312,6.555,2330.04097,20.632253,11.261001,0.636238
1313,6.56,2330.49878,20.639673,11.264179,0.634696
1314,6.565,2330.15542,20.647111,11.267348,0.633145
1315,6.57,2329.69761,20.654512,11.27051,0.631599
1316,6.575,2327.7519,20.66195,11.273664,0.630041
1317,6.58,2325.00502,20.669406,11.27681,0.628475
1318,6.585,2321.91478,20.676771,11.279949,0.626925
1319,6.59,2318.71009,20.684009,11.28308,0.625399
1320,6.595,2315.27649,20.691104,11.286203,0.6239
1321,6.6,2312.75852,20.698127,11.289319,0.622413
1322,6.605,2310.92726,20.705116,11.292427,0.620929
1323,6.61,2309.21046,20.712088,11.295528,0.619446
1324,6.615,2307.83702,20.719044,11.298622,0.617963
1325,6.62,2307.1503,20.726036,11.301708,0.616468
1326,6.625,2306.57804,20.733064,11.304786,0.614961
1327,6.63,2305.77686,20.740023,11.307857,0.613466
1328,6.635,2305.4335,20.746964,11.310921,0.611971
1329,6.64,2303.83116,20.754011,11.313977,0.610449
1330,6.645,2302.57217,20.761218,11.317025,0.608887
1331,6.65,2300.39756,20.768475,11.320066,0.607309
1332,6.655,2297.42177,20.775662,11.323098,0.605743
1333,6.66,2294.21708,20.782743,11.326123,0.604197
1334,6.665,2290.89793,20.789753,11.32914,0.602662
1335,6.67,2288.49441,20.796607,11.33215,0.60116
1336,6.675,2286.3198,20.803391,11.335152,0.599669
1337,6.68,2284.14518,20.810211,11.338147,0.598166
1338,6.685,2282.31393,20.816944,11.341134,0.596679
1339,6.69,2281.05494,20.823661,11.344113,0.595191
1340,6.695,2279.79596,20.830378,11.347086,0.5937
1341,6.7,2279.10924,20.837061,11.35005,0.592213
1342,6.705,2278.19361,20.843762,11.353008,0.590718
1343,6.71,2277.16353,20.850513,11.355958,0.589207
1344,6.715,2276.13345,20.857366,11.3589,0.587669
1345,6.72,2274.5311,20.864303,11.361834,0.586107
1346,6.725,2272.47094,20.871306,11.364761,0.584526
1347,6.73,2270.41078,20.878324,11.367679,0.582936
1348,6.735,2267.54945,20.885188,11.37059,0.581378
1349,6.74,2264.91702,20.891883,11.373493,0.579855
1350,6.745,2262.17014,20.898444,11.376389,0.57836
1351,6.75,2258.851,20.904838,11.379277,0.576901
1352,6.755,2256.56193,20.911115,11.382158,0.575465
1353,6.76,2254.50177,20.917394,11.385032,0.574025
1354,6.765,2252.55606,20.923739,11.387898,0.572565
1355,6.77,2251.29708,20.930184,11.390757,0.571078
1356,6.775,2250.4959,20.936678,11.393609,0.569575
1357,6.78,2250.38145,20.943155,11.396453,0.568073
1358,6.785,2250.38145,20.949745,11.399289,0.566538
1359,6.79,2249.92364,20.956514,11.402118,0.564957
1360,6.795,2248.89356,20.963329,11.404939,0.563359
1361,6.8,2246.8334,20.970157,11.407752,0.561754
1362,6.805,2244.54433,20.976901,11.410557,0.560164
1363,6.81,2242.48417,20.983432,11.413354,0.558622
1364,6.815,2240.42401,20.989817,11.416143,0.557111
1365,6.82,2238.59276,20.996136,11.418925,0.555612
1366,6.825,2237.10486,21.002358,11.421699,0.554133
1367,6.83,2235.0447,21.008435,11.424466,0.552685
1368,6.835,2233.55681,21.014465,11.427226,0.551246
1369,6.84,2232.64118,21.020447,11.429979,0.549814
1370,6.845,2231.95446,21.026366,11.432724,0.548393
1371,6.85,2232.18337,21.032349,11.435462,0.546953
1372,6.855,2231.95446,21.038489,11.438194,0.54547
1373,6.86,2232.18337,21.044723,11.440917,0.54396
1374,6.865,2231.95446,21.050924,11.443633,0.542453
1375,6.87,2231.3822,21.057092,11.446342,0.54095
1376,6.875,2230.92438,21.063227,11.449043,0.539451
1377,6.88,2229.6654,21.069283,11.451736,0.537968
1378,6.885,2228.40641,21.075261,11.454422,0.5365
1379,6.89,2227.37633,21.081098,11.457101,0.535064
1380,6.895,2225.65953,21.086874,11.459773,0.53364
1381,6.9,2223.37046,21.09268,11.462438,0.532204
1382,6.905,2221.3103,21.098363,11.465095,0.530796
1383,6.91,2219.93686,21.10394,11.467746,0.529411
1384,6.915,2219.25014,21.109562,11.470389,0.528011
1385,6.92,2218.56342,21.115246,11.473026,0.526591
1386,6.925,2218.67788,21.120946,11.475655,0.525163
1387,6.93,2217.99116,21.12669,11.478277,0.523719
1388,6.935,2217.41889,21.132523,11.480892,0.522247
1389,6.94,2217.07553,21.138401,11.4835,0.52076
1390,6.945,2215.931,21.144187,11.4861,0.519293
1391,6.95,2214.90092,21.149927,11.488693,0.517833
1392,6.955,2213.29857,21.155621,11.491278,0.516382
1393,6.96,2211.12396,21.161165,11.493857,0.514965
1394,6.965,2209.52161,21.166604,11.496428,0.513573
1395,6.97,2207.46145,21.171999,11.498992,0.512188
1396,6.975,2205.74465,21.177395,11.50155,0.510799
1397,6.98,2203.57004,21.182776,11.5041,0.509411
1398,6.985,2201.62433,21.188171,11.506644,0.508014
1399,6.99,2200.7087,21.193508,11.509181,0.50663
1400,6.995,2199.90753,21.198786,11.51171,0.505257
1401,7,2199.90753,21.204094,11.514233,0.503872
1402,7.005,2200.02198,21.209445,11.516749,0.502472
1403,7.01,2200.25089,21.214868,11.519258,0.501047
1404,7.015,2199.90753,21.220334,11.521759,0.499608
1405,7.02,2198.9919,21.225827,11.524254,0.498156
1406,7.025,2197.50401,21.231289,11.526741,0.496708
1407,7.03,2196.35948,21.236736,11.529221,0.49526
1408,7.035,2194.75713,21.242139,11.531694,0.493821
1409,7.04,2192.35361,21.247511,11.534159,0.492385
1410,7.045,2189.83564,21.252896,11.536617,0.490941
1411,7.05,2186.9743,21.258138,11.539069,0.489532
1412,7.055,2184.45633,21.263252,11.541513,0.488156
1413,7.06,2182.51062,21.26838,11.54395,0.486771
1414,7.065,2181.595,21.27355,11.54638,0.48537
1415,7.07,2180.79382,21.27876,11.548804,0.483954
1416,7.075,2179.8782,21.284011,11.55122,0.482522
1417,7.08,2179.30593,21.28926,11.553629,0.481086
1418,7.085,2179.30593,21.294521,11.556031,0.479643
1419,7.09,2178.73366,21.29985,11.558425,0.478175
1420,7.095,2178.1614,21.305176,11.560813,0.476704
1421,7.1,2177.36022,21.310526,11.563192,0.475221
1422,7.105,2175.75788,21.315874,11.565565,0.473733
1423,7.11,2173.69772,21.321192,11.56793,0.47225
1424,7.115,2172.20982,21.326492,11.570287,0.470767
1425,7.12,2170.37857,21.331681,11.572637,0.469311
1426,7.125,2168.89068,21.336868,11.57498,0.467852
1427,7.13,2167.40278,21.341998,11.577316,0.466404
1428,7.135,2165.91489,21.346978,11.579644,0.464996
1429,7.14,2165.11372,21.351969,11.581966,0.46358
1430,7.145,2165.68598,21.356985,11.58428,0.462152
1431,7.15,2165.45708,21.361972,11.586587,0.460727
1432,7.155,2165.45708,21.366958,11.588888,0.459299
1433,7.16,2165.68598,21.371994,11.59118,0.457852
1434,7.165,2165.91489,21.377106,11.593466,0.456376
1435,7.17,2165.57153,21.382241,11.595744,0.454889
1436,7.175,2165.34262,21.387347,11.598015,0.453406
1437,7.18,2164.77036,21.392397,11.600278,0.451935
1438,7.185,2163.51137,21.397391,11.602534,0.450475
1439,7.19,2161.90902,21.402356,11.604783,0.449019
1440,7.195,2160.07777,21.40724,11.607024,0.447584
1441,7.2,2159.2766,21.412044,11.609259,0.446167
1442,7.205,2157.67425,21.416769,11.611486,0.444771
1443,7.21,2156.87308,21.421377,11.613707,0.443406
1444,7.215,2156.52972,21.426021,11.61592,0.442025
1445,7.22,2157.10198,21.430752,11.618127,0.440613
1446,7.225,2157.33089,21.435532,11.620326,0.439181
1447,7.23,2157.21644,21.440347,11.622519,0.437733
1448,7.235,2157.21644,21.445146,11.624704,0.436285
1449,7.24,2156.87308,21.449967,11.626881,0.434826
1450,7.245,2157.21644,21.454785,11.629052,0.433362
1451,7.25,2157.10198,21.459598,11.631215,0.431895
1452,7.255,2156.75862,21.464383,11.633371,0.430431
1453,7.26,2155.72854,21.469102,11.635519,0.428984
1454,7.265,2154.3551,21.473768,11.637661,0.427548
1455,7.27,2152.75276,21.478357,11.639795,0.426131
1456,7.275,2151.37932,21.482894,11.641922,0.424727
1457,7.28,2150.34924,21.48744,11.644042,0.423315
1458,7.285,2148.9758,21.491959,11.646155,0.421906
1459,7.29,2148.28908,21.496426,11.648261,0.42051
1460,7.295,2147.37345,21.500927,11.65036,0.419098
1461,7.3,2146.45782,21.505413,11.652452,0.417685
1462,7.305,2146.91564,21.509908,11.654537,0.416265
1463,7.31,2147.259,21.514435,11.656615,0.414829
1464,7.315,2146.91564,21.518971,11.658685,0.413385
1465,7.32,2146.34337,21.523514,11.660749,0.411934
1466,7.325,2144.85548,21.528007,11.662805,0.410494
1467,7.33,2143.25313,21.532448,11.664854,0.409066
1468,7.335,2141.30742,21.536873,11.666895,0.407638
1469,7.34,2139.01836,21.541259,11.66893,0.406218
1470,7.345,2136.61484,21.545549,11.670958,0.404825
1471,7.35,2134.44022,21.549765,11.672978,0.403452
1472,7.355,2131.92225,21.553921,11.674992,0.402095
1473,7.36,2130.091,21.558062,11.676999,0.400738
1474,7.365,2128.25974,21.562282,11.678999,0.399349
1475,7.37,2126.31404,21.566498,11.680993,0.397957
1476,7.375,2124.82614,21.570689,11.682979,0.396568
1477,7.38,2122.65153,21.574887,11.684958,0.395171
1478,7.385,2121.507,21.579026,11.686931,0.393791
1479,7.39,2120.47692,21.583172,11.688896,0.392402
1480,7.395,2119.10348,21.587417,11.690855,0.390974
1481,7.4,2117.27222,21.591669,11.692806,0.389538
1482,7.405,2115.32652,21.595883,11.69475,0.38811
1483,7.41,2113.38081,21.600048,11.696687,0.386694
1484,7.415,2110.51948,21.604153,11.698617,0.385293
1485,7.42,2107.7726,21.608232,11.70054,0.383897
1486,7.425,2105.25462,21.612307,11.702456,0.382496
1487,7.43,2102.50774,21.616367,11.704365,0.381096
1488,7.435,2100.33313,21.620358,11.706267,0.379715
1489,7.44,2097.81516,21.624312,11.708162,0.378342
1490,7.445,2095.29718,21.628241,11.710051,0.376973
1491,7.45,2093.92374,21.632178,11.711932,0.375596
1492,7.455,2092.5503,21.6361,11.713806,0.37422
1493,7.46,2091.74913,21.639986,11.715674,0.372851
1494,7.465,2091.86358,21.64388,11.717535,0.371474
1495,7.47,2089.68897,21.647823,11.719389,0.370073
1496,7.475,2087.74326,21.651783,11.721236,0.368661
1497,7.48,2085.6831,21.655675,11.723075,0.367268
1498,7.485,2083.85185,21.659531,11.724908,0.365884
1499,7.49,2081.56278,21.663373,11.726734,0.364499
1500,7.495,2079.04481,21.6672,11.728553,0.363114
1501,7.5,2076.8702,21.671002,11.730365,0.361733
1502,7.505,2074.81004,21.674758,11.732171,0.360364
1503,7.51,2073.4366,21.678459,11.733969,0.359011
1504,7.515,2071.7198,21.682115,11.735761,0.35767
1505,7.52,2070.11745,21.685746,11.737546,0.356332
1506,7.525,2068.85846,21.689395,11.739324,0.354983
1507,7.53,2068.05729,21.693071,11.741096,0.353618
1508,7.535,2066.45494,21.696732,11.74286,0.352253
1509,7.54,2065.31041,21.70039,11.744618,0.350884
1510,7.545,2064.28033,21.704064,11.746369,0.349503
1511,7.55,2062.33462,21.707723,11.748113,0.348123
1512,7.555,2060.84673,21.711398,11.74985,0.34673
1513,7.56,2058.78657,21.715088,11.75158,0.345326
1514,7.565,2056.61196,21.718713,11.753304,0.343941
1515,7.57,2053.86508,21.722284,11.75502,0.342572
1516,7.575,2051.23265,21.725782,11.756729,0.341227
1517,7.58,2048.48577,21.729217,11.758432,0.339901
1518,7.585,2046.65452,21.732609,11.760128,0.338587
1519,7.59,2044.93772,21.735949,11.761818,0.337289
1520,7.595,2043.33537,21.739296,11.763501,0.335983
1521,7.6,2042.19084,21.742649,11.765178,0.334669
1522,7.605,2041.16076,21.746008,11.766848,0.333348
1523,7.61,2040.58849,21.749392,11.768511,0.33201
1524,7.615,2039.21505,21.752811,11.770168,0.330653
1525,7.62,2037.15489,21.756206,11.771818,0.3293
1526,7.625,2035.32364,21.759549,11.773461,0.327962
1527,7.63,2033.49238,21.762869,11.775098,0.326629
1528,7.635,2031.77558,21.766175,11.776727,0.325295
1529,7.64,2030.05878,21.769468,11.778351,0.323962
1530,7.645,2027.88417,21.772747,11.779967,0.322628
1531,7.65,2024.90838,21.775976,11.781577,0.321311
1532,7.655,2022.50486,21.779136,11.78318,0.320017
1533,7.66,2019.98689,21.782284,11.784777,0.318722
1534,7.665,2018.27009,21.785391,11.786367,0.31744
1535,7.67,2016.55329,21.788485,11.787951,0.316158
1536,7.675,2014.72204,21.791622,11.789529,0.314852
1537,7.68,2012.20406,21.794736,11.7911,0.31355
1538,7.685,2010.37281,21.797838,11.792664,0.312248
1539,7.69,2008.99937,21.800918,11.794222,0.31095
1540,7.695,2007.16812,21.803949,11.795774,0.309668
1541,7.7,2005.56577,21.807012,11.797319,0.308366
1542,7.705,2003.16225,21.810106,11.798858,0.307044
1543,7.71,2001.67436,21.813188,11.80039,0.305722
1544,7.715,1999.72865,21.816299,11.801915,0.304381
1545,7.72,1997.21068,21.819328,11.803433,0.303071
1546,7.725,1994.00598,21.822256,11.804946,0.3018
1547,7.73,1991.94582,21.825224,11.806451,0.300506
1548,7.735,1989.88566,21.828222,11.807951,0.299192
1549,7.74,1987.48214,21.83119,11.809443,0.297887
1550,7.745,1985.07862,21.834119,11.810929,0.296592
1551,7.75,1982.4462,21.837053,11.812409,0.29529
1552,7.755,1980.38604,21.840016,11.813882,0.293969
1553,7.76,1978.21142,21.843016,11.815349,0.292623
1554,7.765,1976.38017,21.845994,11.816809,0.291282
1555,7.77,1974.54892,21.848917,11.818262,0.28996
1556,7.775,1972.94657,21.851818,11.819708,0.288643
1557,7.78,1970.77196,21.854739,11.821148,0.287309
1558,7.785,1968.25398,21.857639,11.822581,0.285979
1559,7.79,1965.96492,21.860492,11.824008,0.284666
1560,7.795,1964.01921,21.863348,11.825428,0.283344
1561,7.8,1961.73014,21.866167,11.826841,0.282034
1562,7.805,1960.01334,21.86894,11.828248,0.28074
1563,7.81,1957.38092,21.871708,11.829649,0.279442
1564,7.815,1955.09185,21.874447,11.831043,0.278152
1565,7.82,1953.2606,21.877142,11.83243,0.276877
1566,7.825,1951.42934,21.879809,11.833812,0.275611
1567,7.83,1950.39926,21.882439,11.835186,0.274356
1568,7.835,1949.48364,21.885089,11.836555,0.273086
1569,7.84,1948.68246,21.887797,11.837917,0.27178
1570,7.845,1947.88129,21.890493,11.839273,0.270474
1571,7.85,1946.85121,21.89316,11.840622,0.269176
1572,7.855,1945.47777,21.895814,11.841965,0.267878
1573,7.86,1944.10433,21.898462,11.843301,0.266576
1574,7.865,1942.27308,21.901075,11.84463,0.265285
1575,7.87,1940.32737,21.903638,11.845954,0.264015
1576,7.875,1938.72502,21.906165,11.847271,0.262756
1577,7.88,1937.46604,21.908687,11.848581,0.261494
1578,7.885,1936.66486,21.91122,11.849885,0.260219
1579,7.89,1935.17697,21.913718,11.851183,0.258957
1580,7.895,1934.3758,21.91619,11.852475,0.257702
1581,7.9,1932.8879,21.918641,11.85376,0.256451
1582,7.905,1931.97228,21.921081,11.85504,0.2552
1583,7.91,1931.28556,21.923524,11.856312,0.253942
1584,7.915,1930.82774,21.925976,11.857579,0.252671
1585,7.92,1930.36993,21.928438,11.858839,0.251389
1586,7.925,1929.56876,21.930873,11.860093,0.250114
1587,7.93,1927.7375,21.933252,11.86134,0.248864
1588,7.935,1926.59297,21.935619,11.862582,0.247613
1589,7.94,1924.99062,21.93801,11.863816,0.246342
1590,7.945,1923.96054,21.940375,11.865045,0.24508
1591,7.95,1922.93046,21.942706,11.866267,0.243829
1592,7.955,1921.21366,21.945005,11.867483,0.24259
1593,7.96,1919.38241,21.947298,11.868693,0.241347
1594,7.965,1917.78006,21.949594,11.869897,0.240096
1595,7.97,1915.491,21.95183,11.871094,0.238873
1596,7.975,1914.80428,21.954019,11.872286,0.237669
1597,7.98,1913.54529,21.956246,11.873471,0.236438
1598,7.985,1912.0574,21.958495,11.87465,0.235188
1599,7.99,1910.3406,21.960698,11.875823,0.233956
1600,7.995,1909.19606,21.962869,11.876989,0.232737
1601,8,1907.70817,21.965016,11.87815,0.231526
1602,8.005,1905.99137,21.967165,11.879305,0.230306
1603,8.01,1903.7023,21.969309,11.880453,0.229083
1604,8.015,1901.41324,21.971428,11.881596,0.227868
1605,8.02,1899.35308,21.973537,11.882732,0.226653
1606,8.025,1897.52182,21.97564,11.883862,0.225433
1607,8.03,1895.23276,21.977732,11.884986,0.224214
1608,8.035,1892.82924,21.979787,11.886104,0.22301
1609,8.04,1890.42572,21.981825,11.887216,0.221811
1610,8.045,1888.48001,21.983889,11.888322,0.220588
1611,8.05,1886.3054,21.985962,11.889422,0.219353
1612,8.055,1884.5886,21.988035,11.890516,0.21811
1613,8.06,1882.98625,21.990097,11.891603,0.216867
1614,8.065,1881.155,21.992134,11.892684,0.215632
1615,8.07,1879.55265,21.994172,11.89376,0.214389
1616,8.075,1878.40812,21.996199,11.894828,0.213146
1617,8.08,1876.92022,21.998219,11.895891,0.211899
1618,8.085,1875.66124,22.000246,11.896947,0.21064
1619,8.09,1873.71553,22.002255,11.897997,0.209386
1620,8.095,1871.42646,22.004234,11.899041,0.208143
1621,8.1,1869.59521,22.006201,11.900079,0.2069
1622,8.105,1867.30614,22.008139,11.90111,0.205669
1623,8.11,1865.13153,22.010059,11.902136,0.204442
1624,8.115,1862.72801,22.011967,11.903155,0.203214
1625,8.12,1861.12566,22.013864,11.904168,0.201987
1626,8.125,1859.17996,22.015756,11.905175,0.200756
1627,8.13,1857.57761,22.017647,11.906175,0.199517
1628,8.135,1855.97526,22.019561,11.90717,0.198255
1629,8.14,1854.25846,22.021451,11.908158,0.197
1630,8.145,1853.34284,22.02333,11.90914,0.195745
1631,8.15,1852.08385,22.025196,11.910115,0.19449
1632,8.155,1850.71041,22.027023,11.911085,0.193255
1633,8.16,1849.56588,22.028843,11.912048,0.192016
1634,8.165,1847.84908,22.030674,11.913005,0.190762
1635,8.17,1845.78892,22.032487,11.913955,0.189511
1636,8.175,1843.84321,22.034272,11.9149,0.188272
1637,8.18,1842.12641,22.036013,11.915838,0.187057
1638,8.185,1840.75297,22.037721,11.91677,0.185857
1639,8.19,1838.80726,22.039429,11.917697,0.184649
1640,8.195,1836.97601,22.041126,11.918617,0.183442
1641,8.2,1836.06038,22.042817,11.919531,0.182231
1642,8.205,1834.8014,22.044491,11.920439,0.181023
1643,8.21,1833.77132,22.046144,11.921341,0.179824
1644,8.215,1832.05452,22.047791,11.922237,0.17862
1645,8.22,1830.56662,22.049432,11.923128,0.177413
1646,8.225,1829.42209,22.051062,11.924012,0.176205
1647,8.23,1828.04865,22.052676,11.92489,0.175002
1648,8.235,1826.33185,22.054274,11.925762,0.173802
1649,8.24,1824.5006,22.055866,11.926628,0.172598
1650,8.245,1823.24161,22.057451,11.927488,0.171391
1651,8.25,1822.09708,22.059021,11.928342,0.170187
1652,8.255,1820.60918,22.060565,11.92919,0.168996
1653,8.26,1819.23574,22.062088,11.930032,0.167812
1654,8.265,1817.97676,22.063605,11.930868,0.166624
1655,8.27,1815.9166,22.065117,11.931698,0.165432
1656,8.275,1814.31425,22.066612,11.932522,0.164245
1657,8.28,1812.7119,22.068083,11.93334,0.163069
1658,8.285,1811.45292,22.069539,11.934153,0.161897
1659,8.29,1810.30838,22.070975,11.934959,0.160733
1660,8.295,1808.93494,22.0724,11.93576,0.159568
1661,8.3,1806.76033,22.073834,11.936555,0.158389
1662,8.305,1804.70017,22.075252,11.937344,0.157213
1663,8.31,1802.1822,22.076664,11.938127,0.156033
1664,8.315,1799.77868,22.078066,11.938904,0.154853
1665,8.32,1797.48961,22.079448,11.939676,0.153681
1666,8.325,1795.20054,22.080828,11.940441,0.152501
1667,8.33,1792.79702,22.082194,11.941201,0.151325
1668,8.335,1790.3935,22.083531,11.941954,0.150165
1669,8.34,1787.64662,22.084858,11.942702,0.149005
1670,8.345,1785.35756,22.086175,11.943444,0.147844
1671,8.35,1783.5263,22.087486,11.944181,0.14668
1672,8.355,1781.23724,22.088778,11.944911,0.145524
1673,8.36,1779.40598,22.090047,11.945636,0.14438
1674,8.365,1777.23137,22.091307,11.946355,0.143235
1675,8.37,1775.17121,22.092564,11.947068,0.142083
1676,8.375,1772.9966,22.093807,11.947776,0.140934
1677,8.38,1770.70753,22.095028,11.948478,0.139798
1678,8.385,1768.18956,22.096255,11.949174,0.138645
1679,8.39,1765.09932,22.09748,11.949864,0.137485
1680,8.395,1762.58134,22.098707,11.950549,0.136313
1681,8.4,1759.2622,22.09993,11.951227,0.135133
1682,8.405,1756.62977,22.101124,11.9519,0.133973
1683,8.41,1754.1118,22.102312,11.952567,0.132809
1684,8.415,1751.25046,22.103485,11.953228,0.131649
1685,8.42,1748.50358,22.104629,11.953883,0.130508
1686,8.425,1745.41334,22.105767,11.954533,0.129364
1687,8.43,1742.43756,22.106898,11.955177,0.128215
1688,8.435,1740.49185,22.108016,11.955815,0.127071
1689,8.44,1738.31724,22.109116,11.956448,0.125934
1690,8.445,1736.37153,22.11021,11.957075,0.124794
1691,8.45,1734.08246,22.111319,11.957696,0.123626
1692,8.455,1732.0223,22.112425,11.958311,0.12245
1693,8.46,1729.96214,22.113507,11.95892,0.12129
1694,8.465,1728.13089,22.114567,11.959524,0.120141
1695,8.47,1725.95628,22.115611,11.960122,0.119001
1696,8.475,1723.55276,22.116638,11.960714,0.117868
1697,8.48,1720.80588,22.117641,11.9613,0.116751
1698,8.485,1718.63126,22.118642,11.961881,0.115627
1699,8.49,1716.5711,22.119636,11.962457,0.114498
1700,8.495,1714.51094,22.120617,11.963026,0.113373
1701,8.5,1712.22188,22.121598,11.96359,0.112237
1702,8.505,1710.27617,22.122557,11.964149,0.111116
1703,8.51,1708.67382,22.123506,11.964701,0.109995
1704,8.515,1707.30038,22.124455,11.965249,0.108862
1705,8.52,1705.69804,22.125369,11.96579,0.107761
1706,8.525,1704.21014,22.126264,11.966326,0.106672
1707,8.53,1702.26444,22.127166,11.966857,0.105563
1708,8.535,1700.54764,22.128067,11.967382,0.104442
1709,8.54,1698.37302,22.128959,11.967901,0.103321
1710,8.545,1695.9695,22.129835,11.968415,0.102208
1711,8.55,1693.68044,22.130693,11.968923,0.101107
1712,8.555,1691.27692,22.131532,11.969426,0.100018
1713,8.56,1688.8734,22.13236,11.969924,0.098933
1714,8.565,1686.35542,22.133171,11.970416,0.097859
1715,8.57,1683.9519,22.133972,11.970902,0.096786
1716,8.575,1681.89174,22.134773,11.971383,0.0957
1717,8.58,1679.48822,22.135563,11.971859,0.094619
1718,8.585,1677.54252,22.136343,11.97233,0.093537
1719,8.59,1675.3679,22.137114,11.972795,0.092456
1720,8.595,1673.4222,22.137877,11.973254,0.091374
1721,8.6,1671.36204,22.138643,11.973708,0.090273
1722,8.605,1669.41633,22.1394,11.974157,0.089172
1723,8.61,1667.69953,22.14014,11.9746,0.088083
1724,8.615,1665.75382,22.140872,11.975038,0.086994
1725,8.62,1663.57921,22.141589,11.97547,0.085912
1726,8.625,1661.06124,22.142297,11.975897,0.084831
1727,8.63,1659.00108,22.142993,11.976318,0.083753
1728,8.635,1656.71201,22.143679,11.976734,0.08268
1729,8.64,1654.19404,22.144353,11.977145,0.08161
1730,8.645,1651.79052,22.145014,11.97755,0.080548
1731,8.65,1649.27254,22.145661,11.977951,0.079495
1732,8.655,1647.09793,22.146298,11.978345,0.078445
1733,8.66,1644.92332,22.146931,11.978735,0.077387
1734,8.665,1642.63425,22.147553,11.979119,0.076333
1735,8.67,1640.803,22.14817,11.979498,0.075271
1736,8.675,1638.39948,22.148773,11.979872,0.074221
1737,8.68,1636.22486,22.149357,11.980241,0.073191
1738,8.685,1633.82134,22.149941,11.980604,0.072145
1739,8.69,1631.30337,22.150522,11.980962,0.071087
1740,8.695,1629.35766,22.151099,11.981315,0.070022
1741,8.7,1627.18305,22.151666,11.981662,0.06896
1742,8.705,1623.97836,22.152223,11.982004,0.067898
1743,8.71,1621.34593,22.152774,11.982341,0.066833
1744,8.715,1618.7135,22.153316,11.982673,0.065767
1745,8.72,1616.30998,22.15385,11.982999,0.064701
1746,8.725,1614.47873,22.154367,11.98332,0.063651
1747,8.73,1612.18966,22.154867,11.983635,0.062621
1748,8.735,1610.24395,22.155361,11.983946,0.061587
1749,8.74,1607.49707,22.155855,11.984251,0.060533
1750,8.745,1605.20801,22.156344,11.984551,0.059471
1751,8.75,1602.91894,22.156823,11.984846,0.058414
1752,8.755,1600.40097,22.157293,11.985135,0.057356
1753,8.76,1598.1119,22.157759,11.985419,0.056286
1754,8.765,1595.47947,22.158221,11.985698,0.055205
1755,8.77,1592.50369,22.158676,11.985972,0.05412
1756,8.775,1590.21462,22.159122,11.986239,0.053034
1757,8.78,1587.92555,22.159553,11.986502,0.051965
1758,8.785,1585.63649,22.159968,11.986759,0.050915
1759,8.79,1582.6607,22.16037,11.987011,0.049877
1760,8.795,1580.14273,22.160752,11.987258,0.04887
1761,8.8,1577.39585,22.161126,11.9875,0.047867
1762,8.805,1575.67905,22.161497,11.987737,0.046849
1763,8.81,1573.50443,22.161857,11.987968,0.045838
1764,8.815,1571.67318,22.162209,11.988195,0.044828
1765,8.82,1569.95638,22.162554,11.988417,0.043817
1766,8.825,1567.78177,22.162893,11.988633,0.042799
1767,8.83,1565.83606,22.163227,11.988845,0.041773
1768,8.835,1563.89035,22.163552,11.989051,0.040746
1769,8.84,1561.60129,22.163867,11.989252,0.039728
1770,8.845,1559.31222,22.164174,11.989448,0.03871
1771,8.85,1557.02315,22.164475,11.989639,0.037687
1772,8.855,1554.39073,22.164768,11.989825,0.036661
1773,8.86,1551.98721,22.165054,11.990006,0.035631
1774,8.865,1549.46923,22.165329,11.990181,0.034612
1775,8.87,1547.29462,22.165592,11.990352,0.03361
1776,8.875,1545.00555,22.165845,11.990517,0.032619
1777,8.88,1542.83094,22.16609,11.990678,0.031628
1778,8.885,1540.99969,22.166327,11.990834,0.030641
1779,8.89,1538.93953,22.166556,11.990984,0.029654
1780,8.895,1537.33718,22.166778,11.99113,0.028663
1781,8.9,1535.73483,22.166996,11.991271,0.027661
1782,8.905,1534.24694,22.167208,11.991407,0.026642
1783,8.91,1532.30123,22.167412,11.991538,0.025632
1784,8.915,1530.24107,22.167607,11.991663,0.024621
1785,8.92,1528.40982,22.167796,11.991784,0.023603
1786,8.925,1525.77739,22.167973,11.991899,0.022608
1787,8.93,1524.17505,22.168141,11.99201,0.021621
1788,8.935,1522.34379,22.168302,11.992115,0.02063
1789,8.94,1520.28363,22.168453,11.992216,0.019655
1790,8.945,1517.99457,22.168598,11.992312,0.018672
1791,8.95,1515.47659,22.168738,11.992403,0.017674
1792,8.955,1513.07307,22.168868,11.992489,0.016691
1793,8.96,1510.44065,22.16899,11.99257,0.015716
1794,8.965,1508.03713,22.169105,11.992646,0.014737
1795,8.97,1505.63361,22.169212,11.992717,0.013762
1796,8.975,1503.6879,22.169313,11.992783,0.012767
1797,8.98,1502.08555,22.169407,11.992845,0.011776
1798,8.985,1500.59766,22.169492,11.992901,0.010805
1799,8.99,1498.88086,22.169568,11.992953,0.009842
1800,8.995,1496.36289,22.169637,11.993,0.008886
1801,9,1493.95937,22.1697,11.993042,0.007919
1802,9.005,1491.78475,22.169756,11.993079,0.006948
1803,9.01,1489.15233,22.169803,11.993111,0.005993
1804,9.015,1486.74881,22.169844,11.993139,0.005041
1805,9.02,1484.00193,22.169877,11.993162,0.004102
1806,9.025,1481.14059,22.169903,11.99318,0.003182
1807,9.03,1478.39371,22.169922,11.993193,0.00225
1808,9.035,1476.10465,22.169935,11.993202,0.001298
1809,9.04,1473.70113,22.169941,11.993207,0.000359
1810,9.045,1471.75542,22.169941,11.993206,-0.000573
1811,9.05,1470.61089,22.169933,11.993201,-0.001505
1812,9.055,1468.43627,22.169919,11.993191,-0.002452
1813,9.06,1466.37611,22.169897,11.993176,-0.003408
1814,9.065,1465.11713,22.169869,11.993157,-0.004355
1815,9.07,1463.40033,22.169833,11.993133,-0.005307
1816,9.075,1461.56907,22.169791,11.993104,-0.006246
1817,9.08,1459.39446,22.169742,11.99307,-0.00719
1818,9.085,1457.21985,22.169686,11.993032,-0.008137
1819,9.09,1455.04523,22.169624,11.992989,-0.009073
1820,9.095,1452.98507,22.169556,11.992941,-0.009997
1821,9.1,1451.03937,22.169482,11.992889,-0.010921
1822,9.105,1449.32257,22.1694,11.992832,-0.011852
1823,9.11,1446.80459,22.169311,11.99277,-0.01278
1824,9.115,1444.62998,22.169217,11.992704,-0.0137
1825,9.12,1442.68427,22.169116,11.992633,-0.014628
1826,9.125,1441.08193,22.169008,11.992558,-0.015556
1827,9.13,1439.02177,22.168893,11.992478,-0.016484
1828,9.135,1437.30497,22.16877,11.992393,-0.017423
1829,9.14,1435.70262,22.16864,11.992304,-0.018363
1830,9.145,1434.10027,22.168503,11.992209,-0.019306
1831,9.15,1431.92566,22.168358,11.99211,-0.020258
1832,9.155,1429.63659,22.168206,11.992007,-0.021205
1833,9.16,1427.00417,22.16805,11.991898,-0.022137
1834,9.165,1424.94401,22.167889,11.991785,-0.023057
1835,9.17,1422.42603,22.167722,11.991668,-0.023977
1836,9.175,1420.13697,22.167551,11.991546,-0.024885
1837,9.18,1418.42017,22.167374,11.991419,-0.025789
1838,9.185,1416.24555,22.167188,11.991288,-0.026701
1839,9.19,1413.84203,22.166997,11.991152,-0.027613
1840,9.195,1412.12523,22.1668,11.991012,-0.028521
1841,9.2,1409.49281,22.166598,11.990867,-0.029422
1842,9.205,1406.86038,22.166392,11.990718,-0.030314
1843,9.21,1405.37249,22.16618,11.990564,-0.031202
1844,9.215,1402.96897,22.165962,11.990405,-0.032095
1845,9.22,1401.02326,22.165735,11.990243,-0.032995
1846,9.225,1399.07755,22.165498,11.990076,-0.033911
1847,9.23,1396.44513,22.165252,11.989904,-0.034839
1848,9.235,1394.49942,22.165,11.989727,-0.035763
1849,9.24,1392.21035,22.164741,11.989546,-0.036686
1850,9.245,1390.3791,22.16448,11.98936,-0.037595
1851,9.25,1388.20449,22.164218,11.98917,-0.038487
1852,9.255,1386.02987,22.163946,11.988975,-0.039387
1853,9.26,1383.85526,22.163671,11.988776,-0.04028
1854,9.265,1382.25291,22.163389,11.988573,-0.041176
1855,9.27,1380.30721,22.163098,11.988364,-0.04208
1856,9.275,1378.81931,22.162804,11.988152,-0.042972
1857,9.28,1377.10251,22.162504,11.987935,-0.043865
1858,9.285,1375.15681,22.162197,11.987713,-0.044761
1859,9.29,1373.09665,22.161886,11.987487,-0.045649
1860,9.295,1372.06657,22.161569,11.987257,-0.046538
1861,9.3,1370.23531,22.161242,11.987022,-0.047438
1862,9.305,1368.63297,22.160912,11.986782,-0.048326
1863,9.31,1365.88609,22.160582,11.986539,-0.049199
1864,9.315,1363.82593,22.160238,11.98629,-0.050095
1865,9.32,1361.53686,22.159883,11.986038,-0.051004
1866,9.325,1359.36225,22.159529,11.98578,-0.051892
1867,9.33,1357.53099,22.159172,11.985519,-0.052773
1868,9.335,1355.35638,22.158811,11.985253,-0.053649
1869,9.34,1353.18177,22.158444,11.984982,-0.054526
1870,9.345,1351.35051,22.158072,11.984707,-0.055398
1871,9.35,1349.74817,22.157691,11.984428,-0.056279
1872,9.355,1348.14582,22.157298,11.984145,-0.057175
1873,9.36,1346.20011,22.156905,11.983856,-0.058056
1874,9.365,1344.25441,22.156511,11.983564,-0.058924
1875,9.37,1342.99542,22.156108,11.983267,-0.059801
1876,9.375,1341.39307,22.155697,11.982966,-0.060682
1877,9.38,1340.01963,22.155287,11.98266,-0.061546
1878,9.385,1338.30283,22.154873,11.982351,-0.062407
1879,9.39,1336.81494,22.154448,11.982036,-0.06328
1880,9.395,1335.32705,22.154016,11.981718,-0.064157
1881,9.4,1333.38134,22.153585,11.981395,-0.065017
1882,9.405,1330.97782,22.153153,11.981068,-0.065866
1883,9.41,1329.14657,22.152717,11.980736,-0.066715
1884,9.415,1327.31531,22.152274,11.9804,-0.067564
1885,9.42,1325.59851,22.151824,11.98006,-0.068417
1886,9.425,1323.99617,22.151369,11.979716,-0.06927
1887,9.43,1322.50827,22.150905,11.979368,-0.070127
1888,9.435,1320.90593,22.150438,11.979015,-0.07098
1889,9.44,1319.41803,22.149976,11.978658,-0.071814
1890,9.445,1317.81569,22.149509,11.978297,-0.072647
1891,9.45,1316.21334,22.149036,11.977932,-0.07348
1892,9.455,1314.26763,22.148566,11.977562,-0.074298
1893,9.46,1312.66529,22.148078,11.977188,-0.075139
1894,9.465,1310.94849,22.147584,11.976811,-0.07598
1895,9.47,1309.00278,22.147092,11.976429,-0.076809
1896,9.475,1307.05707,22.146588,11.976043,-0.07765
1897,9.48,1304.99691,22.14608,11.975652,-0.078488
1898,9.485,1303.05121,22.145569,11.975258,-0.079321
1899,9.49,1301.21995,22.145058,11.974859,-0.080146
1900,9.495,1299.04534,22.144543,11.974456,-0.080968
1901,9.5,1297.55745,22.144026,11.974049,-0.081785
1902,9.505,1295.72619,22.143503,11.973638,-0.082603
1903,9.51,1294.35275,22.142973,11.973223,-0.083424
1904,9.515,1292.86486,22.142435,11.972804,-0.08425
1905,9.52,1290.57579,22.14189,11.972381,-0.085079
1906,9.525,1289.0879,22.141344,11.971953,-0.0859
1907,9.53,1287.48555,22.1408,11.971522,-0.08671
1908,9.535,1285.53985,22.140254,11.971086,-0.087516
1909,9.54,1283.59414,22.139697,11.970647,-0.088329
1910,9.545,1281.99179,22.139122,11.970203,-0.089163
1911,9.55,1279.81718,22.138543,11.969755,-0.089996
1912,9.555,1277.41366,22.137971,11.969303,-0.090809
1913,9.56,1275.01014,22.137404,11.968847,-0.091607
1914,9.565,1273.40779,22.136837,11.968387,-0.092397
1915,9.57,1271.46209,22.136261,11.967923,-0.093195
1916,9.575,1269.74529,22.135679,11.967455,-0.093993
1917,9.58,1268.02849,22.13509,11.966983,-0.094795
1918,9.585,1265.96833,22.134493,11.966507,-0.0956
1919,9.59,1263.90817,22.133897,11.966027,-0.096398
1920,9.595,1261.6191,22.133295,11.965543,-0.097196
1921,9.6,1259.78785,22.132683,11.965055,-0.098002
1922,9.605,1257.26987,22.13206,11.964563,-0.098815
1923,9.61,1254.98081,22.131435,11.964067,-0.099625
1924,9.615,1253.0351,22.130817,11.963567,-0.100419
1925,9.62,1250.74603,22.130181,11.963063,-0.101228
1926,9.625,1248.68587,22.129526,11.962554,-0.102058
1927,9.63,1246.51126,22.128869,11.962042,-0.102883
1928,9.635,1244.56555,22.128209,11.961526,-0.103705
1929,9.64,1241.93313,22.127538,11.961005,-0.104534
1930,9.645,1239.64406,22.126856,11.96048,-0.105371
1931,9.65,1237.69835,22.126177,11.959951,-0.106197
1932,9.655,1236.55382,22.125512,11.959418,-0.106998
1933,9.66,1234.95147,22.124841,11.958881,-0.1078
1934,9.665,1232.89131,22.124163,11.95834,-0.108606
1935,9.67,1230.94561,22.123485,11.957795,-0.109404
1936,9.675,1228.9999,22.122797,11.957246,-0.110209
1937,9.68,1226.48193,22.122106,11.956693,-0.111011
1938,9.685,1224.42177,22.121414,11.956136,-0.111809
1939,9.69,1222.81942,22.12071,11.955575,-0.112615
1940,9.695,1221.56043,22.120002,11.95501,-0.11342
1941,9.7,1219.61473,22.119295,11.954441,-0.114218
1942,9.705,1218.12683,22.118599,11.953868,-0.114996
1943,9.71,1216.63894,22.117905,11.953291,-0.115766
1944,9.715,1214.46433,22.117204,11.95271,-0.116541
1945,9.72,1213.43425,22.116504,11.952126,-0.117307
1946,9.725,1211.48854,22.1158,11.951537,-0.118073
1947,9.73,1209.88619,22.115081,11.950945,-0.118851
1948,9.735,1208.28385,22.114347,11.950349,-0.119641
1949,9.74,1206.6815,22.113605,11.949748,-0.120435
1950,9.745,1205.42251,22.112865,11.949144,-0.121221
1951,9.75,1203.82017,22.112123,11.948536,-0.122003
1952,9.755,1202.56118,22.11138,11.947924,-0.122781
1953,9.76,1201.5311,22.110622,11.947308,-0.123571
1954,9.765,1200.15766,22.109856,11.946689,-0.124365
1955,9.77,1198.55531,22.109109,11.946065,-0.125132
1956,9.775,1197.06742,22.108351,11.945437,-0.125906
1957,9.78,1195.92289,22.107577,11.944806,-0.126692
1958,9.785,1195.23617,22.106813,11.94417,-0.127462
1959,9.79,1193.86273,22.106052,11.943531,-0.128224
1960,9.795,1192.37483,22.105283,11.942888,-0.128991
1961,9.8,1190.54358,22.104517,11.942241,-0.129749
1962,9.805,1189.05569,22.103761,11.941591,-0.130492
1963,9.81,1187.22443,22.10302,11.940936,-0.131215
1964,9.815,1185.85099,22.102263,11.940279,-0.13195
1965,9.82,1184.24865,22.101463,11.939617,-0.132724
1966,9.825,1182.41739,22.100652,11.938951,-0.133506
1967,9.83,1180.81505,22.099847,11.938282,-0.134276
1968,9.835,1178.75489,22.099057,11.937609,-0.135027
1969,9.84,1176.92363,22.098278,11.936932,-0.135761
1970,9.845,1175.43574,22.097503,11.936251,-0.136488
1971,9.85,1173.26113,22.09672,11.935567,-0.137219
1972,9.855,1170.97206,22.095933,11.934879,-0.13795
1973,9.86,1168.9119,22.095142,11.934187,-0.138681
1974,9.865,1166.85174,22.094342,11.933492,-0.139416
1975,9.87,1164.79158,22.09355,11.932793,-0.140139
1976,9.875,1162.73142,22.09275,11.932091,-0.140866
1977,9.88,1160.44235,22.091938,11.931384,-0.1416
1978,9.885,1158.6111,22.091134,11.930675,-0.142323
1979,9.89,1156.20758,22.090346,11.929961,-0.143027
1980,9.895,1153.23179,22.089555,11.929244,-0.14373
1981,9.9,1150.48491,22.08873,11.928524,-0.144461
1982,9.905,1147.50913,22.087877,11.9278,-0.145215
1983,9.91,1145.67787,22.087018,11.927072,-0.14597
1984,9.915,1143.1599,22.086189,11.92634,-0.146693
1985,9.92,1140.87083,22.085369,11.925605,-0.147404
1986,9.925,1138.23841,22.084537,11.924866,-0.148123
1987,9.93,1135.60598,22.083721,11.924124,-0.148822
1988,9.935,1133.31691,22.082902,11.923378,-0.149522
1989,9.94,1130.68449,22.082049,11.922628,-0.150249
1990,9.945,1128.05206,22.081183,11.921875,-0.150984
1991,9.95,1125.87745,22.080325,11.921118,-0.151707
1992,9.955,1123.70283,22.079473,11.920358,-0.152422
1993,9.96,1122.21494,22.078616,11.919594,-0.153137
1994,9.965,1120.8415,22.077756,11.918827,-0.153852
1995,9.97,1118.78134,22.076873,11.918056,-0.154583
1996,9.975,1117.17899,22.075991,11.917281,-0.15531
1997,9.98,1115.92001,22.075114,11.916503,-0.156029
1998,9.985,1113.51649,22.074223,11.915721,-0.156756
1999,9.99,1111.11297,22.073334,11.914935,-0.157479
2000,9.995,1108.8239,22.072435,11.914146,-0.158206
2001,10,1106.87819,22.071537,11.913353,-0.158928
2002,10.005,1104.81803,22.070639,11.912557,-0.159648
2003,10.01,1102.52897,22.069714,11.911757,-0.160386
2004,10.015,1099.89654,22.068785,11.910953,-0.161125
2005,10.02,1097.72193,22.06787,11.910145,-0.161848
2006,10.025,1095.89067,22.066952,11.909334,-0.162571
2007,10.03,1093.60161,22.066019,11.90852,-0.163302
2008,10.035,1091.54145,22.065064,11.907701,-0.164048
2009,10.04,1089.36683,22.064118,11.906879,-0.164783
2010,10.045,1087.07777,22.063192,11.906053,-0.165498
2011,10.05,1084.55979,22.062258,11.905224,-0.166217
2012,10.055,1082.27073,22.061319,11.904391,-0.166936
2013,10.06,1080.32502,22.0604,11.903555,-0.167636
2014,10.065,1079.29494,22.059493,11.902715,-0.168323
2015,10.07,1077.23478,22.058581,11.901872,-0.169011
2016,10.075,1074.37345,22.057676,11.901025,-0.169691
2017,10.08,1071.85547,22.056767,11.900175,-0.17037
2018,10.085,1069.3375,22.055859,11.899321,-0.171046
2019,10.09,1067.16289,22.054953,11.898464,-0.171718
2020,10.095,1065.44609,22.054028,11.897604,-0.172401
2021,10.1,1064.07265,22.053114,11.89674,-0.173073
2022,10.105,1062.24139,22.052222,11.895873,-0.173725
2023,10.11,1060.41014,22.051312,11.895003,-0.174389
2024,10.115,1058.57889,22.050393,11.894129,-0.175057
2025,10.12,1056.63318,22.049491,11.893252,-0.175709
2026,10.125,1054.57302,22.048565,11.892372,-0.176377
2027,10.13,1052.05505,22.04762,11.891489,-0.177056
2028,10.135,1049.76598,22.046666,11.890602,-0.17774
2029,10.14,1048.04918,22.045719,11.889711,-0.178416
2030,10.145,1046.44683,22.04481,11.888818,-0.17906
2031,10.15,1044.84449,22.043903,11.887921,-0.1797
2032,10.155,1042.66987,22.043008,11.887021,-0.180329
2033,10.16,1040.1519,22.0421,11.886117,-0.180965
2034,10.165,1037.74838,22.041167,11.885211,-0.181617
2035,10.17,1036.26049,22.040247,11.884301,-0.182257
2036,10.175,1034.08587,22.03934,11.883388,-0.182886
2037,10.18,1032.36907,22.038434,11.882472,-0.18351
2038,10.185,1031.22454,22.037515,11.881553,-0.184143
2039,10.19,1029.27883,22.036598,11.880631,-0.184771
2040,10.195,1026.64641,22.035684,11.879706,-0.185396
2041,10.2,1024.35734,22.034744,11.878777,-0.186036
2042,10.205,1022.18273,22.033791,11.877845,-0.186684
2043,10.21,1020.35147,22.032829,11.87691,-0.187336
2044,10.215,1018.52022,22.031837,11.875972,-0.188008
2045,10.22,1016.23115,22.030862,11.87503,-0.188664
2046,10.225,1013.94209,22.029907,11.874085,-0.189304
2047,10.23,1011.88193,22.028909,11.873137,-0.189972
2048,10.235,1008.90614,22.02793,11.872185,-0.190624
2049,10.24,1006.61707,22.026987,11.871231,-0.191249
2050,10.245,1003.98465,22.026029,11.870273,-0.191881
2051,10.25,1001.46667,22.025057,11.869312,-0.192521
2052,10.255,999.52097,22.024076,11.868348,-0.193166
2053,10.26,997.34635,22.023114,11.86738,-0.193794
2054,10.265,994.59947,22.022161,11.86641,-0.194415
2055,10.27,992.65377,22.021193,11.865436,-0.195043
2056,10.275,990.02134,22.020222,11.864459,-0.195672
2057,10.28,987.96118,22.019242,11.863479,-0.196304
2058,10.285,985.2143,22.018253,11.862496,-0.19694
2059,10.29,982.58187,22.017278,11.86151,-0.197565
2060,10.295,980.29281,22.016323,11.860521,-0.198174
2061,10.3,978.00374,22.015377,11.859528,-0.198774
2062,10.305,976.17249,22.014439,11.858533,-0.199367
2063,10.31,973.76897,22.013493,11.857535,-0.199964
2064,10.315,972.16662,22.012509,11.856533,-0.200585
2065,10.32,969.99201,22.01151,11.855529,-0.201213
2066,10.325,968.16075,22.010544,11.854521,-0.201818
2067,10.33,966.44395,22.009586,11.853511,-0.202415
2068,10.335,964.95606,22.008625,11.852497,-0.203012
2069,10.34,963.92598,22.007673,11.851481,-0.203601
2070,10.345,962.66699,22.006701,11.850461,-0.204202
2071,10.35,960.60683,22.005696,11.849438,-0.204823
2072,10.355,958.89003,22.004688,11.848413,-0.205443
2073,10.36,957.40214,22.003701,11.847384,-0.206048
2074,10.365,955.34198,22.002711,11.846352,-0.206653
2075,10.37,953.51072,22.001719,11.845318,-0.207258
2076,10.375,952.13728,22.000753,11.84428,-0.207843
2077,10.38,950.53494,21.999809,11.843239,-0.208412
2078,10.385,949.27595,21.998862,11.842196,-0.208981
2079,10.39,947.33024,21.997888,11.841149,-0.209567
2080,10.395,945.9568,21.996905,11.8401,-0.210156
2081,10.4,944.81227,21.995914,11.839048,-0.210749
2082,10.405,943.43883,21.994908,11.837992,-0.21135
2083,10.41,942.2943,21.993911,11.836934,-0.211943
2084,10.415,940.46304,21.992923,11.835873,-0.212528
2085,10.42,938.74624,21.991927,11.834809,-0.213117
2086,10.425,937.3728,21.990934,11.833742,-0.213702
2087,10.43,936.45718,21.989938,11.832672,-0.214287
2088,10.435,935.31264,21.988915,11.831599,-0.214888
2089,10.44,934.39702,21.987901,11.830523,-0.215481
2090,10.445,933.59584,21.986922,11.829444,-0.21605
2091,10.45,932.45131,21.985947,11.828363,-0.216616
2092,10.455,930.62006,21.984963,11.827278,-0.217185
2093,10.46,929.58998,21.983964,11.826191,-0.217762
2094,10.465,927.75872,21.982943,11.8251,-0.218351
2095,10.47,925.1263,21.981944,11.824007,-0.218925
2096,10.475,923.52395,21.980943,11.822911,-0.219498
2097,10.48,921.6927,21.979934,11.821812,-0.220075
2098,10.485,919.9759,21.978972,11.820711,-0.220621
2099,10.49,918.71691,21.978008,11.819606,-0.221167
2100,10.495,917.22902,21.977029,11.818499,-0.22172
2101,10.5,915.51222,21.976054,11.817389,-0.22227
2102,10.505,913.22315,21.975044,11.816276,-0.222839
2103,10.51,911.3919,21.974019,11.81516,-0.223417
2104,10.515,909.904,21.973004,11.814042,-0.223986
2105,10.52,908.30166,21.971973,11.812921,-0.224563
2106,10.525,906.69931,21.97096,11.811796,-0.225129
2107,10.53,905.21142,21.96995,11.810669,-0.22569
2108,10.535,903.26571,21.968931,11.809539,-0.226256
2109,10.54,901.54891,21.967916,11.808407,-0.226817
2110,10.545,900.06102,21.966892,11.807271,-0.227382
2111,10.55,899.03094,21.965879,11.806133,-0.22794
2112,10.555,897.42859,21.96483,11.804992,-0.228517
2113,10.56,896.28406,21.963786,11.803848,-0.229091
2114,10.565,895.02507,21.962758,11.802701,-0.229652
2115,10.57,893.42272,21.961735,11.801551,-0.23021
2116,10.575,891.47702,21.960723,11.800399,-0.230759
2117,10.58,889.98912,21.959694,11.799244,-0.231317
2118,10.585,888.50123,21.958643,11.798086,-0.231886
2119,10.59,887.24224,21.957556,11.796925,-0.232475
2120,10.595,885.8688,21.95646,11.795761,-0.233068
2121,10.6,884.03755,21.955401,11.794594,-0.233638
2122,10.605,881.97739,21.954387,11.793425,-0.234179
2123,10.61,880.4895,21.953371,11.792252,-0.234721
2124,10.615,878.88715,21.952352,11.791077,-0.235263
2125,10.62,877.51371,21.951345,11.7899,-0.235797
2126,10.625,876.02582,21.950322,11.788719,-0.236339
2127,10.63,874.88128,21.949255,11.787536,-0.236904
2128,10.635,873.96566,21.948158,11.78635,-0.237485
2129,10.64,872.93558,21.947072,11.785161,-0.238059
2130,10.645,871.56214,21.946005,11.78397,-0.23862
2131,10.65,870.07424,21.944941,11.782775,-0.239178
2132,10.655,868.4719,21.943883,11.781578,-0.239731
2133,10.66,866.52619,21.942842,11.780378,-0.240273
2134,10.665,864.69494,21.941814,11.779175,-0.240807
2135,10.67,862.74923,21.940789,11.77797,-0.241337
2136,10.675,860.80352,21.939756,11.776762,-0.241871
2137,10.68,859.31563,21.938692,11.775551,-0.242421
2138,10.685,857.36992,21.937619,11.774338,-0.242974
2139,10.69,855.42422,21.93653,11.773121,-0.243536
2140,10.695,853.82187,21.935423,11.771902,-0.244105
2141,10.7,852.79179,21.934336,11.77068,-0.244663
2142,10.705,851.5328,21.933281,11.769456,-0.245201
2143,10.71,850.38827,21.932203,11.768228,-0.24575
2144,10.715,848.44256,21.931115,11.766998,-0.246304
2145,10.72,846.72576,21.930089,11.765765,-0.246822
2146,10.725,845.23787,21.929075,11.76453,-0.247332
2147,10.73,843.74998,21.928037,11.763292,-0.247854
2148,10.735,842.26208,21.926955,11.762051,-0.2484
2149,10.74,841.46091,21.925862,11.760808,-0.24895
2150,10.745,839.74411,21.924803,11.759562,-0.24948
2151,10.75,838.25622,21.923757,11.758313,-0.250002
2152,10.755,837.22614,21.922744,11.757062,-0.250504
2153,10.76,835.73824,21.92173,11.755808,-0.251007
2154,10.765,833.67808,21.920692,11.754552,-0.251521
2155,10.77,832.4191,21.919651,11.753293,-0.252035
2156,10.775,830.7023,21.918601,11.752032,-0.252553
2157,10.78,829.55776,21.917542,11.750767,-0.253075
2158,10.785,828.41323,21.916495,11.749501,-0.25359
2159,10.79,827.2687,21.915453,11.748232,-0.2541
2160,10.795,825.43744,21.914402,11.74696,-0.254614
2161,10.8,824.064,21.913334,11.745685,-0.255136
2162,10.805,822.46166,21.912286,11.744408,-0.255647
2163,10.81,820.6304,21.911258,11.743129,-0.256145
2164,10.815,819.60032,21.910198,11.741847,-0.256659
2165,10.82,817.99798,21.909122,11.740562,-0.257181
2166,10.825,816.39563,21.908073,11.739275,-0.257688
2167,10.83,814.56438,21.907059,11.737986,-0.258174
2168,10.835,813.07648,21.906028,11.736693,-0.258669
2169,10.84,811.35968,21.904981,11.735399,-0.259171
2170,10.845,809.07062,21.903939,11.734102,-0.25967
2171,10.85,807.35382,21.90291,11.732802,-0.26016
2172,10.855,805.75147,21.901886,11.7315,-0.260647
2173,10.86,803.80576,21.900838,11.730196,-0.261145
2174,10.865,802.66123,21.899788,11.728889,-0.261644
2175,10.87,801.05888,21.898728,11.727579,-0.262146
2176,10.875,799.57099,21.897659,11.726267,-0.262653
2177,10.88,797.73974,21.896611,11.724953,-0.263147
2178,10.885,795.67958,21.895553,11.723636,-0.263646
2179,10.89,793.1616,21.894485,11.722316,-0.264148
2180,10.895,791.90262,21.893415,11.720994,-0.26465
2181,10.9,789.61355,21.892366,11.71967,-0.265141
2182,10.905,787.55339,21.891323,11.718343,-0.265628
2183,10.91,786.0655,21.890294,11.717013,-0.266106
2184,10.915,784.3487,21.889293,11.715682,-0.26657
2185,10.92,782.8608,21.888306,11.714348,-0.267025
2186,10.925,780.80064,21.887318,11.713012,-0.26748
2187,10.93,778.74048,21.886304,11.711673,-0.267947
2188,10.935,776.68032,21.885289,11.710332,-0.268414
2189,10.94,774.73462,21.884272,11.708989,-0.268881
2190,10.945,773.13227,21.883245,11.707643,-0.269352
2191,10.95,770.95766,21.882201,11.706295,-0.26983
2192,10.955,769.1264,21.88114,11.704945,-0.270317
2193,10.96,767.52406,21.880076,11.703592,-0.270804
2194,10.965,765.57835,21.879042,11.702237,-0.271275
2195,10.97,763.7471,21.878022,11.700879,-0.271738
2196,10.975,762.71702,21.877001,11.69952,-0.272201
2197,10.98,761.11467,21.875961,11.698157,-0.272671
2198,10.985,759.51232,21.874912,11.696793,-0.273146
2199,10.99,757.1088,21.873877,11.695426,-0.273613
2200,10.995,755.73536,21.872857,11.694057,-0.274072
2201,11,754.01856,21.871866,11.692685,-0.274516
2202,11.005,752.75958,21.870833,11.691312,-0.274979
2203,11.01,751.9584,21.86976,11.689935,-0.275461
2204,11.015,750.58496,21.86874,11.688557,-0.275917
2205,11.02,749.09707,21.867718,11.687176,-0.276372
2206,11.025,747.60918,21.866655,11.685793,-0.276847
2207,11.03,746.12128,21.865606,11.684408,-0.277313
2208,11.035,744.74784,21.864523,11.68302,-0.277796
2209,11.04,743.60331,21.863431,11.68163,-0.278283
2210,11.045,742.00096,21.862392,11.680237,-0.278742
2211,11.05,740.51307,21.86136,11.678842,-0.279197
2212,11.055,739.02518,21.860327,11.677445,-0.279652
2213,11.06,738.10955,21.859283,11.676046,-0.280111
2214,11.065,736.73611,21.858206,11.674644,-0.280586
2215,11.07,735.01931,21.857134,11.67324,-0.281057
2216,11.075,732.8447,21.85611,11.671834,-0.281504
2217,11.08,731.47126,21.855117,11.670425,-0.281936
2218,11.085,730.32672,21.854098,11.669014,-0.282379
2219,11.09,728.72438,21.853044,11.667601,-0.282838
2220,11.095,727.12203,21.852005,11.666186,-0.283289
2221,11.1,725.9775,21.850956,11.664768,-0.283745
2222,11.105,724.71851,21.849906,11.663348,-0.2842
2223,11.11,723.91734,21.848928,11.661926,-0.284619
2224,11.115,722.42944,21.847915,11.660502,-0.285055
2225,11.12,721.17046,21.846877,11.659076,-0.285502
2226,11.125,719.3392,21.845878,11.657647,-0.28593
2227,11.13,717.73686,21.844877,11.656217,-0.286357
2228,11.135,716.24896,21.843867,11.654784,-0.286789
2229,11.14,715.21888,21.842871,11.653349,-0.287212
2230,11.145,713.61654,21.841833,11.651911,-0.287656
2231,11.15,712.12864,21.840801,11.650472,-0.288095
2232,11.155,710.41184,21.839835,11.649031,-0.288503
2233,11.16,709.15286,21.838817,11.647587,-0.288934
2234,11.165,708.58059,21.837797,11.646141,-0.289366
2235,11.17,707.3216,21.836793,11.644693,-0.28979
2236,11.175,706.17707,21.835821,11.643243,-0.290197
2237,11.18,704.68918,21.834881,11.641791,-0.29059
2238,11.185,703.31574,21.833906,11.640337,-0.290997
2239,11.19,702.05675,21.832913,11.638881,-0.291413
2240,11.195,701.14112,21.831868,11.637423,-0.291853
2241,11.2,700.2255,21.830822,11.635963,-0.292292
2242,11.205,698.62315,21.829816,11.6345,-0.292712
2243,11.21,697.24971,21.828808,11.633036,-0.293131
2244,11.215,695.76182,21.827782,11.631569,-0.293559
2245,11.22,694.96064,21.826764,11.6301,-0.293983
2246,11.225,694.04502,21.825752,11.628629,-0.294402
2247,11.23,692.55712,21.824739,11.627156,-0.294822
2248,11.235,690.72587,21.823741,11.625681,-0.295234
2249,11.24,689.12352,21.822751,11.624204,-0.295642
2250,11.245,687.75008,21.821733,11.622725,-0.296061
2251,11.25,686.72,21.820706,11.621243,-0.296485
2252,11.255,685.91883,21.819686,11.61976,-0.296905
2253,11.26,684.31648,21.818638,11.618274,-0.297336
2254,11.265,682.82859,21.817597,11.616786,-0.297764
2255,11.27,682.25632,21.816581,11.615297,-0.29818
2256,11.275,680.42507,21.815572,11.613805,-0.298591
2257,11.28,679.16608,21.814554,11.612311,-0.299007
2258,11.285,678.02155,21.813516,11.610815,-0.299431
2259,11.29,676.53366,21.812468,11.609316,-0.299858
2260,11.295,675.04576,21.811445,11.607816,-0.300274
2261,11.3,673.90123,21.810437,11.606314,-0.300682
2262,11.305,672.06998,21.809403,11.604809,-0.301102
2263,11.31,670.69654,21.808349,11.603303,-0.301529
2264,11.315,668.97974,21.807311,11.601794,-0.301949
2265,11.32,667.14848,21.806298,11.600283,-0.302357
2266,11.325,665.43168,21.805328,11.59877,-0.302745
2267,11.33,664.4016,21.804365,11.597256,-0.303129
2268,11.335,663.37152,21.803366,11.595739,-0.303529
2269,11.34,661.99808,21.802365,11.59422,-0.303929
2270,11.345,660.28128,21.801381,11.5927,-0.304321
2271,11.35,659.13675,21.800368,11.591177,-0.304725
2272,11.355,657.76331,21.799346,11.589653,-0.305133
2273,11.36,656.61878,21.798305,11.588126,-0.305549
2274,11.365,656.27542,21.797253,11.586597,-0.305969
2275,11.37,654.78752,21.796236,11.585066,-0.306372
2276,11.375,654.1008,21.795235,11.583533,-0.306769
2277,11.38,652.49846,21.79425,11.581998,-0.307157
2278,11.385,651.12502,21.793264,11.580462,-0.307545
2279,11.39,650.20939,21.792224,11.578923,-0.307957
2280,11.395,649.52267,21.791182,11.577382,-0.308369
2281,11.4,647.69142,21.790174,11.575839,-0.308765
2282,11.405,646.89024,21.789201,11.574295,-0.309145
2283,11.41,645.97462,21.788217,11.572748,-0.309529
2284,11.415,644.37227,21.787161,11.571199,-0.309945
2285,11.42,643.11328,21.786139,11.569648,-0.310345
2286,11.425,641.62539,21.785179,11.568096,-0.310717
2287,11.43,640.93867,21.784236,11.566541,-0.311082
2288,11.435,640.48086,21.783282,11.564985,-0.31145
2289,11.44,639.22187,21.78231,11.563427,-0.311827
2290,11.445,637.84843,21.7813,11.561867,-0.312219
2291,11.45,636.13163,21.780252,11.560305,-0.312627
2292,11.455,634.9871,21.77924,11.55874,-0.313019
2293,11.46,633.84256,21.778244,11.557174,-0.313403
2294,11.465,632.58358,21.777238,11.555606,-0.313791
2295,11.47,630.98123,21.776222,11.554036,-0.314183
2296,11.475,629.60779,21.775177,11.552465,-0.314587
2297,11.48,628.1199,21.774185,11.550891,-0.314968
2298,11.485,626.74646,21.773247,11.549315,-0.315324
2299,11.49,625.48747,21.772308,11.547737,-0.315681
2300,11.495,624.45739,21.77135,11.546158,-0.316045
2301,11.5,623.1984,21.770363,11.544577,-0.316422
2302,11.505,622.28278,21.769365,11.542994,-0.316802
2303,11.51,620.56598,21.768367,11.541409,-0.317182
2304,11.515,619.07808,21.767376,11.539822,-0.317559
2305,11.52,617.13238,21.766366,11.538233,-0.317943
2306,11.525,615.75894,21.765382,11.536643,-0.318315
2307,11.53,614.15659,21.764407,11.53505,-0.318684
2308,11.535,612.43979,21.763393,11.533456,-0.319068
2309,11.54,610.72299,21.76236,11.531859,-0.31946
2310,11.545,609.12064,21.761343,11.530261,-0.319845
2311,11.55,607.97611,21.760363,11.528661,-0.320213
2312,11.555,606.71712,21.759419,11.527059,-0.320566
2313,11.56,605.11478,21.758492,11.525455,-0.320911
2314,11.565,603.62688,21.757545,11.52385,-0.321263
2315,11.57,602.3679,21.756598,11.522243,-0.321616
2316,11.575,600.99446,21.755659,11.520634,-0.321965
2317,11.58,599.73547,21.754709,11.519023,-0.322318
2318,11.585,598.36203,21.75374,11.517411,-0.322678
2319,11.59,596.64523,21.752769,11.515796,-0.323039
2320,11.595,595.04288,21.751817,11.51418,-0.323392
2321,11.6,593.44054,21.750863,11.512562,-0.323744
2322,11.605,591.26592,21.74987,11.510943,-0.324113
2323,11.61,589.43467,21.748877,11.509321,-0.324481
2324,11.615,587.60342,21.747882,11.507698,-0.32485
2325,11.62,586.34443,21.746877,11.506073,-0.325222
2326,11.625,585.08544,21.745871,11.504446,-0.325595
2327,11.63,583.712,21.74492,11.502817,-0.325943
2328,11.635,582.45302,21.744025,11.501186,-0.326269
2329,11.64,581.07958,21.743063,11.499554,-0.326621
2330,11.645,579.24832,21.742062,11.49792,-0.32699
2331,11.65,577.76043,21.741088,11.496284,-0.327346
2332,11.655,576.50144,21.740132,11.494647,-0.327695
2333,11.66,575.35691,21.739175,11.493007,-0.328044
2334,11.665,573.75456,21.738226,11.491366,-0.328389
2335,11.67,571.92331,21.737305,11.489723,-0.328722
2336,11.675,571.00768,21.736393,11.488079,-0.329051
2337,11.68,569.9776,21.73547,11.486433,-0.329384
2338,11.685,568.94752,21.734498,11.484785,-0.329737
2339,11.69,567.45963,21.733535,11.483136,-0.330086
2340,11.695,566.20064,21.732629,11.481484,-0.330411
2341,11.7,564.02603,21.731702,11.479831,-0.330744
2342,11.705,562.30923,21.730755,11.478177,-0.331085
2343,11.71,560.47798,21.729808,11.476521,-0.331426
2344,11.715,558.30336,21.728868,11.474863,-0.331763
2345,11.72,556.58656,21.727948,11.473203,-0.332092
2346,11.725,554.98422,21.727045,11.471542,-0.332413
2347,11.73,553.38187,21.726142,11.469879,-0.332734
2348,11.735,552.5807,21.725237,11.468214,-0.333055
2349,11.74,551.43616,21.724332,11.466548,-0.333377
2350,11.745,550.8639,21.723407,11.464881,-0.333706
2351,11.75,549.49046,21.722451,11.463211,-0.334047
2352,11.755,548.23147,21.721476,11.46154,-0.334395
2353,11.76,547.08694,21.720548,11.459867,-0.334724
2354,11.765,545.82795,21.719638,11.458193,-0.335046
2355,11.77,543.9967,21.718756,11.456517,-0.335355
2356,11.775,542.5088,21.717893,11.454839,-0.335657
2357,11.78,541.13536,21.71701,11.45316,-0.335966
2358,11.785,539.41856,21.716146,11.45148,-0.336268
2359,11.79,537.93067,21.715271,11.449798,-0.336573
2360,11.795,536.21387,21.714376,11.448114,-0.336886
2361,11.8,534.95488,21.71346,11.446429,-0.337208
2362,11.805,533.81035,21.712534,11.444742,-0.337533
2363,11.81,533.23808,21.711616,11.443053,-0.337854
2364,11.815,531.9791,21.710698,11.441363,-0.338175
2365,11.82,531.17792,21.709769,11.439672,-0.3385
2366,11.825,529.91894,21.708859,11.437978,-0.338818
2367,11.83,528.65995,21.707997,11.436284,-0.339115
2368,11.835,527.17206,21.707144,11.434587,-0.339409
2369,11.84,525.79862,21.70629,11.432889,-0.339703
2370,11.845,524.31072,21.705455,11.43119,-0.339988
2371,11.85,523.50955,21.70463,11.42949,-0.34027
2372,11.855,521.79275,21.703823,11.427788,-0.340544
2373,11.86,519.84704,21.703026,11.426084,-0.340814
2374,11.865,518.13024,21.702178,11.424379,-0.341104
2375,11.87,516.18454,21.701271,11.422673,-0.341417
2376,11.875,514.46774,21.700353,11.420965,-0.341734
2377,11.88,512.63648,21.699464,11.419256,-0.34204
2378,11.885,511.6064,21.698593,11.417545,-0.342337
2379,11.89,510.69078,21.697722,11.415832,-0.342635
2380,11.895,509.43179,21.696841,11.414118,-0.342937
2381,11.9,508.28726,21.695968,11.412403,-0.343234
2382,11.905,506.91382,21.695085,11.410686,-0.343536
2383,11.91,505.54038,21.694211,11.408968,-0.343833
2384,11.915,504.7392,21.693356,11.407248,-0.344123
2385,11.92,503.82358,21.692481,11.405526,-0.344421
2386,11.925,503.13686,21.691584,11.403804,-0.344726
2387,11.93,501.64896,21.690687,11.402079,-0.345032
2388,11.935,500.27552,21.689819,11.400353,-0.345325
2389,11.94,498.44427,21.688981,11.398626,-0.345607
2390,11.945,497.07083,21.688141,11.396897,-0.345889
2391,11.95,496.04075,21.687321,11.395167,-0.346163
2392,11.955,494.89622,21.686501,11.393436,-0.346437
2393,11.96,493.63723,21.68569,11.391703,-0.346707
2394,11.965,491.92043,21.684938,11.389969,-0.346953
2395,11.97,490.54699,21.684165,11.388233,-0.347207
2396,11.975,489.0591,21.683332,11.386496,-0.347485
2397,11.98,488.14347,21.682458,11.384758,-0.347779
2398,11.985,486.88448,21.681573,11.383019,-0.348077
2399,11.99,485.8544,21.680708,11.381278,-0.348366
2400,11.995,484.59542,21.679822,11.379535,-0.348664
2401,12,483.10752,21.678935,11.377791,-0.348961
2402,12.005,481.73408,21.678077,11.376045,-0.349247
2403,12.01,480.01728,21.677188,11.374298,-0.349545
2404,12.015,478.9872,21.676299,11.37255,-0.349842
2405,12.02,477.49931,21.67548,11.3708,-0.350112
2406,12.025,477.15595,21.67466,11.369049,-0.350382
2407,12.03,476.35478,21.673829,11.367296,-0.350656
2408,12.035,475.5536,21.673028,11.365542,-0.350918
2409,12.04,474.52352,21.672197,11.363787,-0.351192
2410,12.045,473.49344,21.671344,11.36203,-0.351474
2411,12.05,472.57782,21.67049,11.360272,-0.351756
2412,12.055,470.74656,21.669626,11.358513,-0.352042
2413,12.06,469.71648,21.66874,11.356752,-0.352335
2414,12.065,468.6864,21.667885,11.354989,-0.352617
2415,12.07,467.54187,21.667028,11.353226,-0.352899
2416,12.075,466.28288,21.666171,11.35146,-0.353181
2417,12.08,464.45163,21.665365,11.349694,-0.353443
2418,12.085,463.19264,21.664568,11.347926,-0.353701
2419,12.09,462.04811,21.66376,11.346157,-0.353963
2420,12.095,461.36139,21.662951,11.344386,-0.354226
2421,12.1,460.21686,21.662112,11.342615,-0.3545
2422,12.105,459.30123,21.661292,11.340841,-0.354766
2423,12.11,458.61451,21.660533,11.339067,-0.355008
2424,12.115,457.58443,21.659773,11.337291,-0.355251
2425,12.12,455.98208,21.659013,11.335514,-0.355493
2426,12.125,454.60864,21.658242,11.333736,-0.355739
2427,12.13,453.0063,21.657461,11.331957,-0.35599
2428,12.135,451.86176,21.656679,11.330176,-0.35624
2429,12.14,450.71723,21.655875,11.328395,-0.356498
2430,12.145,449.34379,21.65502,11.326611,-0.356776
2431,12.15,448.0848,21.654143,11.324827,-0.357062
2432,12.155,447.16918,21.653307,11.323041,-0.357332
2433,12.16,446.1391,21.652512,11.321254,-0.357586
2434,12.165,444.99456,21.651664,11.319465,-0.35786
2435,12.17,443.73558,21.650784,11.317675,-0.358146
2436,12.175,442.7055,21.649925,11.315884,-0.358424
2437,12.18,441.33206,21.649127,11.314091,-0.358678
2438,12.185,439.84416,21.648381,11.312297,-0.358913
2439,12.19,438.47072,21.647613,11.310502,-0.359155
2440,12.195,437.5551,21.646855,11.308705,-0.359394
2441,12.2,436.29611,21.646086,11.306908,-0.359636
2442,12.205,435.72384,21.645275,11.305109,-0.359894
2443,12.21,434.69376,21.644464,11.303309,-0.360152
2444,12.215,434.23595,21.643703,11.301507,-0.360391
2445,12.22,433.66368,21.642964,11.299705,-0.360621
2446,12.225,432.74806,21.642224,11.297901,-0.360852
2447,12.23,431.83243,21.641462,11.296096,-0.361091
2448,12.235,430.57344,21.640679,11.29429,-0.361337
2449,12.24,428.74219,21.639906,11.292483,-0.361579
2450,12.245,427.71211,21.639133,11.290674,-0.361822
2451,12.25,426.10976,21.63838,11.288865,-0.362056
2452,12.255,425.07968,21.637605,11.287054,-0.362299
2453,12.26,424.0496,21.63683,11.285242,-0.362541
2454,12.265,422.79062,21.636075,11.283428,-0.362776
2455,12.27,421.64608,21.63532,11.281614,-0.36301
2456,12.275,420.616,21.634533,11.279798,-0.363257
2457,12.28,419.12811,21.633703,11.277981,-0.363519
2458,12.285,418.44139,21.632894,11.276163,-0.363773
2459,12.29,417.52576,21.632127,11.274344,-0.364012
2460,12.295,416.61014,21.631369,11.272523,-0.364246
2461,12.3,415.4656,21.630579,11.270701,-0.364493
2462,12.305,414.32107,21.629842,11.268878,-0.364719
2463,12.31,412.71872,21.629104,11.267054,-0.364946
2464,12.315,411.23083,21.628302,11.265229,-0.365196
2465,12.32,409.97184,21.62751,11.263402,-0.365443
2466,12.325,408.3695,21.626728,11.261574,-0.365685
2467,12.33,407.56832,21.62603,11.259745,-0.365896
2468,12.335,406.53824,21.625385,11.257915,-0.366087
2469,12.34,405.27926,21.624687,11.256084,-0.366298
2470,12.345,404.24918,21.623935,11.254252,-0.366529
2471,12.35,403.2191,21.623204,11.252419,-0.366752
2472,12.355,402.07456,21.622504,11.250585,-0.366963
2473,12.36,401.7312,21.621783,11.248749,-0.367181
2474,12.365,401.38784,21.621082,11.246913,-0.367392
2475,12.37,400.35776,21.620413,11.245076,-0.367591
2476,12.375,399.67104,21.619712,11.243237,-0.367802
2477,12.38,398.75542,21.618999,11.241398,-0.368017
2478,12.385,397.49643,21.618297,11.239557,-0.368228
2479,12.39,396.46635,21.617573,11.237715,-0.368447
2480,12.395,395.43627,21.61687,11.235872,-0.368658
2481,12.4,393.71947,21.616167,11.234029,-0.368869
2482,12.405,392.34603,21.615431,11.232184,-0.369092
2483,12.41,390.97259,21.614663,11.230338,-0.369326
2484,12.415,389.7136,21.613926,11.22849,-0.369549
2485,12.42,387.7679,21.613232,11.226642,-0.369756
2486,12.425,386.28,21.612505,11.224793,-0.369975
2487,12.43,384.67766,21.611767,11.222942,-0.370197
2488,12.435,383.99094,21.611072,11.221091,-0.370404
2489,12.44,382.96086,21.610408,11.219238,-0.3706
2490,12.445,382.04523,21.609722,11.217385,-0.370803
2491,12.45,381.24406,21.609025,11.21553,-0.37101
2492,12.455,380.44288,21.608318,11.213675,-0.371221
2493,12.46,378.84054,21.607588,11.211818,-0.371439
2494,12.465,378.03936,21.606858,11.20996,-0.371658
2495,12.47,377.4671,21.606149,11.208102,-0.371869
2496,12.475,376.55147,21.605461,11.206242,-0.372072
2497,12.48,375.9792,21.60474,11.204381,-0.372287
2498,12.485,374.37686,21.604008,11.202519,-0.372506
2499,12.49,373.46123,21.603351,11.200656,-0.372697
2500,12.495,372.43115,21.602694,11.198792,-0.372888
2501,12.5,371.40107,21.601993,11.196927,-0.373095
2502,12.505,370.8288,21.601292,11.195061,-0.373302
2503,12.51,369.68427,21.600569,11.193194,-0.373517
2504,12.515,368.8831,21.599835,11.191326,-0.373736
2505,12.52,368.08192,21.599111,11.189457,-0.373951
2506,12.525,367.62411,21.598441,11.187586,-0.374146
2507,12.53,366.82294,21.597803,11.185715,-0.374329
2508,12.535,365.6784,21.597121,11.183843,-0.374529
2509,12.54,364.41942,21.596418,11.18197,-0.374736
2510,12.545,363.16043,21.595703,11.180096,-0.374947
2511,12.55,361.67254,21.594987,11.17822,-0.375157
2512,12.555,360.2991,21.594293,11.176344,-0.37536
2513,12.56,359.49792,21.593631,11.174467,-0.375552
2514,12.565,358.46784,21.59298,11.172589,-0.375739
2515,12.57,356.97995,21.592328,11.170709,-0.375926
2516,12.575,355.94987,21.591687,11.168829,-0.37611
2517,12.58,354.34752,21.591002,11.166948,-0.376309
2518,12.585,354.23307,21.590317,11.165066,-0.376508
2519,12.59,354.23307,21.589686,11.163183,-0.376687
2520,12.595,353.6608,21.589043,11.161299,-0.376871
2521,12.6,352.85963,21.588379,11.159415,-0.377062
2522,12.605,352.05846,21.587692,11.157529,-0.377261
2523,12.61,350.91392,21.586961,11.155642,-0.377476
2524,12.615,349.65494,21.586219,11.153754,-0.377695
2525,12.62,348.96822,21.585542,11.151865,-0.37789
2526,12.625,348.39595,21.584898,11.149975,-0.378073
2527,12.63,347.36587,21.584231,11.148084,-0.378265
2528,12.635,346.90806,21.583608,11.146192,-0.37844
2529,12.64,346.22134,21.582995,11.1443,-0.378612
2530,12.645,345.42016,21.582339,11.142406,-0.378799
2531,12.65,344.73344,21.581693,11.140512,-0.378982
2532,12.655,343.36,21.581057,11.138616,-0.379162
2533,12.66,342.10102,21.580433,11.13672,-0.379337
2534,12.665,341.18539,21.57984,11.134823,-0.379501
2535,12.67,340.49867,21.579248,11.132925,-0.379664
2536,12.675,340.04086,21.578644,11.131026,-0.379832
2537,12.68,338.89632,21.57803,11.129127,-0.380004
2538,12.685,337.52288,21.577403,11.127226,-0.380179
2539,12.69,336.83616,21.576777,11.125325,-0.380355
2540,12.695,336.14944,21.57615,11.123423,-0.38053
2541,12.7,335.11936,21.575512,11.12152,-0.380709
2542,12.705,333.97483,21.574852,11.119616,-0.380897
2543,12.71,333.17366,21.574225,11.117711,-0.381072
2544,12.715,332.25803,21.573597,11.115805,-0.381248
2545,12.72,331.80022,21.572924,11.113898,-0.381439
2546,12.725,331.1135,21.572285,11.111991,-0.381618
2547,12.73,330.65568,21.571645,11.110082,-0.381798
2548,12.735,329.6256,21.571049,11.108173,-0.381961
2549,12.74,328.70998,21.570464,11.106263,-0.382121
2550,12.745,328.59552,21.569834,11.104352,-0.382297
2551,12.75,327.9088,21.569216,11.10244,-0.382468
2552,12.755,326.99317,21.568574,11.100527,-0.382648
2553,12.76,326.192,21.567922,11.098613,-0.382831
2554,12.765,325.16192,21.567291,11.096699,-0.383006
2555,12.77,323.90293,21.566649,11.094783,-0.383186
2556,12.775,322.98731,21.565973,11.092867,-0.383377
2557,12.78,322.41504,21.565264,11.090949,-0.38358
2558,12.785,321.72832,21.564576,11.089031,-0.383775
2559,12.79,320.58379,21.563955,11.087112,-0.383947
2560,12.795,320.01152,21.563389,11.085191,-0.384099
2561,12.8,318.63808,21.562856,11.083271,-0.384239
2562,12.805,317.49355,21.562301,11.081349,-0.384387
2563,12.81,316.34901,21.561734,11.079427,-0.384539
2564,12.815,316.00565,21.561134,11.077504,-0.384702
2565,12.82,315.20448,21.560534,11.07558,-0.384866
2566,12.825,314.97557,21.559944,11.073655,-0.385026
2567,12.83,314.05995,21.559376,11.071729,-0.385177
2568,12.835,313.25878,21.558809,11.069803,-0.385329
2569,12.84,312.80096,21.55814,11.067876,-0.385517
2570,12.845,312.68651,21.55746,11.065948,-0.385708
2571,12.85,311.65643,21.556803,11.064019,-0.385891
2572,12.855,310.85526,21.556189,11.062089,-0.386059
2573,12.86,310.05408,21.555642,11.060158,-0.386203
2574,12.865,309.13846,21.555118,11.058227,-0.386339
2575,12.87,307.99392,21.554571,11.056295,-0.386483
2576,12.875,307.76502,21.55399,11.054362,-0.386639
2577,12.88,306.96384,21.553408,11.052429,-0.386794
2578,12.885,306.16267,21.552805,11.050494,-0.386958
2579,12.89,305.81931,21.552178,11.048559,-0.38713
2580,12.895,305.24704,21.551563,11.046623,-0.387297
2581,12.9,304.67478,21.55097,11.044686,-0.387457
2582,12.905,304.33142,21.550432,11.042749,-0.387597
2583,12.91,303.41579,21.549917,11.04081,-0.387729
2584,12.915,302.61462,21.549323,11.038871,-0.387889
2585,12.92,302.1568,21.548706,11.036931,-0.388056
2586,12.925,301.69899,21.548089,11.034991,-0.388224
2587,12.93,301.47008,21.547483,11.033049,-0.388388
2588,12.935,300.44,21.546955,11.031107,-0.388524
2589,12.94,299.63883,21.546428,11.029164,-0.38866
2590,12.945,298.60875,21.545866,11.02722,-0.388808
2591,12.95,297.80758,21.545315,11.025276,-0.388952
2592,12.955,296.54859,21.544798,11.023331,-0.389084
2593,12.96,295.40406,21.544247,11.021385,-0.389228
2594,12.965,294.48843,21.543651,11.019438,-0.389388
2595,12.97,293.3439,21.54302,11.017491,-0.389559
2596,12.975,291.856,21.54239,11.015543,-0.389731
2597,12.98,290.94038,21.541781,11.013594,-0.389894
2598,12.985,290.02475,21.541173,11.011644,-0.390058
2599,12.99,289.9103,21.540598,11.009693,-0.39021
2600,12.995,288.88022,21.540011,11.007742,-0.390366
2601,13,287.73568,21.539402,11.005789,-0.390529
2602,13.005,286.36224,21.538826,11.003836,-0.390681
2603,13.01,285.21771,21.538262,11.001883,-0.390829
2604,13.015,284.30208,21.537686,10.999928,-0.390981
2605,13.02,283.15755,21.537143,10.997973,-0.391121
2606,13.025,281.78411,21.5366,10.996017,-0.391261
2607,13.03,280.29622,21.536046,10.99406,-0.391405
2608,13.035,278.57942,21.535503,10.992103,-0.391545
2609,13.04,277.43488,21.534971,10.990145,-0.391681
2610,13.045,276.97707,21.534405,10.988186,-0.391829
2611,13.05,276.63371,21.53385,10.986227,-0.391973
2612,13.055,276.1759,21.533352,10.984266,-0.392097
2613,13.06,275.60363,21.532853,10.982306,-0.392222
2614,13.065,275.26027,21.532309,10.980344,-0.392362
2615,13.07,274.4591,21.531742,10.978382,-0.39251
2616,13.075,273.77238,21.531163,10.976419,-0.392661
2617,13.08,272.62784,21.530607,10.974455,-0.392805
2618,13.085,272.39894,21.530062,10.972491,-0.392945
2619,13.09,271.36886,21.529472,10.970526,-0.393101
2620,13.095,269.76651,21.528869,10.96856,-0.393261
2621,13.1,268.50752,21.528312,10.966593,-0.393405
2622,13.105,267.24854,21.527801,10.964626,-0.393533
2623,13.11,266.79072,21.527243,10.962658,-0.393677
2624,13.115,265.98955,21.526652,10.960689,-0.393833
2625,13.12,265.53174,21.526082,10.95872,-0.393981
2626,13.125,264.61611,21.525513,10.956749,-0.394129
2627,13.13,263.70048,21.524943,10.954778,-0.394277
2628,13.135,262.6704,21.524408,10.952807,-0.394413
2629,13.14,261.64032,21.523872,10.950834,-0.394549
2630,13.145,260.61024,21.523324,10.948861,-0.394689
2631,13.15,259.80907,21.522754,10.946887,-0.394837
2632,13.155,258.89344,21.522172,10.944913,-0.394989
2633,13.16,258.32118,21.521635,10.942937,-0.395125
2634,13.165,257.74891,21.521156,10.940962,-0.395241
2635,13.17,256.26102,21.520665,10.938985,-0.395361
2636,13.175,255.45984,21.520139,10.937008,-0.395494
2637,13.18,254.20086,21.519579,10.93503,-0.395638
2638,13.185,253.17078,21.519064,10.933052,-0.395766
2639,13.19,252.71296,21.518595,10.931072,-0.395878
2640,13.195,252.1407,21.518126,10.929093,-0.395991
2641,13.2,251.33952,21.517657,10.927113,-0.396103
2642,13.205,250.53835,21.517199,10.925132,-0.396212
2643,13.21,249.96608,21.516752,10.92315,-0.396316
2644,13.215,248.82155,21.516305,10.921169,-0.396421
2645,13.22,248.24928,21.515859,10.919186,-0.396525
2646,13.225,246.87584,21.515423,10.917203,-0.396626
2647,13.23,245.5024,21.514999,10.91522,-0.396723
2648,13.235,244.12896,21.514517,10.913236,-0.396839
2649,13.24,243.09888,21.514001,10.911252,-0.396967
2650,13.245,241.95435,21.513508,10.909266,-0.397088
2651,13.25,240.80982,21.513072,10.907281,-0.397188
2652,13.255,240.00864,21.512681,10.905295,-0.397273
2653,13.26,239.09302,21.512268,10.903308,-0.397366
2654,13.265,238.06294,21.511797,10.901321,-0.397478
2655,13.27,237.03286,21.511349,10.899333,-0.397583
2656,13.275,236.34614,21.510935,10.897345,-0.397676
2657,13.28,235.43051,21.510521,10.895356,-0.397769
2658,13.285,234.62934,21.510108,10.893367,-0.397861
2659,13.29,233.37035,21.509682,10.891378,-0.397958
2660,13.295,232.79808,21.509199,10.889388,-0.398074
2661,13.3,231.65355,21.508693,10.887397,-0.398199
2662,13.305,230.85238,21.508221,10.885406,-0.398311
2663,13.31,229.8223,21.507749,10.883414,-0.398424
2664,13.315,228.79222,21.507254,10.881422,-0.398544
2665,13.32,227.87659,21.506747,10.879428,-0.398668
2666,13.325,226.84651,21.506274,10.877435,-0.398781
2667,13.33,225.81643,21.505848,10.875441,-0.398877
2668,13.335,225.01526,21.505398,10.873446,-0.398982
2669,13.34,223.41291,21.504937,10.871451,-0.39909
2670,13.345,222.03947,21.50451,10.869455,-0.399187
2671,13.35,220.66603,21.504095,10.867459,-0.39928
2672,13.355,219.7504,21.503668,10.865462,-0.399377
2673,13.36,219.17814,21.503206,10.863465,-0.399485
2674,13.365,217.91915,21.502767,10.861468,-0.399586
2675,13.37,216.66016,21.502352,10.859469,-0.399679
2676,13.375,215.40118,21.501924,10.857471,-0.399775
2677,13.38,214.14219,21.501508,10.855472,-0.399868
2678,13.385,213.56992,21.501104,10.853472,-0.399957
2679,13.39,212.6543,21.500688,10.851472,-0.40005
2680,13.395,211.50976,21.500248,10.849472,-0.40015
2681,13.4,210.70859,21.499797,10.847471,-0.400255
2682,13.405,209.2207,21.499358,10.845469,-0.400356
2683,13.41,207.96171,21.498953,10.843467,-0.400444
2684,13.415,207.04608,21.498536,10.841465,-0.400537
2685,13.42,207.04608,21.498131,10.839462,-0.400626
2686,13.425,205.7871,21.497725,10.837458,-0.400715
2687,13.43,204.52811,21.497297,10.835454,-0.400811
2688,13.435,203.26912,21.496903,10.83345,-0.400896
2689,13.44,202.46795,21.496509,10.831446,-0.400981
2690,13.445,201.32342,21.496069,10.82944,-0.401082
2691,13.45,200.52224,21.495628,10.827435,-0.401183
2692,13.455,199.49216,21.495222,10.825429,-0.401271
2693,13.46,199.37771,21.494828,10.823422,-0.401356
2694,13.465,198.80544,21.494434,10.821415,-0.401441
2695,13.47,198.34763,21.493993,10.819408,-0.401542
2696,13.475,197.54646,21.49354,10.8174,-0.401646
2697,13.48,197.2031,21.493169,10.815391,-0.401723
2698,13.485,196.63083,21.49282,10.813382,-0.401793
2699,13.49,195.4863,21.492437,10.811373,-0.401873
2700,13.495,194.22731,21.492065,10.809364,-0.40195
2701,13.5,193.54059,21.491694,10.807354,-0.402027
2702,13.505,193.08278,21.491264,10.805343,-0.402124
2703,13.51,192.96832,21.490845,10.803332,-0.402217
2704,13.515,192.51051,21.490462,10.801321,-0.402298
2705,13.52,191.70934,21.490078,10.799309,-0.402379
2706,13.525,191.48043,21.489694,10.797297,-0.40246
2707,13.53,191.59488,21.489299,10.795285,-0.402545
2708,13.535,191.02262,21.488903,10.793272,-0.40263
2709,13.54,190.5648,21.488554,10.791259,-0.402699
2710,13.545,190.10699,21.488193,10.789245,-0.402772
2711,13.55,188.96246,21.487786,10.787231,-0.402861
2712,13.555,188.16128,21.487413,10.785216,-0.402938
2713,13.56,187.36011,21.487087,10.783202,-0.402999
2714,13.565,186.21558,21.486784,10.781186,-0.403052
2715,13.57,185.64331,21.486423,10.779171,-0.403125
2716,13.575,184.95659,21.486039,10.777155,-0.403206
2717,13.58,184.26987,21.485654,10.775139,-0.403287
2718,13.585,183.6976,21.485269,10.773122,-0.403368
2719,13.59,183.01088,21.484955,10.771105,-0.403426
2720,13.595,182.66752,21.484651,10.769088,-0.403479
2721,13.6,182.09526,21.484313,10.76707,-0.403544
2722,13.605,181.40854,21.483975,10.765053,-0.403609
2723,13.61,180.60736,21.483602,10.763034,-0.403686
2724,13.615,179.80619,21.483217,10.761016,-0.403767
2725,13.62,179.00502,21.482867,10.758997,-0.403836
2726,13.625,178.3183,21.48254,10.756977,-0.403898
2727,13.63,177.74603,21.482213,10.754958,-0.403959
2728,13.635,177.17376,21.481816,10.752938,-0.404044
2729,13.64,177.05931,21.481419,10.750917,-0.404129
2730,13.645,176.71595,21.48108,10.748896,-0.404194
2731,13.65,176.14368,21.480718,10.746875,-0.404267
2732,13.655,175.22806,21.480368,10.744854,-0.404336
2733,13.66,174.99915,21.480052,10.742832,-0.404393
2734,13.665,174.65579,21.479725,10.74081,-0.404455
2735,13.67,173.62571,21.479327,10.738787,-0.40454
2736,13.675,173.96907,21.478953,10.736764,-0.404617
2737,13.68,173.74016,21.478673,10.734741,-0.404662
2738,13.685,173.3968,21.478357,10.732718,-0.404719
2739,13.69,173.1679,21.478041,10.730694,-0.404777
2740,13.695,172.71008,21.47776,10.72867,-0.404822
2741,13.7,171.4511,21.477479,10.726646,-0.404868
2742,13.705,171.22219,21.477187,10.724621,-0.404917
2743,13.71,170.87883,21.476836,10.722597,-0.404986
2744,13.715,170.30656,21.47645,10.720572,-0.405067
2745,13.72,169.9632,21.476098,10.718546,-0.405136
2746,13.725,169.61984,21.47577,10.71652,-0.405198
2747,13.73,169.27648,21.475443,10.714494,-0.405259
2748,13.735,169.27648,21.475103,10.712468,-0.405324
2749,13.74,169.50539,21.474787,10.710441,-0.405381
2750,13.745,169.61984,21.474505,10.708414,-0.405427
2751,13.75,169.61984,21.474201,10.706387,-0.40548
2752,13.755,169.04758,21.473873,10.704359,-0.405541
2753,13.76,168.47531,21.473533,10.702331,-0.405607
2754,13.765,168.2464,21.473169,10.700303,-0.40568
2755,13.77,167.67414,21.472818,10.698274,-0.405749
2756,13.775,166.98742,21.472466,10.696245,-0.405818
2757,13.78,166.07179,21.472055,10.694216,-0.405907
2758,13.785,165.04171,21.47168,10.692186,-0.405984
2759,13.79,164.69835,21.471363,10.690156,-0.406041
2760,13.795,164.5839,21.471023,10.688126,-0.406106
2761,13.8,164.12608,21.470694,10.686095,-0.406168
2762,13.805,163.32491,21.470377,10.684064,-0.406225
2763,13.81,163.096,21.47006,10.682033,-0.406282
2764,13.815,162.8671,21.469778,10.680001,-0.406328
2765,13.82,162.63819,21.46945,10.67797,-0.406389
2766,13.825,161.1503,21.469062,10.675938,-0.40647
2767,13.83,160.57803,21.468721,10.673905,-0.406535
2768,13.835,159.54795,21.468416,10.671872,-0.406588
2769,13.84,159.20459,21.468087,10.669839,-0.40665
2770,13.845,159.77686,21.467722,10.667806,-0.406723
2771,13.85,159.77686,21.467381,10.665772,-0.406788
2772,13.855,159.77686,21.467088,10.663738,-0.406837
2773,13.86,160.00576,21.466805,10.661704,-0.406883
2774,13.865,158.97568,21.4665,10.659669,-0.406936
2775,13.87,158.28896,21.466217,10.657634,-0.406982
2776,13.875,157.48779,21.465947,10.655599,-0.407023
2777,13.88,157.7167,21.465641,10.653564,-0.407077
2778,13.885,157.02998,21.465335,10.651528,-0.40713
2779,13.89,156.2288,21.464994,10.649493,-0.407195
2780,13.895,155.88544,21.464617,10.647456,-0.407272
2781,13.9,155.88544,21.464264,10.64542,-0.407341
2782,13.905,155.19872,21.463958,10.643383,-0.407395
2783,13.91,154.74091,21.463628,10.641346,-0.407456
2784,13.915,154.39755,21.463275,10.639308,-0.407525
2785,13.92,154.16864,21.462992,10.637271,-0.407571
2786,13.925,152.7952,21.462651,10.635233,-0.407636
2787,13.93,152.68075,21.462227,10.633194,-0.407729
2788,13.935,152.68075,21.46185,10.631155,-0.407806
2789,13.94,152.45184,21.461508,10.629116,-0.407871
2790,13.945,152.33739,21.461178,10.627077,-0.407932
2791,13.95,152.33739,21.460907,10.625037,-0.407974
2792,13.955,151.99403,21.460612,10.622997,-0.408023
2793,13.96,151.76512,21.460258,10.620957,-0.408092
2794,13.965,150.8495,21.459951,10.618916,-0.408146
2795,13.97,150.04832,21.459645,10.616875,-0.408199
2796,13.975,149.3616,21.459267,10.614834,-0.408276
2797,13.98,148.78934,21.458878,10.612793,-0.408357
2798,13.985,148.10262,21.458535,10.610751,-0.408422
2799,13.99,146.95808,21.458158,10.608708,-0.408499
2800,13.995,146.61472,21.457733,10.606666,-0.408592
2801,14,146.04246,21.457343,10.604622,-0.408673
2802,14.005,145.81355,21.457024,10.602579,-0.40873
2803,14.01,145.12683,21.456705,10.600535,-0.408788
2804,14.015,144.55456,21.456362,10.598491,-0.408853
2805,14.02,143.63893,21.456055,10.596447,-0.408906
2806,14.025,142.72331,21.455795,10.594402,-0.408944
2807,14.03,141.80768,21.455571,10.592357,-0.40897
2808,14.035,140.54869,21.45537,10.590312,-0.408987
2809,14.04,140.31979,21.45511,10.588267,-0.409025
2810,14.045,140.09088,21.454802,10.586222,-0.409078
2811,14.05,139.28971,21.454495,10.584176,-0.409132
2812,14.055,138.71744,21.454211,10.582131,-0.409177
2813,14.06,138.25963,21.453939,10.580085,-0.409219
2814,14.065,137.45845,21.453655,10.578038,-0.409264
2815,14.07,137.57291,21.453395,10.575992,-0.409302
2816,14.075,136.65728,21.453206,10.573946,-0.409316
2817,14.08,136.08501,21.453028,10.571899,-0.409326
2818,14.085,135.85611,21.452804,10.569852,-0.409352
2819,14.09,135.6272,21.452555,10.567805,-0.409386
2820,14.095,134.82603,21.452212,10.565758,-0.409451
2821,14.1,133.68149,21.451845,10.563711,-0.409524
2822,14.105,133.45259,21.451502,10.561663,-0.409589
2823,14.11,133.22368,21.451135,10.559615,-0.409662
2824,14.115,132.88032,21.450839,10.557566,-0.409712
2825,14.12,132.42251,21.450626,10.555518,-0.409733
2826,14.125,132.65141,21.450425,10.553469,-0.409751
2827,14.13,131.96469,21.450152,10.55142,-0.409793
2828,14.135,131.85024,21.449868,10.549371,-0.409838
2829,14.14,131.16352,21.449619,10.547322,-0.409872
2830,14.145,130.59125,21.449335,10.545272,-0.409918
2831,14.15,129.79008,21.449027,10.543223,-0.409971
2832,14.155,129.21781,21.448731,10.541173,-0.41002
2833,14.16,128.87445,21.448494,10.539123,-0.41005
2834,14.165,127.95883,21.448257,10.537072,-0.41008
2835,14.17,127.15765,21.447984,10.535022,-0.410121
2836,14.175,126.69984,21.447747,10.532971,-0.410151
2837,14.18,125.55531,21.447522,10.53092,-0.410177
2838,14.185,124.41077,21.447249,10.528869,-0.410219
2839,14.19,123.72405,21.446953,10.526818,-0.410268
2840,14.195,122.80843,21.446668,10.524767,-0.410313
2841,14.2,122.00725,21.446395,10.522715,-0.410355
2842,14.205,122.12171,21.446146,10.520663,-0.410389
2843,14.21,121.09163,21.445909,10.518611,-0.410418
2844,14.215,120.51936,21.445672,10.516559,-0.410448
2845,14.22,120.40491,21.445458,10.514507,-0.41047
2846,14.225,119.71819,21.445257,10.512454,-0.410488
2847,14.23,118.23029,21.445055,10.510402,-0.410506
2848,14.235,117.20021,21.444853,10.508349,-0.410524
2849,14.24,116.17013,21.444699,10.506297,-0.410526
2850,14.245,114.91115,21.444533,10.504244,-0.410532
2851,14.25,113.76661,21.444343,10.502191,-0.410546
2852,14.255,112.96544,21.444118,10.500138,-0.410572
2853,14.26,112.39317,21.443881,10.498085,-0.410602
2854,14.265,111.82091,21.443667,10.496032,-0.410624
2855,14.27,111.24864,21.443453,10.493979,-0.410645
2856,14.275,110.67637,21.443287,10.491926,-0.410652
2857,14.28,110.33301,21.443121,10.489873,-0.410658
2858,14.285,110.10411,21.442931,10.487819,-0.410672
2859,14.29,109.8752,21.442706,10.485766,-0.410697
2860,14.295,108.95957,21.442433,10.483712,-0.410739
2861,14.3,108.27285,21.442195,10.481659,-0.410769
2862,14.305,107.24277,21.442005,10.479605,-0.410783
2863,14.31,106.78496,21.441792,10.477551,-0.410805
2864,14.315,105.98379,21.441602,10.475497,-0.410819
2865,14.32,105.18261,21.441388,10.473443,-0.41084
2866,14.325,104.49589,21.441139,10.471388,-0.410874
2867,14.33,104.26699,21.440901,10.469334,-0.410904
2868,14.335,103.80917,21.44064,10.467279,-0.410942
2869,14.34,103.69472,21.440379,10.465224,-0.410979
2870,14.345,102.89355,21.440153,10.463169,-0.411005
2871,14.35,101.74901,21.439987,10.461114,-0.411011
2872,14.355,100.71893,21.439785,10.459059,-0.411029
2873,14.36,99.45995,21.439535,10.457004,-0.411063
2874,14.365,98.20096,21.439309,10.454949,-0.411088
2875,14.37,97.8576,21.439084,10.452893,-0.411114
2876,14.375,97.8576,21.438822,10.450838,-0.411152
2877,14.38,97.62869,21.438597,10.448782,-0.411178
2878,14.385,96.59861,21.438371,10.446726,-0.411203
2879,14.39,95.91189,21.438145,10.44467,-0.411229
2880,14.395,94.76736,21.437931,10.442613,-0.411251
2881,14.4,93.50837,21.437693,10.440557,-0.411281
2882,14.405,92.47829,21.437479,10.438501,-0.411303
2883,14.41,92.0016,21.437265,10.436444,-0.411325
2884,14.415,91.50484,21.437063,10.434387,-0.411343
2885,14.42,90.61381,21.436885,10.432331,-0.411353
2886,14.425,89.55659,21.436731,10.430274,-0.411355
2887,14.43,88.84151,21.436552,10.428217,-0.411365
2888,14.435,88.22642,21.436362,10.42616,-0.411379
2889,14.44,87.99038,21.436172,10.424103,-0.411393
2890,14.445,87.74296,21.435993,10.422046,-0.411403
2891,14.45,87.91146,21.435839,10.419989,-0.411405
2892,14.455,87.35687,21.435637,10.417932,-0.411423
2893,14.46,86.92359,21.435435,10.415875,-0.411441
2894,14.465,87.08373,21.435244,10.413818,-0.411455
2895,14.47,86.93593,21.435007,10.411761,-0.411485
2896,14.475,85.64011,21.434781,10.409703,-0.41151
2897,14.48,85.4419,21.434626,10.407645,-0.411513
2898,14.485,85.23186,21.434495,10.405588,-0.411507
2899,14.49,84.11968,21.434364,10.40353,-0.411501
2900,14.495,82.75339,21.434222,10.401473,-0.411499
2901,14.5,81.86603,21.434043,10.399415,-0.411509
2902,14.505,81.31036,21.433853,10.397358,-0.411523
2903,14.51,80.3101,21.433675,10.3953,-0.411534
2904,14.515,78.60655,21.433472,10.393242,-0.411551
2905,14.52,77.42876,21.433246,10.391185,-0.411577
2906,14.525,76.38526,21.433056,10.389127,-0.411591
2907,14.53,75.25657,21.43289,10.387069,-0.411597
2908,14.535,74.27778,21.432723,10.385011,-0.411603
2909,14.54,74.23952,21.432568,10.382953,-0.411606
2910,14.545,73.3912,21.432426,10.380895,-0.411604
2911,14.55,72.74207,21.432283,10.378837,-0.411602
2912,14.555,71.43355,21.432152,10.376779,-0.411596
2913,14.56,70.296,21.432021,10.374721,-0.411591
2914,14.565,68.0376,21.431879,10.372663,-0.411589
2915,14.57,68.30783,21.43176,10.370605,-0.411579
2916,14.575,68.24003,21.431653,10.368547,-0.411566
2917,14.58,66.56843,21.431557,10.366489,-0.411548
2918,14.585,64.22104,21.43145,10.364431,-0.411535
2919,14.59,61.96046,21.431284,10.362374,-0.411541
2920,14.595,60.31193,21.431129,10.360316,-0.411543
2921,14.6,59.45033,21.430986,10.358258,-0.411541
2922,14.605,59.01575,21.430844,10.356201,-0.411539
2923,14.61,57.79893,21.430737,10.354143,-0.411526
2924,14.615,58.56959,21.43063,10.352085,-0.411512
2925,14.62,59.57736,21.430499,10.350028,-0.411506
2926,14.625,56.74804,21.43032,10.34797,-0.411517
2927,14.63,53.94567,21.430142,10.345913,-0.411527
2928,14.635,54.49614,21.429999,10.343855,-0.411525
2929,14.64,41.61523,21.429892,10.341797,-0.411511
2930,14.645,23.11957,21.429833,10.33974,-0.411482
2931,14.65,11.55979,21.429797,10.337683,-0.411445
