Point ID,Time [ms],Force [N],Energy [J],Displacement [mm],Velocity [m/s]
1,0,0,0,0,2.42
2,0.005,46.239147,0.00028,0.0121,2.420033
3,0.01,173.396801,0.001609,0.0242,2.420007
4,0.015,219.635948,0.003986,0.0363,2.419923
5,0.02,184.956588,0.006434,0.048399,2.419834
6,0.025,196.516375,0.008742,0.060498,2.419753
7,0.03,184.956588,0.011049,0.072597,2.419672
8,0.035,104.038081,0.012798,0.084695,2.419622
9,0.04,104.038081,0.014056,0.096793,2.419601
10,0.045,115.597867,0.015385,0.108891,2.419575
11,0.05,104.038081,0.016713,0.120989,2.419549
12,0.055,115.597867,0.018042,0.133087,2.419523
13,0.06,80.918507,0.019231,0.145184,2.419505
14,0.065,80.918507,0.020209,0.157282,2.419499
15,0.07,80.918507,0.021188,0.169379,2.419493
16,0.075,138.717441,0.022517,0.181477,2.419467
17,0.08,161.837014,0.024335,0.193574,2.419414
18,0.085,138.717441,0.026153,0.205671,2.41936
19,0.09,173.396801,0.02804,0.217767,2.419303
20,0.095,231.195735,0.030488,0.229864,2.419214
21,0.1,196.516375,0.033074,0.24196,2.419118
22,0.105,208.076161,0.035521,0.254055,2.419029
23,0.11,184.956588,0.037898,0.26615,2.418944
24,0.115,208.076161,0.040275,0.278244,2.418859
25,0.12,208.076161,0.042791,0.290338,2.418766
26,0.125,150.277228,0.044958,0.302432,2.418693
27,0.13,161.837014,0.046845,0.314525,2.418636
28,0.135,161.837014,0.048802,0.326618,2.418575
29,0.14,138.717441,0.05062,0.338711,2.418521
30,0.145,127.157654,0.052227,0.350804,2.41848
31,0.15,161.837014,0.053975,0.362896,2.41843
32,0.155,173.396801,0.056001,0.374988,2.418365
33,0.16,219.635948,0.058378,0.38708,2.41828
34,0.165,219.635948,0.061033,0.399171,2.418179
35,0.17,265.875095,0.063968,0.411261,2.418063
36,0.175,265.875095,0.067183,0.423351,2.417931
37,0.18,277.434882,0.070467,0.435441,2.417795
38,0.185,254.315308,0.073681,0.447529,2.417663
39,0.19,277.434882,0.076895,0.459617,2.417531
40,0.195,208.076161,0.079829,0.471705,2.417414
41,0.2,196.516375,0.082274,0.483791,2.417325
42,0.205,173.396801,0.08451,0.495878,2.417248
43,0.21,138.717441,0.086396,0.507964,2.417191
44,0.215,161.837014,0.088212,0.52005,2.417138
45,0.22,184.956588,0.090308,0.532135,2.417068
46,0.225,184.956588,0.092543,0.54422,2.416991
47,0.23,219.635948,0.094988,0.556305,2.416903
48,0.235,231.195735,0.097712,0.568389,2.416798
49,0.24,242.755521,0.100575,0.580473,2.416686
50,0.245,254.315308,0.103578,0.592556,2.416565
51,0.25,312.114242,0.107,0.604639,2.416421
52,0.255,288.994668,0.110631,0.61672,2.416265
53,0.26,277.434882,0.114053,0.628801,2.416121
54,0.265,254.315308,0.117265,0.640882,2.415989
55,0.27,265.875095,0.120407,0.652961,2.415861
56,0.275,231.195735,0.123409,0.66504,2.415741
57,0.28,161.837014,0.125782,0.677119,2.415656
58,0.285,173.396801,0.127807,0.689197,2.415591
59,0.29,150.277228,0.129761,0.701275,2.415529
60,0.295,92.478294,0.131227,0.713352,2.415496
61,0.3,115.597867,0.132484,0.72543,2.415474
62,0.305,161.837014,0.134159,0.737507,2.415428
63,0.31,184.956588,0.136253,0.749584,2.415359
64,0.315,173.396801,0.138417,0.761661,2.415286
65,0.32,208.076161,0.14072,0.773737,2.415205
66,0.325,231.195735,0.143373,0.785813,2.415105
67,0.33,219.635948,0.146095,0.797888,2.415
68,0.335,265.875095,0.149026,0.809963,2.414884
69,0.34,242.755521,0.152097,0.822037,2.414759
70,0.345,231.195735,0.154958,0.83411,2.414647
71,0.35,242.755521,0.157819,0.846183,2.414534
72,0.355,115.597867,0.159982,0.858256,2.414461
73,0.36,127.157654,0.161447,0.870328,2.414428
74,0.365,138.717441,0.163052,0.8824,2.414386
75,0.37,115.597867,0.164587,0.894472,2.414348
76,0.375,92.478294,0.165843,0.906543,2.414327
77,0.38,138.717441,0.167238,0.918615,2.414297
78,0.385,196.516375,0.169262,0.930686,2.414232
79,0.39,196.516375,0.171634,0.942757,2.414147
80,0.395,242.755521,0.174285,0.954828,2.414046
81,0.4,242.755521,0.177215,0.966898,2.41393
82,0.405,277.434882,0.180354,0.978967,2.413802
83,0.41,265.875095,0.183633,0.991036,2.413665
84,0.415,312.114242,0.18712,1.003104,2.413518
85,0.42,288.994668,0.190747,1.015171,2.413362
86,0.425,231.195735,0.193885,1.027237,2.413234
87,0.43,231.195735,0.196675,1.039303,2.413125
88,0.435,196.516375,0.199255,1.051369,2.413028
89,0.44,196.516375,0.201626,1.063433,2.412943
90,0.445,208.076161,0.204067,1.075498,2.412855
91,0.45,196.516375,0.206507,1.087562,2.412766
92,0.455,196.516375,0.208878,1.099626,2.412681
93,0.46,231.195735,0.211458,1.111689,2.412584
94,0.465,254.315308,0.214386,1.123751,2.412468
95,0.47,219.635948,0.217245,1.135813,2.412355
96,0.475,300.554455,0.220382,1.147875,2.412227
97,0.48,346.793602,0.224285,1.159936,2.412056
98,0.485,358.353389,0.228537,1.171995,2.411864
99,0.49,335.233815,0.232719,1.184054,2.411677
100,0.495,288.994668,0.236483,1.196112,2.411513
101,0.5,265.875095,0.239828,1.208169,2.411373
102,0.505,300.554455,0.243242,1.220226,2.411229
103,0.51,242.755521,0.246517,1.232282,2.411093
104,0.515,265.875095,0.249583,1.244337,2.410969
105,0.52,277.434882,0.252858,1.256391,2.410833
106,0.525,312.114242,0.256411,1.268445,2.410681
107,0.53,277.434882,0.259964,1.280498,2.410529
108,0.535,312.114242,0.263517,1.292551,2.410377
109,0.54,323.674028,0.267348,1.304602,2.41021
110,0.545,369.913175,0.271527,1.316653,2.410022
111,0.55,393.032749,0.276123,1.328702,2.409811
112,0.555,404.592535,0.280929,1.340751,2.409589
113,0.56,450.831682,0.286081,1.352798,2.409346
114,0.565,462.391469,0.291582,1.364844,2.409084
115,0.57,462.391469,0.297151,1.376889,2.408818
116,0.575,427.712109,0.302511,1.388932,2.408564
117,0.58,427.712109,0.307662,1.400974,2.408321
118,0.585,393.032749,0.312603,1.413016,2.408091
119,0.59,404.592535,0.317405,1.425055,2.407868
120,0.595,404.592535,0.322275,1.437094,2.407641
121,0.6,416.152322,0.327215,1.449132,2.407411
122,0.605,439.271896,0.332363,1.461168,2.407168
123,0.61,439.271896,0.33765,1.473203,2.406918
124,0.615,450.831682,0.343006,1.485237,2.406664
125,0.62,473.951256,0.34857,1.49727,2.406398
126,0.625,508.630616,0.354481,1.509301,2.406112
127,0.63,543.309976,0.360808,1.521331,2.405802
128,0.635,566.42955,0.367482,1.533359,2.405473
129,0.64,554.869763,0.374225,1.545386,2.40514
130,0.645,566.42955,0.380966,1.557411,2.404807
131,0.65,543.309976,0.387638,1.569434,2.404478
132,0.655,543.309976,0.394169,1.581456,2.404157
133,0.66,520.190403,0.400561,1.593476,2.403844
134,0.665,520.190403,0.406813,1.605494,2.403538
135,0.67,508.630616,0.412994,1.617511,2.403237
136,0.675,520.190403,0.419175,1.629526,2.402935
137,0.68,554.869763,0.425633,1.64154,2.402618
138,0.685,531.750189,0.432159,1.653553,2.402297
139,0.69,554.869763,0.438685,1.665563,2.401975
140,0.695,589.549123,0.445557,1.677572,2.401634
141,0.7,566.42955,0.452497,1.68958,2.40129
142,0.705,624.228483,0.459644,1.701585,2.400933
143,0.71,589.549123,0.466929,1.713589,2.400568
144,0.715,577.989336,0.473935,1.725591,2.40022
145,0.72,624.228483,0.481149,1.737591,2.399859
146,0.725,577.989336,0.488361,1.749589,2.399498
147,0.73,554.869763,0.495156,1.761586,2.399161
148,0.735,601.10891,0.502089,1.773581,2.398817
149,0.74,589.549123,0.509229,1.785574,2.39846
150,0.745,589.549123,0.516299,1.797566,2.398107
151,0.75,601.10891,0.523436,1.809555,2.39775
152,0.755,589.549123,0.530573,1.821543,2.397394
153,0.76,612.668696,0.537778,1.833529,2.397033
154,0.765,658.907843,0.545397,1.845513,2.396649
155,0.77,612.668696,0.553016,1.857496,2.396265
156,0.775,601.10891,0.560286,1.869476,2.3959
157,0.78,635.78827,0.567695,1.881455,2.395528
158,0.785,682.027417,0.575586,1.893431,2.395128
159,0.79,705.14699,0.583891,1.905406,2.394704
160,0.795,658.907843,0.592057,1.917378,2.394288
161,0.8,624.228483,0.599737,1.929349,2.3939
162,0.805,624.228483,0.607208,1.941317,2.393524
163,0.81,566.42955,0.614332,1.953284,2.393167
164,0.815,612.668696,0.621386,1.965249,2.392814
165,0.82,566.42955,0.628439,1.977212,2.392462
166,0.825,543.309976,0.635076,1.989174,2.392133
167,0.83,601.10891,0.64192,2.001134,2.391792
168,0.835,624.228483,0.649246,2.013092,2.391423
169,0.84,647.348057,0.656847,2.025048,2.391039
170,0.845,612.668696,0.664379,2.037002,2.390659
171,0.85,624.228483,0.671771,2.048954,2.390286
172,0.855,624.228483,0.67923,2.060905,2.38991
173,0.86,635.78827,0.686758,2.072853,2.38953
174,0.865,682.027417,0.69463,2.0848,2.38913
175,0.87,635.78827,0.7025,2.096745,2.38873
176,0.875,624.228483,0.710024,2.108687,2.388349
177,0.88,612.668696,0.717409,2.120628,2.387977
178,0.885,612.668696,0.724724,2.132567,2.387608
179,0.89,577.989336,0.73183,2.144504,2.387252
180,0.895,577.989336,0.738729,2.15644,2.386907
181,0.9,577.989336,0.745626,2.168373,2.386562
182,0.905,566.42955,0.752454,2.180305,2.386221
183,0.91,589.549123,0.75935,2.192236,2.385876
184,0.915,635.78827,0.766658,2.204164,2.385508
185,0.92,624.228483,0.774172,2.216091,2.385127
186,0.925,658.907843,0.781822,2.228015,2.384739
187,0.93,658.907843,0.789678,2.239938,2.384339
188,0.935,693.587203,0.797739,2.251859,2.383927
189,0.94,682.027417,0.805937,2.263777,2.383508
190,0.945,670.46763,0.813995,2.275694,2.383096
191,0.95,705.14699,0.82219,2.287608,2.382676
192,0.955,624.228483,0.830108,2.299521,2.382272
193,0.96,589.549123,0.837337,2.311431,2.381908
194,0.965,601.10891,0.844426,2.32334,2.381551
195,0.97,658.907843,0.851928,2.335247,2.381171
196,0.975,658.907843,0.859772,2.347151,2.380771
197,0.98,658.907843,0.867615,2.359054,2.380371
198,0.985,658.907843,0.875456,2.370955,2.379971
199,0.99,682.027417,0.883434,2.382854,2.379563
200,0.995,670.46763,0.891479,2.394751,2.379151
201,1,693.587203,0.899592,2.406645,2.378735
202,1.005,751.386137,0.908184,2.418538,2.378292
203,1.01,716.706777,0.916912,2.430428,2.377841
204,1.015,739.82635,0.92557,2.442316,2.377394
205,1.02,774.505711,0.934569,2.454202,2.376927
206,1.025,762.945924,0.943704,2.466086,2.376452
207,1.03,728.266564,0.952563,2.477967,2.375993
208,1.035,716.706777,0.961145,2.489846,2.375549
209,1.04,728.266564,0.969726,2.501722,2.375106
210,1.045,739.82635,0.978442,2.513597,2.374655
211,1.05,786.065497,0.9875,2.525469,2.374184
212,1.055,751.386137,0.996625,2.537338,2.373709
213,1.06,774.505711,1.005679,2.549206,2.373238
214,1.065,762.945924,1.0148,2.561071,2.372763
215,1.07,820.744857,1.024193,2.572933,2.372273
216,1.075,832.304644,1.033996,2.584794,2.371758
217,1.08,809.185071,1.043728,2.596651,2.371248
218,1.085,843.864431,1.053526,2.608506,2.370734
219,1.09,878.543791,1.063733,2.620358,2.370196
220,1.095,866.984004,1.074075,2.632208,2.36965
221,1.1,878.543791,1.084415,2.644055,2.369105
222,1.105,901.663364,1.094957,2.655899,2.368547
223,1.11,878.543791,1.105497,2.66774,2.36799
224,1.115,855.424218,1.115761,2.679579,2.367448
225,1.12,855.424218,1.125886,2.691415,2.366914
226,1.125,866.984004,1.136077,2.703248,2.366376
227,1.13,878.543791,1.146402,2.715079,2.36583
228,1.135,855.424218,1.156656,2.726906,2.365288
229,1.14,890.103578,1.166977,2.738731,2.364743
230,1.145,901.663364,1.177568,2.750554,2.364181
231,1.15,936.342725,1.18843,2.762373,2.363604
232,1.155,936.342725,1.199495,2.77419,2.363015
233,1.16,982.581872,1.210829,2.786003,2.36241
234,1.165,936.342725,1.222161,2.797814,2.361805
235,1.17,971.022085,1.233422,2.809621,2.361204
236,1.175,924.782938,1.244611,2.821426,2.360607
237,1.18,947.902511,1.255662,2.833227,2.360018
238,1.185,936.342725,1.266777,2.845026,2.359425
239,1.19,947.902511,1.27789,2.856822,2.358832
240,1.195,971.022085,1.289205,2.868614,2.358228
241,1.2,994.141658,1.300789,2.880404,2.357607
242,1.205,1005.701445,1.312575,2.89219,2.356975
243,1.21,947.902511,1.324085,2.903974,2.356358
244,1.215,982.581872,1.335456,2.915754,2.355749
245,1.22,994.141658,1.347096,2.927531,2.355125
246,1.225,1028.821018,1.359005,2.939305,2.354484
247,1.23,1017.261232,1.371047,2.951076,2.353836
248,1.235,1017.261232,1.383018,2.962844,2.353192
249,1.24,1051.940592,1.395189,2.974608,2.352536
250,1.245,1051.940592,1.407561,2.986369,2.351868
251,1.25,1063.500379,1.419997,2.998127,2.351196
252,1.255,1075.060165,1.432566,3.009881,2.350517
253,1.26,1051.940592,1.445063,3.021632,2.349841
254,1.265,1040.380805,1.457353,3.033379,2.349177
255,1.27,1051.940592,1.469639,3.045124,2.348513
256,1.275,1005.701445,1.481718,3.056864,2.347861
257,1.28,1028.821018,1.493659,3.068602,2.347217
258,1.285,982.581872,1.50546,3.080337,2.346581
259,1.29,1005.701445,1.517123,3.092068,2.345952
260,1.295,1051.940592,1.529189,3.103796,2.3453
261,1.3,1109.739525,1.541861,3.115521,2.344613
262,1.305,1121.299312,1.554937,3.127242,2.343901
263,1.31,1098.179739,1.56794,3.13896,2.343194
264,1.315,1098.179739,1.580805,3.150674,2.342495
265,1.32,1086.619952,1.593597,3.162385,2.341799
266,1.325,1086.619952,1.606319,3.174092,2.341108
267,1.33,1086.619952,1.619036,3.185796,2.340416
268,1.335,1109.739525,1.631885,3.197496,2.339717
269,1.34,1086.619952,1.644731,3.209193,2.339018
270,1.345,1040.380805,1.657167,3.220887,2.338342
271,1.35,1086.619952,1.669599,3.232577,2.337666
272,1.355,1017.261232,1.681893,3.244263,2.336998
273,1.36,1017.261232,1.693778,3.255947,2.336354
274,1.365,1075.060165,1.705997,3.267627,2.33569
275,1.37,1075.060165,1.71855,3.279303,2.335007
276,1.375,1051.940592,1.730965,3.290977,2.334331
277,1.38,1098.179739,1.743511,3.302647,2.333647
278,1.385,1109.739525,1.75639,3.314313,2.332944
279,1.39,1132.859099,1.769468,3.325976,2.332229
280,1.395,1132.859099,1.782676,3.337635,2.331506
281,1.4,1132.859099,1.79588,3.349291,2.330783
282,1.405,1144.418886,1.809148,3.360943,2.330056
283,1.41,1132.859099,1.822411,3.372592,2.329329
284,1.415,1144.418886,1.83567,3.384237,2.328602
285,1.42,1109.739525,1.848791,3.395878,2.327883
286,1.425,1121.299312,1.861773,3.407515,2.327172
287,1.43,1121.299312,1.874818,3.41915,2.326457
288,1.435,1086.619952,1.887658,3.43078,2.325754
289,1.44,1132.859099,1.900561,3.442407,2.325046
290,1.445,1109.739525,1.913594,3.45403,2.324331
291,1.45,1144.418886,1.926691,3.46565,2.323612
292,1.455,1132.859099,1.939917,3.477267,2.322885
293,1.46,1144.418886,1.95314,3.488879,2.322158
294,1.465,1121.299312,1.966291,3.500488,2.321435
295,1.47,1155.978672,1.979506,3.512094,2.320709
296,1.475,1155.978672,1.992917,3.523695,2.31997
297,1.48,1155.978672,2.006324,3.535293,2.319231
298,1.485,1121.299312,2.019526,3.546888,2.318504
299,1.49,1167.538459,2.03279,3.558478,2.317773
300,1.495,1132.859099,2.046118,3.570065,2.317038
301,1.5,1155.978672,2.059374,3.581649,2.316308
302,1.505,1167.538459,2.072827,3.593228,2.315565
303,1.51,1155.978672,2.086275,3.604804,2.314822
304,1.515,1167.538459,2.099719,3.616377,2.31408
305,1.52,1179.098246,2.113293,3.627945,2.313329
306,1.525,1190.658032,2.126996,3.63951,2.312571
307,1.53,1155.978672,2.14056,3.651071,2.31182
308,1.535,1225.337393,2.154321,3.662628,2.311058
309,1.54,1202.217819,2.168344,3.674181,2.31028
310,1.545,1225.337393,2.182363,3.685731,2.309501
311,1.55,1248.456966,2.196643,3.697276,2.308708
312,1.555,1260.016753,2.211119,3.708818,2.307902
313,1.56,1260.016753,2.225657,3.720355,2.307092
314,1.565,1283.136326,2.240322,3.731889,2.306275
315,1.57,1271.57654,2.255049,3.743418,2.305453
316,1.575,1271.57654,2.269704,3.754943,2.304636
317,1.58,1294.696113,2.284488,3.766464,2.30381
318,1.585,1294.696113,2.299399,3.777981,2.302977
319,1.59,1271.57654,2.314171,3.789494,2.302152
320,1.595,1306.2559,2.329005,3.801003,2.301322
321,1.6,1306.2559,2.344033,3.812507,2.300481
322,1.605,1340.93526,2.359254,3.824008,2.299628
323,1.61,1340.93526,2.37467,3.835504,2.298763
324,1.615,1387.174407,2.390345,3.846995,2.297883
325,1.62,1398.734193,2.406346,3.858482,2.296983
326,1.625,1364.054833,2.422208,3.869965,2.29609
327,1.63,1375.61462,2.437931,3.881443,2.295206
328,1.635,1387.174407,2.453781,3.892917,2.294313
329,1.64,1375.61462,2.469625,3.904386,2.293421
330,1.645,1410.29398,2.485595,3.915851,2.292521
331,1.65,1398.734193,2.501691,3.927312,2.291613
332,1.655,1387.174407,2.517648,3.938767,2.290713
333,1.66,1387.174407,2.533533,3.950219,2.289816
334,1.665,1433.413554,2.549677,3.961666,2.288904
335,1.67,1456.533127,2.56621,3.973108,2.287968
336,1.675,1456.533127,2.582869,3.984545,2.287025
337,1.68,1468.092914,2.599588,3.995978,2.286077
338,1.685,1468.092914,2.616365,4.007406,2.285126
339,1.69,1514.332061,2.633399,4.018829,2.284159
340,1.695,1456.533127,2.650361,4.030248,2.283196
341,1.7,1479.6527,2.667117,4.041661,2.282244
342,1.705,1549.011421,2.684394,4.05307,2.281261
343,1.71,1514.332061,2.70186,4.064474,2.280266
344,1.715,1537.451634,2.719254,4.075873,2.279276
345,1.72,1525.891847,2.736706,4.087267,2.278281
346,1.725,1549.011421,2.754215,4.098655,2.277282
347,1.73,1525.891847,2.771718,4.110039,2.276283
348,1.735,1537.451634,2.789146,4.121418,2.275289
349,1.74,1514.332061,2.806502,4.132792,2.274298
350,1.745,1606.810354,2.824244,4.144161,2.273283
351,1.75,1560.571208,2.842241,4.155525,2.272253
352,1.755,1549.011421,2.859901,4.166884,2.271243
353,1.76,1525.891847,2.877357,4.178238,2.270244
354,1.765,1549.011421,2.894805,4.189586,2.269245
355,1.77,1606.810354,2.912704,4.20093,2.268219
356,1.775,1606.810354,2.930923,4.212268,2.267173
357,1.78,1583.690781,2.949003,4.223602,2.266135
358,1.785,1618.370141,2.967139,4.23493,2.265093
359,1.79,1629.929928,2.985529,4.246253,2.264035
360,1.795,1629.929928,3.003976,4.25757,2.262973
361,1.8,1629.929928,3.022414,4.268882,2.261912
362,1.805,1572.130994,3.040517,4.280189,2.26087
363,1.81,1595.250568,3.058415,4.291491,2.259839
364,1.815,1629.929928,3.076632,4.302788,2.258789
365,1.82,1641.489715,3.095101,4.314079,2.257724
366,1.825,1676.169075,3.113823,4.325365,2.256642
367,1.83,1629.929928,3.13247,4.336645,2.255565
368,1.835,1583.690781,3.150587,4.347921,2.254519
369,1.84,1641.489715,3.168761,4.35919,2.253469
370,1.845,1641.489715,3.187252,4.370455,2.252399
371,1.85,1618.370141,3.205604,4.381714,2.251338
372,1.855,1606.810354,3.223752,4.392969,2.250288
373,1.86,1641.489715,3.242022,4.404217,2.24923
374,1.865,1653.049501,3.260543,4.415461,2.248156
375,1.87,1653.049501,3.27912,4.426699,2.247079
376,1.875,1629.929928,3.297558,4.437932,2.246009
377,1.88,1653.049501,3.315988,4.449159,2.24494
378,1.885,1618.370141,3.334344,4.460381,2.243874
379,1.89,1664.609288,3.352756,4.471598,2.242804
380,1.895,1641.489715,3.371289,4.482809,2.241727
381,1.9,1664.609288,3.389813,4.494015,2.240649
382,1.905,1653.049501,3.408392,4.505216,2.239568
383,1.91,1653.049501,3.426898,4.516411,2.238491
384,1.915,1676.169075,3.445525,4.5276,2.237405
385,1.92,1664.609288,3.464207,4.538785,2.236316
386,1.925,1664.609288,3.482816,4.549964,2.235231
387,1.93,1687.728861,3.501544,4.561137,2.234137
388,1.935,1710.848435,3.520522,4.572305,2.233028
389,1.94,1745.527795,3.539812,4.583467,2.2319
390,1.945,1687.728861,3.558964,4.594624,2.230779
391,1.95,1710.848435,3.577913,4.605775,2.22967
392,1.955,1722.408222,3.597046,4.616921,2.228549
393,1.96,1768.647369,3.616491,4.62806,2.227408
394,1.965,1745.527795,3.636054,4.639195,2.22626
395,1.97,1733.968008,3.655415,4.650323,2.225124
396,1.975,1733.968008,3.674702,4.661446,2.223991
397,1.98,1745.527795,3.694043,4.672563,2.222854
398,1.985,1699.288648,3.713181,4.683674,2.22173
399,1.99,1757.087582,3.732374,4.69478,2.220601
400,1.995,1757.087582,3.751878,4.70588,2.219453
401,2,1768.647369,3.771436,4.716975,2.2183
402,2.005,1803.326729,3.79124,4.728063,2.217132
403,2.01,1826.446302,3.811354,4.739146,2.215944
404,2.015,1757.087582,3.831201,4.750223,2.214772
405,2.02,1768.647369,3.850718,4.761294,2.21362
406,2.025,1791.766942,3.870416,4.772359,2.212456
407,2.03,1884.245236,3.890743,4.783418,2.211252
408,2.035,1884.245236,3.91157,4.794472,2.210017
409,2.04,1872.685449,3.932321,4.805519,2.208786
410,2.045,1849.565876,3.95287,4.816559,2.207567
411,2.05,1849.565876,3.973279,4.827594,2.206356
412,2.055,1861.125662,3.993741,4.838623,2.20514
413,2.06,1895.805022,4.014447,4.849646,2.203909
414,2.065,1907.364809,4.035395,4.860662,2.202662
415,2.07,1918.924596,4.056459,4.871672,2.201407
416,2.075,1907.364809,4.077512,4.882676,2.200153
417,2.08,1884.245236,4.098361,4.893674,2.19891
418,2.085,1861.125662,4.118945,4.904665,2.197683
419,2.09,1861.125662,4.13939,4.915651,2.196463
420,2.095,1895.805022,4.160014,4.92663,2.195232
421,2.1,1918.924596,4.180943,4.937603,2.193982
422,2.105,1942.044169,4.202114,4.94857,2.192715
423,2.11,1953.603956,4.223463,4.95953,2.191437
424,2.115,1976.723529,4.24499,4.970484,2.190146
425,2.12,2011.40289,4.266819,4.981431,2.188837
426,2.125,1999.843103,4.288763,4.992372,2.187519
427,2.13,1999.843103,4.31063,5.003307,2.186205
428,2.135,1999.843103,4.332483,5.014234,2.184891
429,2.14,2034.522463,4.354513,5.025155,2.183566
430,2.145,2046.08225,4.376782,5.03607,2.182224
431,2.15,2022.962676,4.398974,5.046978,2.180887
432,2.155,2022.962676,4.421027,5.057879,2.179557
433,2.16,2022.962676,4.443066,5.068773,2.178228
434,2.165,2057.642037,4.46528,5.079661,2.176886
435,2.17,2022.962676,4.487481,5.090542,2.175545
436,2.175,2069.201823,4.509731,5.101417,2.174199
437,2.18,2115.44097,4.532469,5.112284,2.172823
438,2.185,2080.76161,4.555256,5.123145,2.171442
439,2.19,2092.321397,4.577903,5.133998,2.170069
440,2.195,2127.000757,4.600786,5.144845,2.16868
441,2.2,2115.44097,4.62378,5.155685,2.167284
442,2.205,2069.201823,4.646446,5.166518,2.165907
443,2.21,2092.321397,4.668972,5.177344,2.164538
444,2.215,2115.44097,4.691735,5.188164,2.163153
445,2.22,2138.560544,4.714732,5.198976,2.161753
446,2.225,2127.000757,4.737778,5.209781,2.160348
447,2.23,2103.881183,4.760621,5.220579,2.158956
448,2.235,2103.881183,4.783324,5.231371,2.157571
449,2.24,2161.680117,4.806325,5.242155,2.156167
450,2.245,2173.239904,4.829684,5.252932,2.154739
451,2.25,2184.79969,4.853153,5.263702,2.153303
452,2.255,2207.919264,4.876792,5.274465,2.151855
453,2.26,2138.560544,4.900167,5.285221,2.150423
454,2.265,2138.560544,4.923153,5.29597,2.149015
455,2.27,2161.680117,4.946249,5.306711,2.147598
456,2.275,2115.44097,4.969205,5.317446,2.14619
457,2.28,2173.239904,4.992208,5.328173,2.144778
458,2.285,2150.12033,5.015382,5.338893,2.143354
459,2.29,2219.479051,5.038788,5.349607,2.141914
460,2.295,2196.359477,5.062426,5.360312,2.140458
461,2.3,2207.919264,5.085986,5.371011,2.139007
462,2.305,2150.12033,5.109283,5.381703,2.137571
463,2.31,2184.79969,5.132441,5.392387,2.136143
464,2.315,2207.919264,5.155891,5.403064,2.134695
465,2.32,2242.598624,5.179634,5.413734,2.133227
466,2.325,2184.79969,5.203238,5.424396,2.131768
467,2.33,2150.12033,5.226333,5.435051,2.13034
468,2.335,2161.680117,5.249289,5.4457,2.12892
469,2.34,2150.12033,5.27223,5.456341,2.127499
470,2.345,2196.359477,5.29534,5.466975,2.126067
471,2.35,2196.359477,5.31868,5.477601,2.12462
472,2.355,2242.598624,5.34225,5.488221,2.123156
473,2.36,2254.158411,5.36611,5.498833,2.121673
474,2.365,2254.158411,5.390014,5.509437,2.120186
475,2.37,2219.479051,5.413718,5.520035,2.118711
476,2.375,2242.598624,5.437345,5.530625,2.117239
477,2.38,2242.598624,5.461077,5.541207,2.11576
478,2.385,2242.598624,5.484793,5.551782,2.114281
479,2.39,2300.397558,5.508797,5.56235,2.112782
480,2.395,2335.076918,5.533273,5.57291,2.111251
481,2.4,2300.397558,5.55773,5.583462,2.109721
482,2.405,2254.158411,5.581744,5.594007,2.108218
483,2.41,2242.598624,5.605436,5.604545,2.106735
484,2.415,2265.718197,5.629172,5.615075,2.105248
485,2.42,2300.397558,5.653196,5.625597,2.103741
486,2.425,2242.598624,5.67708,5.636112,2.102242
487,2.43,2242.598624,5.700645,5.646619,2.100763
488,2.435,2242.598624,5.724192,5.65712,2.099283
489,2.44,2265.718197,5.747844,5.667612,2.097796
490,2.445,2265.718197,5.771601,5.678098,2.096301
491,2.45,2335.076918,5.795704,5.688575,2.094783
492,2.455,2323.517131,5.820092,5.699045,2.093244
493,2.46,2404.435638,5.844824,5.709508,2.091682
494,2.465,2346.636705,5.869659,5.719962,2.090113
495,2.47,2335.076918,5.894113,5.730409,2.088566
496,2.475,2358.196491,5.91861,5.740848,2.087016
497,2.48,2335.076918,5.943088,5.751279,2.085466
498,2.485,2288.837771,5.967187,5.761702,2.08394
499,2.49,2288.837771,5.991027,5.772118,2.082429
500,2.495,2335.076918,6.015091,5.782527,2.080902
501,2.5,2358.196491,6.039497,5.792927,2.079352
502,2.505,2311.957344,6.063766,5.80332,2.07781
503,2.51,2311.957344,6.087776,5.813706,2.076283
504,2.515,2358.196491,6.112008,5.824083,2.074741
505,2.52,2335.076918,6.136342,5.834453,2.073191
506,2.525,2404.435638,6.160898,5.844815,2.071625
507,2.53,2404.435638,6.185794,5.855169,2.070036
508,2.535,2427.555212,6.21079,5.865515,2.068438
509,2.54,2462.234572,6.236066,5.875853,2.066821
510,2.545,2462.234572,6.261501,5.886183,2.065192
511,2.55,2427.555212,6.286737,5.896505,2.063575
512,2.555,2381.316065,6.311536,5.906819,2.061985
513,2.56,2439.114998,6.336375,5.917125,2.060392
514,2.565,2404.435638,6.361315,5.927423,2.058791
515,2.57,2427.555212,6.386175,5.937713,2.057193
516,2.575,2415.995425,6.411076,5.947995,2.055592
517,2.58,2462.234572,6.436135,5.958269,2.053979
518,2.585,2473.794358,6.461471,5.968535,2.052346
519,2.59,2462.234572,6.486787,5.978792,2.050713
520,2.595,2404.435638,6.511728,5.989042,2.049104
521,2.6,2473.794358,6.536708,5.999284,2.047491
522,2.605,2543.153079,6.562378,6.009517,2.04583
523,2.61,2554.712866,6.58844,6.019742,2.044142
524,2.615,2543.153079,6.614481,6.029958,2.042454
525,2.62,2554.712866,6.640501,6.040166,2.040766
526,2.625,2589.392226,6.666735,6.050366,2.039062
527,2.63,2508.473719,6.692711,6.060557,2.037374
528,2.635,2554.712866,6.71849,6.07074,2.035698
529,2.64,2531.593292,6.744364,6.080914,2.034014
530,2.645,2543.153079,6.770159,6.09108,2.032334
531,2.65,2531.593292,6.795932,6.101237,2.030654
532,2.655,2496.913932,6.82145,6.111386,2.028989
533,2.66,2450.674785,6.846536,6.121527,2.027353
534,2.665,2508.473719,6.871661,6.13166,2.025712
535,2.67,2566.272652,6.89735,6.141784,2.024032
536,2.675,2635.631373,6.923661,6.1519,2.022308
537,2.68,2612.511799,6.950183,6.162007,2.020569
538,2.685,2612.511799,6.976565,6.172106,2.018838
539,2.69,2577.832439,7.00275,6.182196,2.017118
540,2.695,2508.473719,7.028389,6.192277,2.015434
541,2.7,2415.995425,7.053192,6.20235,2.013805
542,2.705,2404.435638,7.077451,6.212415,2.012212
543,2.71,2404.435638,7.101632,6.222472,2.010622
544,2.715,2520.033505,7.126375,6.232521,2.008993
545,2.72,2624.071586,7.1522,6.242562,2.00729
546,2.725,2600.952012,7.178409,6.252594,2.005558
547,2.73,2520.033505,7.204074,6.262618,2.003862
548,2.735,2589.392226,7.22966,6.272633,2.00217
549,2.74,2589.392226,7.255571,6.282639,2.000455
550,2.745,2624.071586,7.281633,6.292637,1.998727
551,2.75,2728.109666,7.308365,6.302627,1.996953
552,2.755,2670.310733,7.335304,6.312607,1.995162
553,2.76,2693.430306,7.362045,6.322578,1.993384
554,2.765,2577.832439,7.388303,6.332541,1.991637
555,2.77,2543.153079,7.41379,6.342495,1.989941
556,2.775,2520.033505,7.438968,6.35244,1.988265
557,2.78,2520.033505,7.46401,6.362377,1.986596
558,2.785,2520.033505,7.489031,6.372306,1.984928
559,2.79,2554.712866,7.514203,6.382227,1.983248
560,2.795,2554.712866,7.539525,6.392139,1.981556
561,2.8,2624.071586,7.565169,6.402042,1.97984
562,2.805,2635.631373,7.591191,6.411937,1.978097
563,2.81,2635.631373,7.617247,6.421823,1.97635
564,2.815,2739.669453,7.643794,6.4317,1.974567
565,2.82,2809.028173,7.671172,6.441569,1.972726
566,2.825,2843.707534,7.699037,6.451428,1.970849
567,2.83,2762.789026,7.726648,6.461277,1.968987
568,2.835,2774.348813,7.753891,6.471117,1.96715
569,2.84,2716.54988,7.780882,6.480949,1.965328
570,2.845,2693.430306,7.807451,6.490771,1.963534
571,2.85,2658.750946,7.833712,6.500584,1.961759
572,2.855,2670.310733,7.859837,6.510388,1.959992
573,2.86,2681.870519,7.88605,6.520184,1.958217
574,2.865,2716.54988,7.912466,6.529971,1.956427
575,2.87,2728.109666,7.939084,6.539748,1.954621
576,2.875,2728.109666,7.965734,6.549517,1.952811
577,2.88,2774.348813,7.992584,6.559276,1.950985
578,2.885,2832.147747,8.019917,6.569026,1.949124
579,2.89,2889.94668,8.047786,6.578767,1.947223
580,2.895,2901.506467,8.075965,6.588499,1.945298
581,2.9,2889.94668,8.104116,6.59822,1.943374
582,2.905,2855.26732,8.132015,6.607932,1.941466
583,2.91,2832.147747,8.159607,6.617635,1.939577
584,2.915,2797.468387,8.186891,6.627328,1.937707
585,2.92,2681.870519,8.213423,6.637012,1.935889
586,2.925,2670.310733,8.239314,6.646687,1.934115
587,2.93,2600.952012,8.26479,6.656353,1.932368
588,2.935,2577.832439,8.289798,6.666011,1.930652
589,2.94,2635.631373,8.31495,6.67566,1.928925
590,2.945,2716.54988,8.340748,6.6853,1.92715
591,2.95,2693.430306,8.3668,6.694931,1.925356
592,2.955,2785.9086,8.393162,6.704554,1.923538
593,2.96,2843.707534,8.42022,6.714167,1.921669
594,2.965,2913.066254,8.447863,6.72377,1.919756
595,2.97,2820.58796,8.475368,6.733364,1.917851
596,2.975,2774.348813,8.50218,6.742949,1.915994
597,2.98,2751.22924,8.528635,6.752524,1.91416
598,2.985,2751.22924,8.554954,6.76209,1.912334
599,2.99,2716.54988,8.581082,6.771648,1.91052
600,2.995,2670.310733,8.6068,6.781196,1.908734
601,3,2612.511799,8.631997,6.790735,1.906983
602,3.005,2554.712866,8.65662,6.800266,1.905271
603,3.01,2635.631373,8.681332,6.809788,1.903552
604,3.015,2704.990093,8.706735,6.819301,1.901781
605,3.02,2716.54988,8.732499,6.828805,1.899983
606,3.025,2716.54988,8.758294,6.838301,1.89818
607,3.03,2785.9086,8.784393,6.847787,1.896355
608,3.035,2820.58796,8.81096,6.857264,1.894493
609,3.04,2889.94668,8.837992,6.866732,1.892596
610,3.045,2947.745614,8.865599,6.87619,1.890656
611,3.05,2889.94668,8.893178,6.885639,1.888716
612,3.055,2820.58796,8.920128,6.895077,1.88682
613,3.06,2728.109666,8.946289,6.904507,1.884978
614,3.065,2728.109666,8.971989,6.913927,1.883168
615,3.07,2704.990093,8.997555,6.923339,1.881366
616,3.075,2704.990093,9.022989,6.932741,1.879571
617,3.08,2647.191159,9.048126,6.942134,1.877797
618,3.085,2716.54988,9.073294,6.951519,1.876018
619,3.09,2762.789026,9.09898,6.960894,1.8742
620,3.095,2797.468387,9.12502,6.970261,1.872354
621,3.1,2855.26732,9.151466,6.979618,1.870477
622,3.105,2947.745614,9.178588,6.988966,1.868549
623,3.11,2993.984761,9.206329,6.998303,1.866573
624,3.115,2993.984761,9.234257,7.007631,1.864582
625,3.12,2959.305401,9.261993,7.016949,1.862603
626,3.125,2889.94668,9.289216,7.026257,1.860659
627,3.13,2878.386894,9.316035,7.035556,1.858742
628,3.135,2670.310733,9.341806,7.044845,1.856901
629,3.14,2693.430306,9.366694,7.054125,1.855122
630,3.145,2704.990093,9.391719,7.063396,1.853332
631,3.15,2843.707534,9.417415,7.072658,1.85149
632,3.155,2647.191159,9.442819,7.081911,1.849668
633,3.16,2658.750946,9.467343,7.091155,1.847909
634,3.165,2762.789026,9.492376,7.10039,1.846111
635,3.17,2924.626041,9.518612,7.109616,1.844222
636,3.175,3051.783694,9.546151,7.118832,1.842235
637,3.18,3167.381562,9.574777,7.128038,1.840164
638,3.185,3202.060922,9.604063,7.137234,1.838043
639,3.19,3190.501135,9.63342,7.146418,1.835914
640,3.195,3132.702202,9.662426,7.155593,1.833809
641,3.2,3040.223908,9.69071,7.164757,1.831754
642,3.205,3005.544548,9.718381,7.17391,1.829743
643,3.21,2970.865187,9.745704,7.183054,1.827756
644,3.215,3028.664121,9.773103,7.192188,1.825761
645,3.22,2855.26732,9.799946,7.201312,1.823805
646,3.225,2843.707534,9.825917,7.210426,1.821912
647,3.23,2924.626041,9.852177,7.219531,1.819995
648,3.235,3005.544548,9.879144,7.228626,1.818024
649,3.24,3028.664121,9.906555,7.237711,1.816017
650,3.245,3040.223908,9.934092,7.246786,1.813998
651,3.25,3202.060922,9.962384,7.255851,1.81192
652,3.255,3236.740282,9.991534,7.264905,1.809775
653,3.26,3236.740282,10.020805,7.273949,1.807618
654,3.265,3225.180495,10.049989,7.282981,1.805466
655,3.27,3236.740282,10.079139,7.292003,1.803313
656,3.275,3248.300069,10.108358,7.301014,1.801152
657,3.28,3236.740282,10.137542,7.310015,1.798991
658,3.285,3178.941348,10.166379,7.319004,1.796854
659,3.29,3051.783694,10.194352,7.327984,1.79478
660,3.295,2739.669453,10.220325,7.336953,1.792856
661,3.3,2624.071586,10.244355,7.345912,1.791077
662,3.305,2589.392226,10.267688,7.354863,1.78935
663,3.31,2762.789026,10.291618,7.363806,1.787575
664,3.315,3017.104334,10.317433,7.372739,1.785655
665,3.32,3063.343481,10.344562,7.381662,1.783632
666,3.325,3155.821775,10.372277,7.390575,1.781562
667,3.33,3190.501135,10.400526,7.399478,1.779449
668,3.335,3271.419642,10.429255,7.408369,1.777296
669,3.34,3282.979429,10.45836,7.41725,1.775112
670,3.345,3329.218576,10.487685,7.426121,1.772908
671,3.35,3225.180495,10.516718,7.43498,1.770723
672,3.355,3202.060922,10.545153,7.443828,1.768582
673,3.36,2947.745614,10.572329,7.452666,1.766536
674,3.365,2762.789026,10.597536,7.461494,1.764639
675,3.37,2635.631373,10.62134,7.470312,1.762849
676,3.375,2577.832439,10.644305,7.479122,1.761121
677,3.38,2670.310733,10.6674,7.487924,1.759382
678,3.385,2681.870519,10.690929,7.496716,1.757607
679,3.39,2728.109666,10.714689,7.5055,1.755813
680,3.395,2866.827107,10.739235,7.514274,1.753956
681,3.4,2959.305401,10.764767,7.523039,1.752019
682,3.405,2970.865187,10.790727,7.531794,1.750048
683,3.41,3051.783694,10.817062,7.540539,1.748045
684,3.415,3121.142415,10.844022,7.549274,1.74599
685,3.42,3144.261988,10.871354,7.557999,1.743905
686,3.425,3098.022841,10.898553,7.566713,1.741827
687,3.43,3074.903268,10.925417,7.575417,1.739772
688,3.435,2947.745614,10.951598,7.584111,1.737769
689,3.44,2751.22924,10.976343,7.592795,1.735876
690,3.445,2624.071586,10.999659,7.60147,1.734094
691,3.45,2485.354145,11.021799,7.610137,1.732402
692,3.455,2543.153079,11.043567,7.618794,1.730738
693,3.46,2612.511799,11.065863,7.627444,1.72903
694,3.465,2658.750946,11.088637,7.636085,1.727283
695,3.47,2820.58796,11.112285,7.644716,1.725465
696,3.475,2878.386894,11.136855,7.653339,1.723572
697,3.48,2970.865187,11.162045,7.661952,1.721628
698,3.485,3028.664121,11.187852,7.670555,1.719633
699,3.49,3074.903268,11.214076,7.679148,1.717602
700,3.495,3144.261988,11.240765,7.687731,1.715532
701,3.5,3109.582628,11.26757,7.696304,1.71345
702,3.505,3086.463055,11.294096,7.704866,1.711388
703,3.51,2855.26732,11.319503,7.713418,1.709412
704,3.515,2728.109666,11.343352,7.72196,1.707559
705,3.52,2600.952012,11.366089,7.730494,1.705792
706,3.525,2635.631373,11.388409,7.739018,1.704057
707,3.53,2658.750946,11.410952,7.747534,1.702302
708,3.535,2751.22924,11.433963,7.756041,1.700507
709,3.54,2832.147747,11.457687,7.764539,1.698654
710,3.545,3074.903268,11.482757,7.773027,1.69669
711,3.55,3074.903268,11.508827,7.781506,1.694644
712,3.555,3259.859855,11.535648,7.789974,1.692534
713,3.56,3259.859855,11.563217,7.798431,1.690362
714,3.565,3456.37623,11.59158,7.806877,1.688122
715,3.57,3502.615377,11.620929,7.815312,1.6858
716,3.575,3398.577296,11.649994,7.823735,1.683498
717,3.58,3294.539216,11.678145,7.832147,1.681266
718,3.585,3167.381562,11.705289,7.840548,1.679113
719,3.59,3028.664121,11.731283,7.848938,1.677051
720,3.595,2889.94668,11.756083,7.857319,1.675084
721,3.6,2843.707534,11.78008,7.865689,1.673179
722,3.605,2936.185827,11.804243,7.87405,1.671258
723,3.61,3121.142415,11.829536,7.882402,1.669244
724,3.615,3121.142415,11.85557,7.890743,1.667166
725,3.62,3259.859855,11.882148,7.899073,1.66504
726,3.625,3248.300069,11.909221,7.907393,1.662872
727,3.63,3387.017509,11.936786,7.915702,1.66066
728,3.635,3479.495803,11.965274,7.923999,1.658369
729,3.64,3583.533884,11.994536,7.932285,1.656012
730,3.645,3514.175163,12.023899,7.94056,1.653642
731,3.65,3456.37623,12.052696,7.948822,1.651316
732,3.655,3178.941348,12.080071,7.957073,1.649104
733,3.66,2970.865187,12.10541,7.965313,1.647058
734,3.665,2797.468387,12.129149,7.973544,1.645141
735,3.67,2774.348813,12.152052,7.981765,1.643292
736,3.675,2762.789026,12.174787,7.989977,1.641454
737,3.68,2855.26732,12.197828,7.998179,1.639589
738,3.685,2936.185827,12.221553,8.006373,1.637665
739,3.69,3040.223908,12.246007,8.014556,1.635677
740,3.695,3121.142415,12.271186,8.022729,1.633627
741,3.7,3248.300069,12.297182,8.030892,1.631506
742,3.705,3444.816443,12.324462,8.039044,1.629274
743,3.71,3525.73495,12.352834,8.047185,1.626948
744,3.715,3548.854523,12.381588,8.055313,1.624586
745,3.72,3398.577296,12.409785,8.06343,1.622268
746,3.725,3294.539216,12.436912,8.071536,1.620037
747,3.73,3098.02284,12.462786,8.079631,1.617907
748,3.735,2886.09342,12.486898,8.087716,1.615924
749,3.74,2827.52383,12.509348,8.095791,1.614078
750,3.745,2810.67957,12.531212,8.103857,1.61228
751,3.75,2818.01912,12.553285,8.111913,1.610462
752,3.755,2860.52177,12.57552,8.119961,1.608628
753,3.76,2899.72804,12.597775,8.128,1.606791
754,3.765,2916.14886,12.620283,8.136029,1.604929
755,3.77,2872.26701,12.643089,8.144049,1.60304
756,3.775,2783.47496,12.666562,8.152059,1.601092
757,3.78,2718.20128,12.690978,8.16006,1.599062
758,3.785,2679.35752,12.715823,8.16805,1.596992
759,3.79,2667.53638,12.740683,8.17603,1.594918
760,3.795,2666.02933,12.765281,8.183999,1.592863
761,3.8,2671.10796,12.789341,8.191958,1.590852
762,3.805,2654.27619,12.81181,8.199908,1.588975
763,3.81,2615.31417,12.832005,8.207849,1.587291
764,3.815,2569.90573,12.849704,8.215781,1.58582
765,3.82,2537.21697,12.865784,8.223707,1.584486
766,3.825,2517.95867,12.881758,8.231626,1.583161
767,3.83,2512.70291,12.898358,8.239539,1.58178
768,3.835,2517.07635,12.915402,8.247444,1.58036
769,3.84,2514.38205,12.933342,8.255342,1.578861
770,3.845,2499.12751,12.952359,8.263232,1.577267
771,3.85,2471.90705,12.972313,8.271114,1.575591
772,3.855,2452.03476,12.992837,8.278988,1.573864
773,3.86,2439.115,13.013657,8.286853,1.572109
774,3.865,2441.0066,13.035497,8.294709,1.570263
775,3.87,2448.03834,13.056995,8.302556,1.568445
776,3.875,2455.37707,13.077291,8.310394,1.56673
777,3.88,2448.21122,13.096163,8.318223,1.565136
778,3.885,2439.66546,13.113162,8.326045,1.563704
779,3.89,2427.9109,13.128882,8.333861,1.562383
780,3.895,2421.17145,13.143777,8.341669,1.561132
781,3.9,2422.69675,13.157983,8.349472,1.55994
782,3.905,2430.16023,13.172493,8.357269,1.558721
783,3.91,2437.68982,13.187802,8.365059,1.557431
784,3.915,2436.64891,13.203908,8.372843,1.55607
785,3.92,2429.95725,13.220719,8.38062,1.554645
786,3.925,2417.16604,13.238143,8.388389,1.553166
787,3.93,2408.57433,13.25685,8.396151,1.551573
788,3.935,2402.34652,13.276569,8.403905,1.549889
789,3.94,2404.02765,13.296758,8.41165,1.548161
790,3.945,2403.50554,13.316523,8.419386,1.546469
791,3.95,2402.74713,13.335507,8.427115,1.544844
792,3.955,2395.79756,13.353491,8.434835,1.543306
793,3.96,2385.16933,13.370119,8.442548,1.541886
794,3.965,2372.79833,13.385264,8.450254,1.540596
795,3.97,2364.87018,13.399372,8.457954,1.539396
796,3.975,2361.93299,13.413602,8.465648,1.538185
797,3.98,2361.97345,13.42871,8.473336,1.536894
798,3.985,2355.44961,13.44447,8.481017,1.535545
799,3.99,2350.75702,13.46066,8.488691,1.534157
800,3.995,2347.09452,13.478164,8.496358,1.53265
801,4,2342.28748,13.497243,8.504017,1.531001
802,4.005,2336.79372,13.517319,8.511668,1.529262
803,4.01,2329.69761,13.537505,8.51931,1.527511
804,4.015,2320.99916,13.557887,8.526943,1.52574
805,4.02,2311.61398,13.578203,8.534567,1.523973
806,4.025,2302.91553,13.597131,8.542183,1.522329
807,4.03,2292.84364,13.614149,8.549791,1.520853
808,4.035,2282.42838,13.630579,8.557392,1.519429
809,4.04,2273.38657,13.647126,8.564985,1.517993
810,4.045,2266.63382,13.663394,8.572572,1.516581
811,4.05,2260.5678,13.67899,8.580151,1.515228
812,4.055,2255.18849,13.694615,8.587724,1.513871
813,4.06,2253.01388,13.711276,8.59529,1.512419
814,4.065,2253.9295,13.728881,8.602848,1.510881
815,4.07,2257.93537,13.747559,8.610398,1.509244
816,4.075,2261.02561,13.766957,8.61794,1.50754
817,4.08,2262.74241,13.787203,8.625474,1.505758
818,4.085,2262.2846,13.808165,8.632998,1.503908
819,4.09,2262.05569,13.828493,8.640513,1.502114
820,4.095,2258.16428,13.84728,8.648019,1.500457
821,4.1,2253.01388,13.865266,8.655517,1.498872
822,4.105,2247.40566,13.882757,8.663008,1.497329
823,4.11,2243.74316,13.899063,8.670491,1.495893
824,4.115,2239.85174,13.913972,8.677967,1.494584
825,4.12,2235.0447,13.928349,8.685437,1.493321
826,4.125,2233.3279,13.943231,8.6929,1.492011
827,4.13,2233.21345,13.95866,8.700357,1.49065
828,4.135,2236.18924,13.974247,8.707807,1.489273
829,4.14,2239.9662,13.99025,8.71525,1.487857
830,4.145,2243.51425,14.007612,8.722685,1.486315
831,4.15,2247.86348,14.025986,8.730113,1.484678
832,4.155,2252.55606,14.044211,8.737532,1.483053
833,4.16,2254.04396,14.06186,8.744943,1.481479
834,4.165,2254.61622,14.079533,8.752347,1.479901
835,4.17,2253.24278,14.097059,8.759742,1.478335
836,4.175,2252.44161,14.113798,8.76713,1.47684
837,4.18,2250.61036,14.129199,8.774511,1.475468
838,4.185,2247.29121,14.143435,8.781885,1.474201
839,4.19,2243.85761,14.157445,8.789253,1.472954
840,4.195,2241.56854,14.171104,8.796615,1.471739
841,4.2,2241.11073,14.184326,8.80397,1.470563
842,4.205,2240.76737,14.197835,8.81132,1.469359
843,4.21,2242.71308,14.212436,8.818664,1.468053
844,4.215,2245.80332,14.228168,8.826001,1.466641
845,4.22,2250.95372,14.244436,8.83333,1.465178
846,4.225,2255.18849,14.26111,8.840652,1.463675
847,4.23,2258.851,14.278401,8.847967,1.462113
848,4.235,2260.10998,14.296096,8.855273,1.460511
849,4.24,2261.25452,14.313729,8.862572,1.458914
850,4.245,2260.22444,14.330922,8.869863,1.457356
851,4.25,2257.01974,14.34755,8.877146,1.455849
852,4.255,2252.89942,14.363698,8.884421,1.454386
853,4.26,2248.5502,14.379158,8.89169,1.452985
854,4.265,2245.80332,14.393471,8.898951,1.451691
855,4.27,2241.9119,14.407184,8.906207,1.450452
856,4.275,2239.9662,14.421178,8.913456,1.449186
857,4.28,2241.45409,14.435536,8.920698,1.447884
858,4.285,2245.23105,14.450133,8.927934,1.446558
859,4.29,2247.29121,14.465509,8.935164,1.445157
860,4.295,2249.58028,14.482248,8.942386,1.443627
861,4.3,2252.32716,14.499844,8.9496,1.442014
862,4.305,2256.10412,14.517462,8.956806,1.440397
863,4.31,2256.90529,14.53506,8.964004,1.43878
864,4.315,2256.10412,14.552887,8.971194,1.437139
865,4.32,2253.47169,14.570695,8.978375,1.435498
866,4.325,2250.15254,14.587819,8.985549,1.43392
867,4.33,2246.26113,14.604014,8.992715,1.432429
868,4.335,2240.53846,14.619488,8.999873,1.431005
869,4.34,2235.50252,14.634658,9.007025,1.429609
870,4.345,2233.55681,14.649401,9.014169,1.428252
871,4.35,2233.55681,14.663346,9.021307,1.426969
872,4.355,2232.98454,14.677525,9.028439,1.425663
873,4.36,2234.24353,14.692762,9.035564,1.424255
874,4.365,2237.56268,14.708888,9.042681,1.42276
875,4.37,2242.71308,14.725531,9.049791,1.421214
876,4.375,2246.71894,14.742649,9.056893,1.41962
877,4.38,2248.89356,14.760361,9.063987,1.417968
878,4.385,2250.03809,14.778463,9.071073,1.416276
879,4.39,2251.18262,14.796257,9.07815,1.414611
880,4.395,2250.267,14.813091,9.085219,1.413038
881,4.4,2246.94785,14.829376,9.092281,1.411515
882,4.405,2243.51425,14.84544,9.099334,1.410012
883,4.41,2241.683,14.860754,9.106381,1.40858
884,4.415,2240.53846,14.87532,9.11342,1.407219
885,4.42,2238.70721,14.889588,9.120453,1.405886
886,4.425,2238.4783,14.904004,9.127479,1.404536
887,4.43,2240.1951,14.918812,9.134498,1.403148
888,4.435,2244.65878,14.933889,9.141511,1.401732
889,4.44,2249.58028,14.949315,9.148516,1.40028
890,4.445,2254.27286,14.965533,9.155513,1.398749
891,4.45,2260.22444,14.98242,9.162503,1.397152
892,4.455,2266.06156,14.999288,9.169485,1.395555
893,4.46,2269.95297,15.016097,9.176459,1.393961
894,4.465,2271.21196,15.032886,9.183424,1.392368
895,4.47,2271.55532,15.049455,9.190382,1.390794
896,4.475,2271.78422,15.065483,9.197332,1.389271
897,4.48,2270.75414,15.081093,9.204275,1.387788
898,4.485,2269.1518,15.096446,9.21121,1.386329
899,4.49,2266.74828,15.111502,9.218138,1.384897
900,4.495,2266.17601,15.126143,9.225059,1.383504
901,4.5,2266.86273,15.14045,9.231974,1.382143
902,4.505,2268.69398,15.155102,9.238881,1.380746
903,4.51,2270.75414,15.170257,9.245781,1.379299
904,4.515,2274.64556,15.185993,9.252674,1.377792
905,4.52,2280.48268,15.20207,9.259559,1.37625
906,4.525,2285.06081,15.218368,9.266436,1.374684
907,4.53,2288.15105,15.235281,9.273305,1.373055
908,4.535,2290.66902,15.252453,9.280167,1.371398
909,4.54,2293.187,15.269287,9.287019,1.369773
910,4.545,2293.75926,15.285705,9.293864,1.368188
911,4.55,2292.27137,15.302105,9.300701,1.366602
912,4.555,2289.63894,15.318407,9.30753,1.365024
913,4.56,2287.80769,15.334059,9.314352,1.36351
914,4.565,2285.86198,15.349065,9.321166,1.362058
915,4.57,2283.34401,15.363739,9.327972,1.360638
916,4.575,2281.51276,15.378516,9.334772,1.359206
917,4.58,2282.08502,15.393513,9.341564,1.35775
918,4.585,2283.91628,15.408455,9.34835,1.356298
919,4.59,2285.97644,15.423655,9.355127,1.354819
920,4.595,2287.12097,15.439581,9.361898,1.353265
921,4.6,2289.41004,15.455841,9.36866,1.351676
922,4.605,2292.61473,15.471847,9.375414,1.35011
923,4.61,2293.53036,15.487835,9.382161,1.348544
924,4.615,2292.38582,15.504077,9.3889,1.34695
925,4.62,2290.78348,15.520377,9.39563,1.345349
926,4.625,2289.18113,15.536425,9.402353,1.343771
927,4.63,2286.09089,15.551912,9.409068,1.342249
928,4.635,2281.62721,15.566915,9.415776,1.340773
929,4.64,2277.62134,15.581709,9.422476,1.339318
930,4.645,2275.10337,15.596177,9.429169,1.337894
931,4.65,2273.95884,15.61036,9.435855,1.336497
932,4.655,2272.8143,15.624604,9.442534,1.335093
933,4.66,2272.12758,15.639219,9.449206,1.333649
934,4.665,2273.38657,15.654088,9.455871,1.332178
935,4.67,2274.64556,15.668979,9.462528,1.330702
936,4.675,2275.90454,15.684046,9.469177,1.329207
937,4.68,2275.67564,15.699594,9.47582,1.327661
938,4.685,2275.44673,15.715507,9.482454,1.326075
939,4.69,2274.3022,15.73144,9.48908,1.324486
940,4.695,2272.47094,15.747239,9.495699,1.322908
941,4.7,2268.92289,15.763057,9.502309,1.321327
942,4.705,2265.60374,15.778857,9.508912,1.319745
943,4.71,2262.62796,15.794218,9.515507,1.318207
944,4.715,2259.42326,15.809029,9.522094,1.316723
945,4.72,2256.33302,15.823671,9.528674,1.315256
946,4.725,2253.9295,15.838449,9.535247,1.313773
947,4.73,2253.24278,15.853134,9.541812,1.312297
948,4.735,2252.89942,15.867765,9.54837,1.310826
949,4.74,2253.47169,15.882304,9.55492,1.309363
950,4.745,2253.58614,15.897128,9.561463,1.307868
951,4.75,2255.07404,15.912578,9.567999,1.306306
952,4.755,2256.56193,15.92831,9.574526,1.304712
953,4.76,2257.1342,15.944062,9.581046,1.303115
954,4.765,2256.79084,15.959869,9.587558,1.301509
955,4.77,2255.53185,15.975882,9.594061,1.299881
956,4.775,2254.73068,15.991575,9.600556,1.298283
957,4.78,2253.35724,16.006611,9.607044,1.296753
958,4.785,2250.267,16.021293,9.613524,1.295258
959,4.79,2246.94785,16.035996,9.619997,1.293759
960,4.795,2245.45996,16.050756,9.626462,1.292252
961,4.8,2244.42988,16.065424,9.632919,1.290753
962,4.805,2243.17089,16.079815,9.639369,1.289282
963,4.81,2242.48417,16.094114,9.645812,1.287818
964,4.815,2243.28534,16.10862,9.652247,1.286331
965,4.82,2244.54433,16.12311,9.658675,1.284844
966,4.825,2246.14668,16.13762,9.665096,1.283353
967,4.83,2246.71894,16.15252,9.671509,1.281818
968,4.835,2246.94785,16.167773,9.677914,1.280245
969,4.84,2247.40566,16.182859,9.684311,1.278687
970,4.845,2246.49004,16.197447,9.690701,1.27718
971,4.85,2244.20097,16.211723,9.697083,1.275704
972,4.855,2241.79745,16.225946,9.703458,1.274233
973,4.86,2239.9662,16.239931,9.709825,1.272785
974,4.865,2237.79158,16.25346,9.716186,1.271385
975,4.87,2235.61697,16.266974,9.722539,1.269984
976,4.875,2232.87009,16.280802,9.728886,1.268548
977,4.88,2231.72556,16.294579,9.735225,1.267116
978,4.885,2231.84001,16.307974,9.741557,1.265724
979,4.89,2232.06892,16.321428,9.747882,1.264323
980,4.895,2232.64118,16.335231,9.7542,1.262884
981,4.9,2233.67126,16.349092,9.760511,1.261436
982,4.905,2235.0447,16.3629,9.766814,1.259992
983,4.91,2235.96033,16.376657,9.773111,1.258552
984,4.915,2236.41814,16.390506,9.7794,1.257101
985,4.92,2235.84588,16.404303,9.785682,1.255653
986,4.925,2235.38806,16.417831,9.791956,1.254233
987,4.93,2234.35798,16.431018,9.798224,1.252848
988,4.935,2232.06892,16.444081,9.804485,1.251475
989,4.94,2230.12321,16.457094,9.810739,1.250106
990,4.945,2228.52086,16.469913,9.816986,1.248757
991,4.95,2227.71969,16.482681,9.823226,1.247411
992,4.955,2226.34625,16.49558,9.82946,1.24605
993,4.96,2225.20172,16.508644,9.835687,1.24467
994,4.965,2224.7439,16.521694,9.841907,1.243289
995,4.97,2225.08726,16.534694,9.84812,1.241912
996,4.975,2225.20172,16.54775,9.854326,1.240527
997,4.98,2225.65953,16.561079,9.860525,1.239111
998,4.985,2225.77398,16.574679,9.866717,1.237663
999,4.99,2225.54508,16.588441,9.872902,1.236196
1000,4.995,2225.77398,16.60208,9.879079,1.23474
1001,5,2224.28609,16.615632,9.885249,1.233293
1002,5.005,2221.99702,16.62931,9.891412,1.231829
1003,5.01,2219.70796,16.643008,9.897567,1.230362
1004,5.015,2218.33452,16.656583,9.903715,1.228906
1005,5.02,2215.931,16.670106,9.909856,1.227454
1006,5.025,2213.18412,16.68379,9.91599,1.225983
1007,5.03,2211.69622,16.697635,9.922116,1.224492
1008,5.035,2210.7806,16.711321,9.928235,1.223017
1009,5.04,2210.43724,16.724638,9.934346,1.221581
1010,5.045,2209.63606,16.738151,9.940451,1.220121
1011,5.05,2209.0638,16.752,9.946548,1.218622
1012,5.055,2209.17825,16.765902,9.952637,1.217115
1013,5.06,2209.86497,16.779823,9.958719,1.215605
1014,5.065,2209.63606,16.793796,9.964793,1.214086
1015,5.07,2208.72044,16.807787,9.97086,1.212563
1016,5.075,2208.60598,16.821725,9.976919,1.211045
1017,5.08,2208.49153,16.835541,9.98297,1.209538
1018,5.085,2207.23254,16.84913,9.989014,1.208055
1019,5.09,2206.08801,16.862633,9.995051,1.206579
1020,5.095,2206.20246,16.876014,10.00108,1.205116
1021,5.1,2206.43137,16.889206,10.007102,1.203672
1022,5.105,2207.00364,16.902243,10.013117,1.202244
1023,5.11,2207.46145,16.915195,10.019124,1.200824
1024,5.115,2208.49153,16.928201,10.025125,1.199396
1025,5.12,2210.66614,16.94133,10.031118,1.197952
1026,5.125,2211.46732,16.954339,10.037104,1.19652
1027,5.13,2212.03958,16.967436,10.043083,1.195076
1028,5.135,2213.18412,16.980897,10.049055,1.193589
1029,5.14,2214.78646,16.994342,10.055019,1.192102
1030,5.145,2215.70209,17.007735,10.060976,1.190619
1031,5.15,2216.50326,17.021077,10.066925,1.18914
1032,5.155,2217.18998,17.034403,10.072867,1.18766
1033,5.16,2218.10561,17.047746,10.078802,1.186177
1034,5.165,2218.67788,17.061141,10.084729,1.184686
1035,5.17,2219.13569,17.074314,10.090649,1.183219
1036,5.175,2220.05132,17.087232,10.096561,1.181779
1037,5.18,2220.62358,17.100168,10.102467,1.180335
1038,5.185,2222.56929,17.112986,10.108365,1.178903
1039,5.19,2223.71382,17.125856,10.114256,1.177463
1040,5.195,2226.2318,17.138949,10.120139,1.175996
1041,5.2,2228.1775,17.152262,10.126016,1.174501
1042,5.205,2230.58102,17.165661,10.131884,1.172994
1043,5.21,2231.84001,17.178941,10.137746,1.171499
1044,5.215,2233.3279,17.192103,10.143599,1.170016
1045,5.22,2234.8158,17.205214,10.149446,1.168537
1046,5.225,2236.30369,17.218342,10.155285,1.167053
1047,5.23,2237.56268,17.231622,10.161116,1.16555
1048,5.235,2238.36385,17.244817,10.16694,1.164055
1049,5.24,2238.93612,17.257761,10.172757,1.162588
1050,5.245,2239.27948,17.270654,10.178566,1.161125
1051,5.25,2240.76737,17.283431,10.184368,1.159673
1052,5.255,2241.683,17.296025,10.190163,1.158241
1053,5.26,2242.71308,17.308636,10.195951,1.156805
1054,5.265,2243.51425,17.321532,10.201731,1.155334
1055,5.27,2244.88769,17.334445,10.207504,1.153858
1056,5.275,2245.23105,17.347142,10.21327,1.152407
1057,5.28,2245.45996,17.359823,10.219028,1.150955
1058,5.285,2245.1166,17.372455,10.224779,1.149507
1059,5.29,2245.91777,17.385103,10.230523,1.148056
1060,5.295,2247.17676,17.397803,10.23626,1.146596
1061,5.3,2247.52012,17.410486,10.241989,1.145136
1062,5.305,2247.97793,17.423351,10.247711,1.143653
1063,5.31,2248.20684,17.436331,10.253425,1.142154
1064,5.315,2248.20684,17.44913,10.259133,1.140675
1065,5.32,2247.17676,17.461649,10.264832,1.139227
1066,5.325,2246.26113,17.474184,10.270525,1.137776
1067,5.33,2245.80332,17.486967,10.27621,1.136292
1068,5.335,2245.57441,17.499765,10.281888,1.134805
1069,5.34,2245.57441,17.51258,10.287558,1.133314
1070,5.345,2245.3455,17.525639,10.293221,1.131792
1071,5.35,2245.91777,17.538648,10.298876,1.130273
1072,5.355,2246.49004,17.551509,10.304524,1.12877
1073,5.36,2246.60449,17.564386,10.310164,1.127263
1074,5.365,2246.14668,17.57718,10.315796,1.125764
1075,5.37,2246.14668,17.590055,10.321421,1.124254
1076,5.375,2246.03222,17.602848,10.327039,1.122751
1077,5.38,2247.0623,17.615461,10.332649,1.121268
1078,5.385,2246.60449,17.628123,10.338251,1.119777
1079,5.39,2245.91777,17.640735,10.343847,1.118289
1080,5.395,2246.26113,17.653331,10.349434,1.116802
1081,5.4,2246.03222,17.666006,10.355015,1.115303
1082,5.405,2246.14668,17.678665,10.360587,1.113804
1083,5.41,2246.26113,17.691307,10.366153,1.112305
1084,5.415,2246.94785,17.703867,10.37171,1.110814
1085,5.42,2246.49004,17.716378,10.377261,1.109327
1086,5.425,2247.29121,17.728937,10.382804,1.107832
1087,5.43,2247.63457,17.741287,10.388339,1.106361
1088,5.435,2248.20684,17.75362,10.393867,1.104889
1089,5.44,2249.00801,17.766001,10.399388,1.10341
1090,5.445,2249.69473,17.778493,10.404901,1.101915
1091,5.45,2249.80918,17.791031,10.410407,1.100412
1092,5.455,2249.46582,17.803489,10.415905,1.098917
1093,5.46,2250.03809,17.815866,10.421396,1.09743
1094,5.465,2250.4959,17.828131,10.42688,1.095955
1095,5.47,2251.18262,17.840444,10.432356,1.094472
1096,5.475,2251.52598,17.852708,10.437825,1.092992
1097,5.48,2252.67052,17.864955,10.443286,1.091513
1098,5.485,2253.01388,17.877249,10.44874,1.090026
1099,5.49,2253.58614,17.889589,10.454186,1.088531
1100,5.495,2254.04396,17.901943,10.459625,1.087032
1101,5.5,2254.73068,17.914438,10.465056,1.085514
1102,5.505,2255.53185,17.927008,10.47048,1.083983
1103,5.51,2256.67638,17.939561,10.475896,1.082453
1104,5.515,2257.3631,17.952097,10.481305,1.080922
1105,5.52,2257.59201,17.964614,10.486705,1.079392
1106,5.525,2258.62209,17.976959,10.492099,1.077881
1107,5.53,2259.76662,17.98913,10.497484,1.07639
1108,5.535,2260.7967,18.001253,10.502862,1.074903
1109,5.54,2262.05569,18.013391,10.508233,1.073412
1110,5.545,2263.31468,18.025636,10.513597,1.071905
1111,5.55,2265.26038,18.037925,10.518952,1.07039
1112,5.555,2266.51937,18.05029,10.5243,1.068864
1113,5.56,2266.51937,18.062667,10.529641,1.067333
1114,5.565,2266.97718,18.074935,10.534974,1.065815
1115,5.57,2267.6639,18.086909,10.540299,1.064331
1116,5.575,2268.23617,18.098651,10.545617,1.062876
1117,5.58,2268.57953,18.110499,10.550928,1.061404
1118,5.585,2268.69398,18.122423,10.556231,1.059921
1119,5.59,2269.03734,18.134269,10.561527,1.058446
1120,5.595,2268.69398,18.146037,10.566816,1.056979
1121,5.6,2267.77836,18.15785,10.572097,1.055503
1122,5.605,2267.77836,18.169708,10.577371,1.05402
1123,5.61,2267.6639,18.181305,10.582637,1.052568
1124,5.615,2267.54945,18.192553,10.587896,1.05116
1125,5.62,2267.54945,18.203815,10.593149,1.049748
1126,5.625,2266.97718,18.215275,10.598394,1.048308
1127,5.63,2267.6639,18.2269,10.603632,1.046844
1128,5.635,2267.54945,18.238509,10.608862,1.045381
1129,5.64,2267.435,18.249982,10.614086,1.043933
1130,5.645,2267.32054,18.261649,10.619302,1.042458
1131,5.65,2266.97718,18.27339,10.62451,1.040971
1132,5.655,2266.29046,18.285024,10.629711,1.039495
1133,5.66,2265.48929,18.296731,10.634905,1.038008
1134,5.665,2264.57366,18.308602,10.640091,1.036498
1135,5.67,2263.88694,18.320365,10.64527,1.034999
1136,5.675,2262.97132,18.331962,10.650441,1.033519
1137,5.68,2261.71233,18.343543,10.655605,1.03204
1138,5.685,2261.71233,18.355077,10.660762,1.030565
1139,5.69,2261.14006,18.366625,10.665911,1.029086
1140,5.695,2261.48342,18.378244,10.671053,1.027594
1141,5.7,2260.5678,18.389877,10.676187,1.026099
1142,5.705,2260.33889,18.401434,10.681314,1.024612
1143,5.71,2259.19436,18.41318,10.686433,1.023098
1144,5.715,2258.96545,18.425028,10.691545,1.021567
1145,5.72,2259.0799,18.436799,10.696649,1.020045
1146,5.725,2258.27873,18.448493,10.701745,1.01853
1147,5.73,2257.1342,18.460317,10.706834,1.016996
1148,5.735,2256.10412,18.47227,10.711915,1.015441
1149,5.74,2255.07404,18.483999,10.716988,1.013915
1150,5.745,2253.9295,18.495536,10.722054,1.012412
1151,5.75,2253.01388,18.507055,10.727112,1.010909
1152,5.755,2252.2127,18.518557,10.732163,1.009406
1153,5.76,2251.75489,18.530013,10.737206,1.007907
1154,5.765,2251.06817,18.541452,10.742242,1.006408
1155,5.77,2250.72481,18.552902,10.747271,1.004906
1156,5.775,2250.267,18.564452,10.752291,1.003387
1157,5.78,2250.267,18.576042,10.757304,1.00186
1158,5.785,2250.03809,18.587615,10.76231,1.000334
1159,5.79,2249.80918,18.599169,10.767308,0.998807
1160,5.795,2249.58028,18.610793,10.772298,0.997269
1161,5.8,2249.12246,18.622629,10.77728,0.995699
1162,5.805,2248.20684,18.634446,10.782255,0.994129
1163,5.81,2246.8334,18.645929,10.787222,0.992603
1164,5.815,2245.68886,18.657309,10.792181,0.991088
1165,5.82,2245.3455,18.6687,10.797133,0.989569
1166,5.825,2245.68886,18.679873,10.802077,0.988078
1167,5.83,2245.91777,18.690973,10.807013,0.986595
1168,5.835,2245.80332,18.702169,10.811943,0.985096
1169,5.84,2246.26113,18.713377,10.816864,0.983593
1170,5.845,2247.0623,18.724483,10.821779,0.982102
1171,5.85,2247.29121,18.735487,10.826685,0.980623
1172,5.855,2247.40566,18.746531,10.831585,0.979136
1173,5.86,2247.74902,18.757643,10.836477,0.977637
1174,5.865,2248.5502,18.768738,10.841361,0.976138
1175,5.87,2249.69473,18.779788,10.846238,0.974643
1176,5.875,2250.03809,18.790793,10.851108,0.973152
1177,5.88,2250.4959,18.801893,10.85597,0.971645
1178,5.885,2250.38145,18.812948,10.860824,0.970142
1179,5.89,2250.38145,18.823846,10.865671,0.968659
1180,5.895,2251.29708,18.834699,10.870511,0.96718
1181,5.9,2251.06817,18.84548,10.875343,0.965709
1182,5.905,2251.64044,18.856189,10.880168,0.964245
1183,5.91,2252.55606,18.86677,10.884985,0.962797
1184,5.915,2253.24278,18.87728,10.889796,0.961357
1185,5.92,2253.01388,18.887746,10.894599,0.959922
1186,5.925,2254.38732,18.898169,10.899395,0.95849
1187,5.93,2255.18849,18.908494,10.904184,0.957069
1188,5.935,2255.4174,18.918858,10.908966,0.955641
1189,5.94,2255.87521,18.929372,10.91374,0.95419
1190,5.945,2255.87521,18.940008,10.918508,0.952718
1191,5.95,2255.6463,18.950655,10.923267,0.951243
1192,5.955,2255.6463,18.961203,10.92802,0.949779
1193,5.96,2255.98966,18.971626,10.932765,0.948332
1194,5.965,2255.18849,18.981977,10.937503,0.946892
1195,5.97,2254.61622,18.992532,10.942234,0.945421
1196,5.975,2254.15841,19.002988,10.946958,0.943961
1197,5.98,2254.04396,19.013102,10.951674,0.942549
1198,5.985,2253.35724,19.023145,10.956383,0.941144
1199,5.99,2252.89942,19.033256,10.961085,0.939728
1200,5.995,2252.78497,19.043378,10.96578,0.938308
1201,6,2252.78497,19.053539,10.970468,0.93688
1202,6.005,2252.32716,19.0639,10.975149,0.93542
1203,6.01,2252.55606,19.074435,10.979822,0.933933
1204,6.015,2251.9838,19.08498,10.984488,0.932442
1205,6.02,2251.64044,19.095534,10.989147,0.930947
1206,6.025,2250.95372,19.106126,10.993798,0.929444
1207,6.03,2249.92364,19.116647,10.998441,0.927949
1208,6.035,2249.12246,19.12707,11.003077,0.926466
1209,6.04,2248.09238,19.137397,11.007706,0.924995
1210,6.045,2247.40566,19.147734,11.012327,0.923519
1211,6.05,2246.37558,19.158108,11.016941,0.922036
1212,6.055,2244.88769,19.168359,11.021548,0.920569
1213,6.06,2243.85761,19.17846,11.026147,0.919121
1214,6.065,2243.85761,19.188519,11.030739,0.917677
1215,6.07,2243.17089,19.198721,11.035324,0.91621
1216,6.075,2243.17089,19.209013,11.039901,0.914727
1217,6.08,2243.3998,19.219235,11.044471,0.913251
1218,6.085,2243.17089,19.229441,11.049034,0.911776
1219,6.09,2242.94198,19.239761,11.053589,0.910281
1220,6.095,2242.82753,19.250223,11.058136,0.908762
1221,6.1,2243.28534,19.260562,11.062676,0.907259
1222,6.105,2242.82753,19.270779,11.067209,0.905772
1223,6.11,2242.71308,19.281058,11.071734,0.904273
1224,6.115,2242.25526,19.291267,11.076252,0.902782
1225,6.12,2242.71308,19.301356,11.080762,0.901307
1226,6.125,2242.59862,19.31135,11.085265,0.899844
1227,6.13,2242.71308,19.321354,11.08976,0.898376
1228,6.135,2242.02636,19.331393,11.094248,0.896901
1229,6.14,2242.36972,19.341312,11.098729,0.895441
1230,6.145,2242.71308,19.351344,11.103203,0.893962
1231,6.15,2243.05644,19.361489,11.107669,0.892463
1232,6.155,2243.17089,19.371617,11.112127,0.890964
1233,6.16,2243.51425,19.381907,11.116578,0.889438
1234,6.165,2244.20097,19.392283,11.121022,0.887895
1235,6.17,2244.54433,19.402538,11.125457,0.886369
1236,6.175,2244.88769,19.412852,11.129885,0.88483
1237,6.18,2245.3455,19.42325,11.134306,0.883276
1238,6.185,2246.49004,19.433375,11.138718,0.881762
1239,6.19,2246.49004,19.443381,11.143123,0.880263
1240,6.195,2245.91777,19.453345,11.147521,0.878768
1241,6.2,2245.57441,19.463216,11.151911,0.877285
1242,6.205,2245.45996,19.473095,11.156294,0.875797
1243,6.21,2245.1166,19.483033,11.160669,0.874298
1244,6.215,2245.1166,19.492955,11.165037,0.8728
1245,6.22,2244.88769,19.502758,11.169397,0.871316
1246,6.225,2244.31542,19.51257,11.17375,0.869829
1247,6.23,2244.88769,19.522416,11.178095,0.868334
1248,6.235,2245.57441,19.53232,11.182433,0.866827
1249,6.24,2245.91777,19.542256,11.186764,0.865313
1250,6.245,2246.26113,19.552125,11.191086,0.863806
1251,6.25,2246.60449,19.561927,11.195402,0.862307
1252,6.255,2246.60449,19.571638,11.19971,0.86082
1253,6.26,2245.45996,19.581381,11.20401,0.859325
1254,6.265,2245.00214,19.591058,11.208303,0.857838
1255,6.27,2244.42988,19.600595,11.212588,0.85637
1256,6.275,2243.51425,19.610115,11.216866,0.854903
1257,6.28,2242.59862,19.619569,11.221137,0.853443
1258,6.285,2241.9119,19.629032,11.225401,0.85198
1259,6.29,2241.22518,19.638479,11.229657,0.850516
1260,6.295,2240.76737,19.647934,11.233906,0.849049
1261,6.3,2240.42401,19.657446,11.238148,0.84757
1262,6.305,2240.42401,19.666966,11.242382,0.846086
1263,6.31,2240.76737,19.676469,11.246608,0.844603
1264,6.315,2241.22518,19.686004,11.250828,0.843112
1265,6.32,2240.99628,19.695523,11.25504,0.841621
1266,6.325,2240.30956,19.705049,11.259244,0.840126
1267,6.33,2239.85174,19.714582,11.263441,0.838627
1268,6.335,2239.85174,19.724001,11.26763,0.837144
1269,6.34,2239.39393,19.733404,11.271812,0.835661
1270,6.345,2238.93612,19.742838,11.275987,0.83417
1271,6.35,2238.36385,19.752328,11.280154,0.832667
1272,6.355,2238.2494,19.761656,11.284314,0.831188
1273,6.36,2238.02049,19.770896,11.288466,0.82972
1274,6.365,2237.67713,19.780192,11.292611,0.828241
1275,6.37,2237.33377,19.78959,11.296748,0.826742
1276,6.375,2237.44822,19.799019,11.300878,0.825235
1277,6.38,2237.44822,19.808335,11.305001,0.823744
1278,6.385,2237.10486,19.817611,11.309116,0.822257
1279,6.39,2236.7615,19.826894,11.313223,0.820766
1280,6.395,2236.41814,19.836254,11.317323,0.819259
1281,6.4,2235.96033,19.845574,11.321416,0.817756
1282,6.405,2235.73142,19.854783,11.325501,0.816269
1283,6.41,2234.70134,19.863927,11.329578,0.81479
1284,6.415,2233.67126,19.873079,11.333649,0.813307
1285,6.42,2232.29782,19.882167,11.337712,0.811831
1286,6.425,2232.06892,19.891144,11.341767,0.810372
1287,6.43,2230.58102,19.900106,11.345815,0.808912
1288,6.435,2229.77985,19.909144,11.349856,0.807437
1289,6.44,2229.77985,19.91812,11.35389,0.80597
1290,6.445,2229.20758,19.92687,11.357916,0.804538
1291,6.45,2229.20758,19.935651,11.361935,0.803098
1292,6.455,2228.86422,19.944532,11.365947,0.801638
1293,6.46,2228.40641,19.953328,11.369951,0.80019
1294,6.465,2227.60524,19.962038,11.373949,0.798754
1295,6.47,2226.91852,19.97071,11.377939,0.797322
1296,6.475,2226.68961,19.979435,11.381922,0.795879
1297,6.48,2226.11734,19.988236,11.385898,0.794419
1298,6.485,2225.65953,19.996998,11.389866,0.792964
1299,6.49,2224.85836,20.005652,11.393827,0.791524
1300,6.495,2224.40054,20.014291,11.397781,0.790084
1301,6.5,2223.71382,20.022937,11.401728,0.78864
1302,6.505,2223.48492,20.031544,11.405668,0.7872
1303,6.51,2223.14156,20.040022,11.4096,0.78578
1304,6.515,2222.7982,20.048553,11.413526,0.784348
1305,6.52,2223.25601,20.057204,11.417444,0.782892
1306,6.525,2223.25601,20.065771,11.421355,0.781449
1307,6.53,2222.91265,20.074299,11.425258,0.780009
1308,6.535,2222.56929,20.082812,11.429155,0.778569
1309,6.54,2222.45484,20.091287,11.433044,0.777133
1310,6.545,2222.45484,20.099724,11.436926,0.775701
1311,6.55,2221.88257,20.108234,11.440801,0.774253
1312,6.555,2221.65366,20.116863,11.444668,0.772782
1313,6.56,2221.42476,20.12552,11.448529,0.771303
1314,6.565,2221.19585,20.134138,11.452382,0.769827
1315,6.57,2220.28022,20.142606,11.456227,0.768376
1316,6.575,2219.47905,20.15097,11.460065,0.76694
1317,6.58,2218.22006,20.159362,11.463896,0.765496
1318,6.585,2217.30444,20.167827,11.46772,0.764036
1319,6.59,2216.84662,20.176276,11.471537,0.762577
1320,6.595,2216.38881,20.18473,11.475346,0.761113
1321,6.6,2215.47318,20.193278,11.479148,0.75963
1322,6.605,2214.67201,20.201788,11.482942,0.758151
1323,6.61,2214.4431,20.210259,11.486729,0.756676
1324,6.615,2213.75638,20.218735,11.490509,0.755196
1325,6.62,2212.61185,20.227129,11.494281,0.753729
1326,6.625,2210.66614,20.235507,11.498046,0.752261
1327,6.63,2209.75052,20.243869,11.501804,0.750794
1328,6.635,2208.60598,20.25215,11.505554,0.749338
1329,6.64,2207.69036,20.260392,11.509297,0.747887
1330,6.645,2206.20246,20.268533,11.513033,0.746451
1331,6.65,2204.48566,20.276744,11.516762,0.744999
1332,6.655,2203.22668,20.285068,11.520483,0.743524
1333,6.66,2202.1966,20.293268,11.524197,0.742068
1334,6.665,2201.39542,20.301452,11.527904,0.740613
1335,6.67,2200.13644,20.309641,11.531603,0.739153
1336,6.675,2199.44972,20.317878,11.535295,0.737682
1337,6.68,2198.64854,20.326142,11.53898,0.736202
1338,6.685,2197.16065,20.334367,11.542657,0.734727
1339,6.69,2195.44385,20.34264,11.546327,0.73324
1340,6.695,2194.41377,20.350853,11.54999,0.731761
1341,6.7,2193.6126,20.359029,11.553645,0.730285
1342,6.705,2192.81142,20.367168,11.557293,0.728814
1343,6.71,2191.78134,20.375226,11.560933,0.727355
1344,6.715,2191.09462,20.383248,11.564566,0.725899
1345,6.72,2190.75126,20.391212,11.568192,0.724451
1346,6.725,2190.179,20.39918,11.571811,0.723
1347,6.73,2189.72118,20.407175,11.575422,0.72154
1348,6.735,2188.57665,20.415153,11.579026,0.72008
1349,6.74,2188.23329,20.423136,11.582623,0.718617
1350,6.745,2188.11884,20.431144,11.586212,0.717146
1351,6.75,2187.43212,20.439115,11.589794,0.715678
1352,6.755,2186.7454,20.44707,11.593369,0.714211
1353,6.76,2186.40204,20.455008,11.596936,0.712743
1354,6.765,2186.40204,20.462951,11.600496,0.711272
1355,6.77,2185.2575,20.470979,11.604049,0.709781
1356,6.775,2184.45633,20.47895,11.607594,0.708298
1357,6.78,2183.88406,20.486762,11.611132,0.706842
1358,6.785,2183.08289,20.494455,11.614663,0.705406
1359,6.79,2182.51062,20.502194,11.618186,0.703958
1360,6.795,2182.16726,20.509977,11.621702,0.702499
1361,6.8,2182.16726,20.517684,11.625211,0.701051
1362,6.805,2181.48054,20.525395,11.628713,0.699599
1363,6.81,2179.8782,20.533171,11.632207,0.698132
1364,6.815,2178.84812,20.540931,11.635694,0.696665
1365,6.82,2178.1614,20.548593,11.639174,0.695213
1366,6.825,2178.61921,20.55614,11.642646,0.693781
1367,6.83,2178.3903,20.563631,11.646112,0.692357
1368,6.835,2177.70358,20.571106,11.64957,0.690933
1369,6.84,2176.90241,20.578626,11.653021,0.689497
1370,6.845,2175.98678,20.58621,11.656465,0.688045
1371,6.85,2174.38444,20.593738,11.659901,0.686601
1372,6.855,2173.011,20.601251,11.663331,0.685158
1373,6.86,2172.09537,20.608747,11.666753,0.683714
1374,6.865,2171.2942,20.616189,11.670168,0.682278
1375,6.87,2169.8063,20.623516,11.673576,0.680862
1376,6.875,2169.23404,20.63071,11.676977,0.679469
1377,6.88,2168.31841,20.637968,11.68037,0.678061
1378,6.885,2167.63169,20.64527,11.683757,0.67664
1379,6.89,2167.17388,20.652536,11.687137,0.675224
1380,6.895,2166.83052,20.659749,11.690509,0.673816
1381,6.9,2166.71606,20.666888,11.693875,0.672419
1382,6.905,2165.45708,20.674032,11.697234,0.671019
1383,6.91,2164.427,20.681199,11.700585,0.669611
1384,6.915,2163.85473,20.68839,11.70393,0.668194
1385,6.92,2163.05356,20.695547,11.707267,0.666782
1386,6.925,2162.59574,20.702669,11.710598,0.665374
1387,6.93,2161.33676,20.709776,11.713921,0.663965
1388,6.935,2160.87894,20.716735,11.717237,0.662585
1389,6.94,2159.73441,20.723602,11.720547,0.66122
1390,6.945,2158.36097,20.730493,11.723849,0.659847
1391,6.95,2157.10198,20.737351,11.727145,0.658478
1392,6.955,2155.95745,20.74427,11.730434,0.657093
1393,6.96,2154.69846,20.751232,11.733716,0.655696
1394,6.965,2153.66838,20.758141,11.736991,0.654308
1395,6.97,2152.98166,20.765092,11.740259,0.652907
1396,6.975,2152.98166,20.772028,11.74352,0.651507
1397,6.98,2152.4094,20.778987,11.746774,0.650098
1398,6.985,2151.83713,20.785912,11.750021,0.648694
1399,6.99,2151.03596,20.792822,11.753261,0.64729
1400,6.995,2149.89142,20.799811,11.756494,0.645866
1401,7,2149.09025,20.806728,11.75972,0.644453
1402,7.005,2148.06017,20.813556,11.762939,0.643057
1403,7.01,2146.45782,20.820406,11.76615,0.641652
1404,7.015,2145.19884,20.82726,11.769355,0.640244
1405,7.02,2143.59649,20.834024,11.772553,0.638851
1406,7.025,2141.99414,20.840756,11.775744,0.637463
1407,7.03,2140.50625,20.847509,11.778928,0.636066
1408,7.035,2139.36172,20.85423,11.782104,0.634674
1409,7.04,2138.56054,20.860935,11.785274,0.633281
1410,7.045,2137.41601,20.867681,11.788437,0.631877
1411,7.05,2136.38593,20.874485,11.791593,0.630456
1412,7.055,2135.58476,20.881291,11.794742,0.629032
1413,7.06,2134.55468,20.887937,11.797883,0.62764
1414,7.065,2133.5246,20.894551,11.801018,0.626251
1415,7.07,2132.15116,20.901275,11.804146,0.624835
1416,7.075,2131.34998,20.908111,11.807266,0.623391
1417,7.08,2130.3199,20.914931,11.81038,0.621947
1418,7.085,2129.40428,20.921592,11.813486,0.620535
1419,7.09,2128.25974,20.92822,11.816585,0.619127
1420,7.095,2126.77185,20.934797,11.819677,0.617726
1421,7.1,2125.1695,20.941252,11.822762,0.616349
1422,7.105,2124.13942,20.947711,11.825841,0.614969
1423,7.11,2123.10934,20.954243,11.828912,0.613568
1424,7.115,2122.07926,20.960832,11.831976,0.612152
1425,7.12,2121.16364,20.967335,11.835034,0.610751
1426,7.125,2121.04918,20.973805,11.838084,0.609355
1427,7.13,2121.04918,20.980348,11.841127,0.607939
1428,7.135,2120.13356,20.986859,11.844163,0.606526
1429,7.14,2118.98902,20.993372,11.847192,0.60511
1430,7.145,2117.73004,20.999904,11.850214,0.603686
1431,7.15,2116.81441,21.006404,11.853229,0.602266
1432,7.155,2115.89878,21.012819,11.856237,0.600861
1433,7.16,2114.6398,21.019185,11.859238,0.599465
1434,7.165,2113.49526,21.025552,11.862232,0.598064
1435,7.17,2111.89292,21.03194,11.865219,0.596656
1436,7.175,2110.74838,21.038347,11.868198,0.59524
1437,7.18,2109.60385,21.044721,11.871171,0.593828
1438,7.185,2108.45932,21.051115,11.874137,0.592407
1439,7.19,2108.23041,21.057493,11.877095,0.590987
1440,7.195,2107.88705,21.063771,11.880046,0.589587
1441,7.2,2107.7726,21.069982,11.882991,0.588198
1442,7.205,2107.65814,21.076197,11.885928,0.586806
1443,7.21,2107.08588,21.082379,11.888859,0.585417
1444,7.215,2106.74252,21.088513,11.891783,0.584036
1445,7.22,2106.2847,21.0947,11.894699,0.58264
1446,7.225,2105.25462,21.10099,11.897609,0.581216
1447,7.23,2104.45345,21.107298,11.900511,0.579784
1448,7.235,2103.19446,21.11354,11.903407,0.578363
1449,7.24,2102.6222,21.119733,11.906295,0.576951
1450,7.245,2101.36321,21.125845,11.909176,0.575555
1451,7.25,2100.67649,21.131975,11.912051,0.57415
1452,7.255,2099.98977,21.13809,11.914918,0.572746
1453,7.26,2099.07414,21.144075,11.917778,0.571369
1454,7.265,2098.38742,21.150012,11.920632,0.57
1455,7.27,2097.81516,21.155952,11.923478,0.568627
1456,7.275,2097.7007,21.16191,11.926318,0.567246
1457,7.28,2096.89953,21.167837,11.929151,0.565869
1458,7.285,2096.44172,21.173701,11.931977,0.564504
1459,7.29,2096.32726,21.179566,11.934796,0.563135
1460,7.295,2095.755,21.185467,11.937608,0.561755
1461,7.3,2095.18273,21.191369,11.940413,0.56037
1462,7.305,2093.69484,21.197256,11.943212,0.558985
1463,7.31,2092.5503,21.203145,11.946003,0.557597
1464,7.315,2092.3214,21.209052,11.948788,0.5562
1465,7.32,2091.63468,21.214895,11.951565,0.554815
1466,7.325,2090.6046,21.220693,11.954336,0.553439
1467,7.33,2088.8878,21.226443,11.957099,0.55207
1468,7.335,2087.85772,21.232132,11.959856,0.550712
1469,7.34,2087.51436,21.237791,11.962607,0.549359
1470,7.345,2086.59873,21.243404,11.96535,0.548014
1471,7.35,2086.02646,21.249004,11.968087,0.546669
1472,7.355,2086.25537,21.254621,11.970817,0.545315
1473,7.36,2085.91201,21.260303,11.97354,0.543942
1474,7.365,2085.11084,21.265971,11.976256,0.54257
1475,7.37,2083.85185,21.271608,11.978966,0.541201
1476,7.375,2083.62294,21.277278,11.981668,0.53982
1477,7.38,2082.47841,21.282965,11.984364,0.538431
1478,7.385,2081.10497,21.288591,11.987052,0.537054
1479,7.39,2079.84598,21.294094,11.989734,0.535705
1480,7.395,2078.47254,21.299521,11.99241,0.534372
1481,7.4,2076.98465,21.304935,11.995078,0.533038
1482,7.405,2075.72566,21.310335,11.99774,0.531705
1483,7.41,2074.69558,21.315691,12.000395,0.530379
1484,7.415,2073.6655,21.321034,12.003044,0.529053
1485,7.42,2073.09324,21.326348,12.005686,0.527732
1486,7.425,2072.06316,21.331634,12.008321,0.526414
1487,7.43,2070.80417,21.336951,12.01095,0.525084
1488,7.435,2069.65964,21.342256,12.013572,0.523755
1489,7.44,2068.17174,21.347562,12.016187,0.522421
1490,7.445,2066.91276,21.3529,12.018796,0.521076
1491,7.45,2065.88268,21.358268,12.021398,0.519719
1492,7.455,2064.73814,21.363638,12.023993,0.518358
1493,7.46,2062.90689,21.368994,12.026582,0.516997
1494,7.465,2061.53345,21.374351,12.029163,0.515632
1495,7.47,2060.38892,21.379679,12.031738,0.51427
1496,7.475,2059.12993,21.384948,12.034306,0.512921
1497,7.48,2057.29868,21.390159,12.036867,0.511584
1498,7.485,2056.15414,21.395356,12.039422,0.510246
1499,7.49,2054.7807,21.400555,12.04197,0.508905
1500,7.495,2053.63617,21.405739,12.044511,0.507564
1501,7.5,2052.60609,21.410969,12.047045,0.506206
1502,7.505,2050.77484,21.416214,12.049573,0.504841
1503,7.51,2049.85921,21.421357,12.052094,0.5035
1504,7.515,2049.28694,21.426516,12.054608,0.502151
1505,7.52,2048.48577,21.431718,12.057115,0.500786
1506,7.525,2047.57014,21.436921,12.059616,0.499417
1507,7.53,2046.76897,21.442067,12.062109,0.49806
1508,7.535,2045.9678,21.447184,12.064596,0.496706
1509,7.54,2044.93772,21.452359,12.067076,0.495333
1510,7.545,2043.44982,21.457505,12.06955,0.493965
1511,7.55,2042.19084,21.462623,12.072016,0.4926
1512,7.555,2040.35958,21.46767,12.074476,0.49125
1513,7.56,2038.87169,21.472646,12.076929,0.489917
1514,7.565,2037.04044,21.477651,12.079375,0.488571
1515,7.57,2035.667,21.482685,12.081814,0.487214
1516,7.575,2034.63692,21.487704,12.084247,0.485857
1517,7.58,2033.60684,21.492682,12.086673,0.484508
1518,7.585,2032.34785,21.497646,12.089092,0.483159
1519,7.59,2031.54668,21.502652,12.091504,0.481794
1520,7.595,2030.7455,21.507643,12.09391,0.480429
1521,7.6,2029.60097,21.512565,12.096309,0.479079
1522,7.605,2028.45644,21.517528,12.098701,0.477714
1523,7.61,2027.3119,21.522519,12.101086,0.476337
1524,7.615,2025.48065,21.52744,12.103464,0.474976
1525,7.62,2024.10721,21.532292,12.105836,0.473631
1526,7.625,2022.84822,21.537144,12.1082,0.472282
1527,7.63,2021.81814,21.541983,12.110558,0.470932
1528,7.635,2020.33025,21.54674,12.11291,0.469603
1529,7.64,2019.64353,21.551456,12.115254,0.468281
1530,7.645,2019.18572,21.556172,12.117593,0.466956
1531,7.65,2018.7279,21.560875,12.119924,0.46563
1532,7.655,2017.69782,21.565565,12.122249,0.464304
1533,7.66,2017.24001,21.570241,12.124567,0.462979
1534,7.665,2017.0111,21.574904,12.126879,0.461653
1535,7.67,2016.43884,21.57962,12.129184,0.460308
1536,7.675,2015.98102,21.584349,12.131482,0.458955
1537,7.68,2015.17985,21.589011,12.133773,0.457617
1538,7.685,2014.14977,21.593633,12.136058,0.456288
1539,7.69,2013.3486,21.598241,12.138336,0.454958
1540,7.695,2012.20406,21.602823,12.140608,0.453632
1541,7.7,2011.28844,21.607379,12.142872,0.452311
1542,7.705,2009.915,21.611895,12.145131,0.450997
1543,7.71,2008.88492,21.61632,12.147382,0.449707
1544,7.715,2007.51148,21.620694,12.149628,0.448428
1545,7.72,2006.59585,21.625106,12.151867,0.447134
1546,7.725,2005.79468,21.629571,12.154099,0.44582
1547,7.73,2004.7646,21.634035,12.156325,0.444503
1548,7.735,2003.84897,21.638524,12.158544,0.443173
1549,7.74,2003.39116,21.643013,12.160757,0.44184
1550,7.745,2002.70444,21.647462,12.162962,0.440514
1551,7.75,2001.44545,21.651886,12.165162,0.439192
1552,7.755,1999.8431,21.656246,12.167354,0.437886
1553,7.76,1998.92748,21.660605,12.169541,0.436576
1554,7.765,1998.46966,21.665002,12.17172,0.435251
1555,7.77,1997.21068,21.669372,12.173893,0.433929
1556,7.775,1996.1806,21.673705,12.176059,0.432615
1557,7.78,1994.6927,21.678049,12.178219,0.431294
1558,7.785,1993.54817,21.68238,12.180372,0.429972
1559,7.79,1991.94582,21.686635,12.182519,0.42867
1560,7.795,1990.80129,21.690816,12.184659,0.427388
1561,7.8,1989.65676,21.694997,12.186793,0.426101
1562,7.805,1988.62668,21.699141,12.18892,0.424823
1563,7.81,1988.05441,21.703248,12.191041,0.423552
1564,7.815,1986.90988,21.707354,12.193156,0.422278
1565,7.82,1986.1087,21.711485,12.195264,0.420992
1566,7.825,1985.07862,21.715651,12.197366,0.41969
1567,7.83,1984.27745,21.719817,12.199461,0.418384
1568,7.835,1982.90401,21.723922,12.201549,0.417094
1569,7.84,1981.64502,21.728002,12.203632,0.415807
1570,7.845,1980.27158,21.732105,12.205707,0.414509
1571,7.85,1979.0126,21.736136,12.207777,0.413231
1572,7.855,1977.98252,21.740119,12.20984,0.411964
1573,7.86,1976.60908,21.744113,12.211896,0.41069
1574,7.865,1975.12118,21.748082,12.213947,0.40942
1575,7.87,1973.8622,21.752016,12.215991,0.408157
1576,7.875,1972.71766,21.755985,12.218028,0.406879
1577,7.88,1971.68758,21.760012,12.220059,0.405577
1578,7.885,1971.11532,21.764026,12.222084,0.404275
1579,7.89,1970.6575,21.768027,12.224102,0.402973
1580,7.895,1970.31414,21.772038,12.226114,0.401663
1581,7.9,1969.51297,21.776013,12.228119,0.400361
1582,7.905,1969.05516,21.779918,12.230117,0.399078
1583,7.91,1968.02508,21.783809,12.23211,0.397796
1584,7.915,1966.995,21.787746,12.234095,0.396494
1585,7.92,1965.73601,21.791659,12.236075,0.395196
1586,7.925,1964.24812,21.795524,12.238047,0.39391
1587,7.93,1963.21804,21.799343,12.240014,0.392635
1588,7.935,1962.18796,21.803126,12.241974,0.391369
1589,7.94,1961.50124,21.806898,12.243927,0.390102
1590,7.945,1960.47116,21.810657,12.245875,0.388836
1591,7.95,1959.44108,21.814427,12.247816,0.387561
1592,7.955,1958.75436,21.818195,12.24975,0.386283
1593,7.96,1958.06764,21.821951,12.251678,0.385005
1594,7.965,1957.95318,21.825694,12.2536,0.383726
1595,7.97,1957.26646,21.829447,12.255516,0.38244
1596,7.975,1956.23638,21.833232,12.257425,0.381138
1597,7.98,1955.32076,21.83696,12.259327,0.379852
1598,7.985,1953.94732,21.840631,12.261223,0.378581
1599,7.99,1952.68833,21.844344,12.263113,0.377291
1600,7.995,1951.20044,21.848078,12.264996,0.375989
1601,8,1949.827,21.851723,12.266873,0.374715
1602,8.005,1948.68246,21.855312,12.268743,0.373456
1603,8.01,1947.08012,21.858943,12.270607,0.372178
1604,8.015,1945.47777,21.862604,12.272465,0.370883
1605,8.02,1944.21878,21.866242,12.274316,0.369593
1606,8.025,1942.73089,21.869856,12.276161,0.368307
1607,8.03,1941.4719,21.873448,12.277999,0.367025
1608,8.035,1939.7551,21.876984,12.279831,0.365758
1609,8.04,1938.15276,21.880488,12.281657,0.3645
1610,8.045,1936.89377,21.884031,12.283476,0.363221
1611,8.05,1936.43596,21.887594,12.285289,0.361931
1612,8.055,1935.40588,21.891144,12.287096,0.360641
1613,8.06,1934.94806,21.894692,12.288895,0.359347
1614,8.065,1933.80353,21.898175,12.290689,0.358072
1615,8.07,1932.659,21.901656,12.292476,0.356794
1616,8.075,1930.59884,21.905165,12.294257,0.3555
1617,8.08,1928.53868,21.908662,12.296031,0.354206
1618,8.085,1926.70742,21.912096,12.297799,0.352931
1619,8.09,1925.10508,21.915476,12.299561,0.351673
1620,8.095,1923.61718,21.918885,12.301316,0.350398
1621,8.1,1922.24374,21.922281,12.303065,0.349124
1622,8.105,1920.98476,21.925655,12.304807,0.347853
1623,8.11,1919.61132,21.929046,12.306543,0.346571
1624,8.115,1918.35233,21.932415,12.308273,0.345293
1625,8.12,1917.32225,21.935742,12.309996,0.344026
1626,8.125,1915.94881,21.939047,12.311713,0.342763
1627,8.13,1914.23201,21.942369,12.313424,0.341489
1628,8.135,1912.40076,21.945728,12.315128,0.340195
1629,8.14,1911.02732,21.949074,12.316826,0.338901
1630,8.145,1908.8527,21.952407,12.318517,0.337607
1631,8.15,1906.33473,21.955708,12.320202,0.33632
1632,8.155,1904.27457,21.958987,12.32188,0.335038
1633,8.16,1902.32886,21.962235,12.323552,0.333764
1634,8.165,1900.15425,21.965421,12.325218,0.332509
1635,8.17,1898.323,21.968577,12.326877,0.331262
1636,8.175,1896.72065,21.97173,12.32853,0.330011
1637,8.18,1895.1183,21.974909,12.330177,0.328745
1638,8.185,1893.4015,21.978076,12.331818,0.327478
1639,8.19,1891.6847,21.981241,12.333452,0.326208
1640,8.195,1890.42572,21.984393,12.33508,0.324937
1641,8.2,1888.82337,21.987495,12.336701,0.323682
1642,8.205,1887.22102,21.990604,12.338317,0.32242
1643,8.21,1885.73313,21.99371,12.339926,0.321153
1644,8.215,1883.90188,21.996794,12.341528,0.319891
1645,8.22,1882.07062,21.999839,12.343125,0.31864
1646,8.225,1880.23937,22.002835,12.344715,0.317405
1647,8.23,1878.29366,22.005847,12.346299,0.316158
1648,8.235,1877.14913,22.008829,12.347876,0.314919
1649,8.24,1875.54678,22.011799,12.349448,0.31368
1650,8.245,1872.91436,22.014758,12.351013,0.312441
1651,8.25,1871.0831,22.017678,12.352572,0.311214
1652,8.255,1869.48076,22.020604,12.354125,0.309979
1653,8.26,1867.6495,22.023465,12.355672,0.308767
1654,8.265,1865.58934,22.026288,12.357213,0.307568
1655,8.27,1863.52918,22.029162,12.358748,0.306341
1656,8.275,1862.15574,22.032025,12.360276,0.305114
1657,8.28,1860.66785,22.034858,12.361799,0.303894
1658,8.285,1858.95105,22.037681,12.363315,0.302675
1659,8.29,1857.57761,22.040465,12.364826,0.301468
1660,8.295,1855.74636,22.04323,12.36633,0.300264
1661,8.3,1853.6862,22.046027,12.367828,0.299041
1662,8.305,1851.85494,22.048839,12.36932,0.297806
1663,8.31,1849.68033,22.051622,12.370806,0.296579
1664,8.315,1847.62017,22.054367,12.372286,0.295363
1665,8.32,1845.78892,22.057059,12.37376,0.294168
1666,8.325,1843.84321,22.059698,12.375228,0.292992
1667,8.33,1841.8975,22.062292,12.37669,0.291831
1668,8.335,1839.26508,22.064901,12.378146,0.290659
1669,8.34,1837.54828,22.0675,12.379596,0.289487
1670,8.345,1835.48812,22.070105,12.381041,0.288307
1671,8.35,1833.54241,22.072741,12.382479,0.287108
1672,8.355,1832.05452,22.075341,12.383912,0.28592
1673,8.36,1830.56662,22.077905,12.385339,0.284744
1674,8.365,1828.73537,22.080476,12.386759,0.28356
1675,8.37,1826.56076,22.083051,12.388174,0.282369
1676,8.375,1824.38614,22.085592,12.389583,0.281189
1677,8.38,1822.21153,22.088106,12.390986,0.280017
1678,8.385,1820.03692,22.090626,12.392383,0.278837
1679,8.39,1817.29004,22.093158,12.393775,0.277645
1680,8.395,1815.11542,22.095657,12.39516,0.276465
1681,8.4,1812.7119,22.09808,12.396539,0.275317
1682,8.405,1810.30838,22.100486,12.397913,0.274172
1683,8.41,1807.79041,22.102882,12.399281,0.273028
1684,8.415,1805.73025,22.10526,12.400643,0.271887
1685,8.42,1804.1279,22.107675,12.402,0.270723
1686,8.425,1802.4111,22.11011,12.40335,0.269543
1687,8.43,1800.12204,22.112528,12.404695,0.268367
1688,8.435,1797.60406,22.114904,12.406034,0.267207
1689,8.44,1795.315,22.117246,12.407367,0.266059
1690,8.445,1792.79702,22.119609,12.408695,0.264895
1691,8.45,1790.3935,22.121969,12.410016,0.263727
1692,8.455,1788.10444,22.124312,12.411332,0.262563
1693,8.46,1785.70092,22.126659,12.412642,0.261391
1694,8.465,1783.06849,22.12898,12.413946,0.260226
1695,8.47,1780.89388,22.131269,12.415244,0.259074
1696,8.475,1778.83372,22.133562,12.416537,0.257914
1697,8.48,1776.77356,22.135868,12.417823,0.256742
1698,8.485,1774.37004,22.138177,12.419104,0.255562
1699,8.49,1772.65324,22.140469,12.420379,0.254386
1700,8.495,1770.24972,22.142691,12.421648,0.253242
1701,8.5,1768.0751,22.144911,12.422911,0.252093
1702,8.505,1766.1294,22.147135,12.424169,0.250937
1703,8.51,1764.29814,22.149321,12.425421,0.249796
1704,8.515,1762.81025,22.151503,12.426667,0.248652
1705,8.52,1760.40673,22.153689,12.427907,0.2475
1706,8.525,1757.65985,22.155901,12.429142,0.246328
1707,8.53,1755.37078,22.158131,12.43037,0.24514
1708,8.535,1752.85281,22.160322,12.431593,0.243968
1709,8.54,1750.9071,22.162482,12.43281,0.242808
1710,8.545,1748.73249,22.16461,12.434021,0.241659
1711,8.55,1746.10006,22.166721,12.435227,0.240515
1712,8.555,1742.89537,22.168843,12.436426,0.239359
1713,8.56,1740.6063,22.170947,12.43762,0.238206
1714,8.565,1738.20278,22.173035,12.438809,0.237058
1715,8.57,1736.25708,22.175099,12.439991,0.235917
1716,8.575,1734.76918,22.177167,12.441168,0.234769
1717,8.58,1733.7391,22.179244,12.442339,0.233609
1718,8.585,1732.48012,22.181272,12.443504,0.232472
1719,8.59,1730.87777,22.183269,12.444663,0.231347
1720,8.595,1729.16097,22.185263,12.445817,0.230219
1721,8.6,1726.75745,22.187261,12.446966,0.229082
1722,8.605,1724.58284,22.189281,12.448108,0.227926
1723,8.61,1722.75158,22.191312,12.449245,0.226758
1724,8.615,1720.80588,22.193331,12.450376,0.22559
1725,8.62,1718.74572,22.195295,12.451501,0.224449
1726,8.625,1716.68556,22.19721,12.45262,0.223332
1727,8.63,1714.51094,22.19911,12.453734,0.222219
1728,8.635,1712.33633,22.201019,12.454842,0.221095
1729,8.64,1710.27617,22.202918,12.455945,0.21997
1730,8.645,1707.9871,22.204807,12.457042,0.218845
1731,8.65,1706.0414,22.206706,12.458133,0.217709
1732,8.655,1704.09569,22.20857,12.459219,0.216588
1733,8.66,1701.92108,22.210412,12.460299,0.215475
1734,8.665,1700.31873,22.21225,12.461374,0.214358
1735,8.67,1698.25857,22.214097,12.462443,0.213229
1736,8.675,1695.85505,22.215941,12.463506,0.212097
1737,8.68,1693.45153,22.217745,12.464564,0.210984
1738,8.685,1690.93356,22.219521,12.465616,0.209883
1739,8.69,1688.98785,22.221287,12.466663,0.208782
1740,8.695,1687.1566,22.22305,12.467704,0.207677
1741,8.7,1684.75308,22.224798,12.46874,0.206575
1742,8.705,1682.46401,22.226525,12.46977,0.205482
1743,8.71,1680.06049,22.228254,12.470794,0.204381
1744,8.715,1678.22924,22.229962,12.471814,0.203288
1745,8.72,1676.39798,22.231667,12.472827,0.202191
1746,8.725,1674.22337,22.233375,12.473835,0.201086
1747,8.73,1671.9343,22.235055,12.474838,0.199992
1748,8.735,1669.75969,22.236727,12.475835,0.198899
1749,8.74,1667.24172,22.238395,12.476827,0.197802
1750,8.745,1664.72374,22.240054,12.477813,0.196705
1751,8.75,1663.00694,22.241681,12.478794,0.195623
1752,8.755,1660.60342,22.243305,12.47977,0.194538
1753,8.76,1658.77217,22.244947,12.480739,0.193433
1754,8.765,1656.94091,22.246569,12.481704,0.192336
1755,8.77,1655.22411,22.248138,12.482663,0.19127
1756,8.775,1653.16395,22.249676,12.483617,0.19022
1757,8.78,1650.53153,22.251211,12.484565,0.189166
1758,8.785,1648.35692,22.252737,12.485508,0.188112
1759,8.79,1646.64012,22.254272,12.486446,0.187047
1760,8.795,1644.69441,22.255797,12.487379,0.185981
1761,8.8,1643.32097,22.257276,12.488306,0.184943
1762,8.805,1641.26081,22.258726,12.489228,0.183921
1763,8.81,1639.65846,22.260199,12.490145,0.182875
1764,8.815,1638.05611,22.261691,12.491057,0.181809
1765,8.82,1635.8815,22.263173,12.491963,0.180743
1766,8.825,1633.70689,22.264663,12.492864,0.179666
1767,8.83,1631.30337,22.266159,12.49376,0.178577
1768,8.835,1629.47211,22.267635,12.49465,0.177495
1769,8.84,1627.98422,22.269093,12.495535,0.176422
1770,8.845,1626.38187,22.270521,12.496414,0.175364
1771,8.85,1624.77953,22.271916,12.497289,0.174326
1772,8.855,1622.37601,22.273307,12.498158,0.173284
1773,8.86,1619.97249,22.2747,12.499021,0.172234
1774,8.865,1617.34006,22.27608,12.49988,0.171188
1775,8.87,1615.05099,22.277451,12.500733,0.170142
1776,8.875,1613.5631,22.278818,12.501581,0.169092
1777,8.88,1612.18966,22.280158,12.502424,0.168058
1778,8.885,1610.58731,22.281475,12.503262,0.167035
1779,8.89,1608.29825,22.282799,12.504095,0.166001
1780,8.895,1606.58145,22.284123,12.504922,0.164959
1781,8.9,1604.29238,22.28543,12.505744,0.163925
1782,8.905,1602.00331,22.286705,12.506561,0.162911
1783,8.91,1600.05761,22.287959,12.507373,0.161908
1784,8.915,1598.1119,22.289218,12.50818,0.160894
1785,8.92,1596.05174,22.290469,12.508982,0.159879
1786,8.925,1593.87713,22.291708,12.509779,0.158869
1787,8.93,1591.47361,22.292944,12.510571,0.157854
1788,8.935,1589.5279,22.294163,12.511358,0.156848
1789,8.94,1587.58219,22.295374,12.512139,0.155841
1790,8.945,1585.97985,22.29659,12.512916,0.154823
1791,8.95,1584.03414,22.297799,12.513688,0.153804
1792,8.955,1582.31734,22.298986,12.514454,0.152798
1793,8.96,1580.60054,22.300161,12.515216,0.151795
1794,8.965,1578.42593,22.301355,12.515972,0.150769
1795,8.97,1576.48022,22.302553,12.516723,0.149731
1796,8.975,1574.0767,22.303718,12.517469,0.148716
1797,8.98,1571.78763,22.304865,12.51821,0.14771
1798,8.985,1569.49857,22.306018,12.518946,0.146691
1799,8.99,1567.2095,22.307163,12.519677,0.145673
1800,8.995,1564.57707,22.308283,12.520403,0.14467
1801,9,1562.28801,22.309392,12.521124,0.143671
1802,9.005,1560.57121,22.3105,12.52184,0.142665
1803,9.01,1558.39659,22.311606,12.522551,0.141654
1804,9.015,1555.99307,22.312707,12.523256,0.14064
1805,9.02,1553.70401,22.313808,12.523957,0.139617
1806,9.025,1552.33057,22.314902,12.524653,0.138595
1807,9.03,1550.49931,22.315975,12.525343,0.137585
1808,9.035,1549.01142,22.317053,12.526028,0.136562
1809,9.04,1547.63798,22.318138,12.526709,0.135524
1810,9.045,1545.46337,22.319211,12.527384,0.13449
1811,9.05,1543.86102,22.320276,12.528054,0.133456
1812,9.055,1542.60203,22.321325,12.528718,0.13243
1813,9.06,1541.22859,22.322369,12.529378,0.131399
1814,9.065,1539.39734,22.323417,12.530032,0.130357
1815,9.07,1537.22273,22.324434,12.530682,0.129339
1816,9.075,1534.93366,22.325417,12.531326,0.128348
1817,9.08,1532.53014,22.326392,12.531965,0.127357
1818,9.085,1530.12662,22.327382,12.532599,0.126343
1819,9.09,1528.06646,22.328371,12.533228,0.12532
1820,9.095,1525.66294,22.329349,12.533852,0.124302
1821,9.1,1523.94614,22.330318,12.534471,0.123284
1822,9.105,1522.68715,22.331262,12.535085,0.122285
1823,9.11,1520.97035,22.332191,12.535694,0.121294
1824,9.115,1518.79574,22.333116,12.536298,0.120299
1825,9.12,1517.07894,22.334037,12.536897,0.119301
1826,9.125,1515.36214,22.334961,12.537491,0.11829
1827,9.13,1513.30198,22.335883,12.53808,0.117272
1828,9.135,1512.04299,22.336791,12.538664,0.116261
1829,9.14,1510.66955,22.337674,12.539243,0.11527
1830,9.145,1508.03713,22.338547,12.539817,0.114284
1831,9.15,1505.97697,22.339411,12.540386,0.113297
1832,9.155,1504.14571,22.340262,12.54095,0.112318
1833,9.16,1502.77227,22.341103,12.541509,0.111343
1834,9.165,1500.94102,22.341939,12.542063,0.110364
1835,9.17,1499.22422,22.342767,12.542612,0.109385
1836,9.175,1497.39297,22.343592,12.543157,0.108402
1837,9.18,1495.56171,22.344403,12.543697,0.107426
1838,9.185,1493.73046,22.345197,12.544231,0.106463
1839,9.19,1492.35702,22.345987,12.544761,0.105496
1840,9.195,1490.41131,22.346779,12.545286,0.104517
1841,9.2,1488.80897,22.347567,12.545806,0.103534
1842,9.205,1487.43553,22.348341,12.546322,0.102559
1843,9.21,1486.29099,22.349108,12.546832,0.101584
1844,9.215,1484.8031,22.349862,12.547337,0.100617
1845,9.22,1482.05622,22.350597,12.547838,0.099665
1846,9.225,1480.11051,22.351322,12.548334,0.098718
1847,9.23,1478.96598,22.352038,12.548825,0.097774
1848,9.235,1477.36363,22.352741,12.549312,0.096839
1849,9.24,1475.76129,22.353437,12.549794,0.095903
1850,9.245,1474.38785,22.354121,12.550271,0.094975
1851,9.25,1473.12886,22.354799,12.550743,0.094047
1852,9.255,1471.41206,22.35548,12.551211,0.093104
1853,9.26,1470.03862,22.35616,12.551674,0.092152
1854,9.265,1468.32182,22.35683,12.552133,0.091205
1855,9.27,1466.37611,22.357486,12.552587,0.090269
1856,9.275,1464.31595,22.358137,12.553036,0.089329
1857,9.28,1462.4847,22.358782,12.55348,0.08839
1858,9.285,1460.7679,22.35942,12.553919,0.08745
1859,9.29,1458.47883,22.36006,12.554354,0.086495
1860,9.295,1456.30422,22.360687,12.554784,0.085551
1861,9.3,1454.12961,22.361302,12.55521,0.084616
1862,9.305,1452.1839,22.361912,12.555631,0.083676
1863,9.31,1450.35265,22.362511,12.556047,0.082744
1864,9.315,1447.72022,22.363105,12.556458,0.081809
1865,9.32,1445.77451,22.363688,12.556865,0.080881
1866,9.325,1443.94326,22.364255,12.557267,0.079969
1867,9.33,1442.45537,22.364818,12.557664,0.079053
1868,9.335,1440.50966,22.365379,12.558057,0.078129
1869,9.34,1438.22059,22.365936,12.558446,0.077201
1870,9.345,1435.81707,22.366482,12.558829,0.076281
1871,9.35,1433.64246,22.367018,12.559208,0.075365
1872,9.355,1431.12449,22.36756,12.559583,0.074429
1873,9.36,1429.17878,22.368096,12.559953,0.07349
1874,9.365,1427.00417,22.368613,12.560318,0.072574
1875,9.37,1424.7151,22.369122,12.560678,0.071662
1876,9.375,1422.31158,22.369632,12.561034,0.070734
1877,9.38,1419.90806,22.370132,12.561386,0.069814
1878,9.385,1417.39009,22.370625,12.561733,0.068894
1879,9.39,1415.55883,22.371117,12.562075,0.067962
1880,9.395,1414.18539,22.371585,12.562412,0.067066
1881,9.4,1412.58305,22.37204,12.562745,0.066186
1882,9.405,1410.63734,22.372498,12.563074,0.065285
1883,9.41,1408.69163,22.372951,12.563398,0.064381
1884,9.415,1407.08929,22.373393,12.563718,0.063489
1885,9.42,1405.02913,22.373828,12.564033,0.062596
1886,9.425,1403.08342,22.374257,12.564344,0.061704
1887,9.43,1401.13771,22.374677,12.56465,0.06082
1888,9.435,1399.07755,22.375092,12.564952,0.059931
1889,9.44,1396.78849,22.375505,12.56525,0.059035
1890,9.445,1394.49942,22.375909,12.565542,0.058143
1891,9.45,1392.21035,22.37631,12.565831,0.057246
1892,9.455,1390.3791,22.376712,12.566115,0.05633
1893,9.46,1388.43339,22.377109,12.566394,0.05541
1894,9.465,1386.48769,22.377496,12.566669,0.054498
1895,9.47,1384.77089,22.377865,12.566939,0.053618
1896,9.475,1383.05409,22.378226,12.567205,0.052741
1897,9.48,1381.33729,22.378593,12.567467,0.051833
1898,9.485,1379.96385,22.378956,12.567724,0.050921
1899,9.49,1378.24705,22.37931,12.567976,0.050013
1900,9.495,1376.41579,22.379661,12.568224,0.049097
1901,9.5,1374.9279,22.380004,12.568467,0.048185
1902,9.505,1373.09665,22.380335,12.568706,0.047288
1903,9.51,1370.80758,22.380661,12.56894,0.046388
1904,9.515,1368.97633,22.380982,12.569169,0.045484
1905,9.52,1367.37398,22.381292,12.569395,0.044596
1906,9.525,1366.00054,22.381595,12.569615,0.043711
1907,9.53,1364.39819,22.381892,12.569832,0.042823
1908,9.535,1362.79585,22.382184,12.570044,0.041934
1909,9.54,1361.07905,22.382468,12.570251,0.04105
1910,9.545,1359.01889,22.382746,12.570454,0.040165
1911,9.55,1357.41654,22.383018,12.570653,0.039281
1912,9.555,1355.69974,22.383286,12.570847,0.038389
1913,9.56,1353.75403,22.38355,12.571037,0.037492
1914,9.565,1351.80833,22.383801,12.571222,0.036616
1915,9.57,1349.86262,22.384049,12.571403,0.035731
1916,9.575,1348.37473,22.384292,12.571579,0.034843
1917,9.58,1346.54347,22.384525,12.571751,0.033966
1918,9.585,1344.59777,22.384752,12.571919,0.033094
1919,9.59,1342.42315,22.384972,12.572082,0.032225
1920,9.595,1340.5919,22.385184,12.572241,0.031364
1921,9.6,1339.10401,22.385391,12.572396,0.030503
1922,9.605,1336.81494,22.385591,12.572546,0.029646
1923,9.61,1334.64033,22.385782,12.572692,0.028801
1924,9.615,1332.46571,22.385969,12.572834,0.027952
1925,9.62,1330.2911,22.386149,12.572972,0.027111
1926,9.625,1328.11649,22.386323,12.573105,0.026274
1927,9.63,1325.94187,22.386492,12.573235,0.025429
1928,9.635,1323.88171,22.386657,12.57336,0.02458
1929,9.64,1321.93601,22.386818,12.57348,0.023719
1930,9.645,1319.87585,22.386977,12.573597,0.022838
1931,9.65,1319.07467,22.38713,12.573709,0.021954
1932,9.655,1317.24342,22.387275,12.573816,0.021089
1933,9.66,1315.29771,22.38741,12.57392,0.020244
1934,9.665,1313.46646,22.387541,12.574019,0.019391
1935,9.67,1311.4063,22.387667,12.574113,0.018538
1936,9.675,1309.11723,22.387785,12.574204,0.017697
1937,9.68,1307.40043,22.387899,12.57429,0.016848
1938,9.685,1305.56918,22.388006,12.574373,0.016011
1939,9.69,1303.62347,22.388105,12.574451,0.015197
1940,9.695,1301.21995,22.388198,12.574525,0.014387
1941,9.7,1299.50315,22.388287,12.574594,0.013566
1942,9.705,1297.44299,22.388373,12.57466,0.012725
1943,9.71,1295.26838,22.388454,12.574722,0.01188
1944,9.715,1293.09377,22.388529,12.574779,0.011038
1945,9.72,1291.49142,22.388598,12.574832,0.010197
1946,9.725,1290.23243,22.388661,12.574881,0.009364
1947,9.73,1288.40118,22.388719,12.574926,0.008535
1948,9.735,1286.22657,22.388772,12.574966,0.007698
1949,9.74,1284.16641,22.388819,12.575003,0.006868
1950,9.745,1282.44961,22.38886,12.575035,0.006055
1951,9.75,1280.38945,22.388895,12.575063,0.005241
1952,9.755,1277.98593,22.388926,12.575087,0.004427
1953,9.76,1276.04022,22.388951,12.575108,0.003626
1954,9.765,1273.98006,22.388971,12.575124,0.002816
1955,9.77,1272.03435,22.388987,12.575136,0.001987
1956,9.775,1270.43201,22.388997,12.575144,0.001153
1957,9.78,1268.82966,22.389002,12.575147,0.000316
1958,9.785,1266.7695,22.389001,12.575147,-0.000513
1959,9.79,1264.82379,22.388995,12.575142,-0.001339
1960,9.795,1262.53473,22.388984,12.575133,-0.002164
1961,9.8,1260.24566,22.388968,12.57512,-0.002981
1962,9.805,1258.29995,22.388946,12.575104,-0.003803
1963,9.81,1255.89643,22.388919,12.575082,-0.004616
1964,9.815,1253.72182,22.388888,12.575057,-0.005414
1965,9.82,1252.11947,22.388852,12.575028,-0.006216
1966,9.825,1249.6015,22.38881,12.574995,-0.007026
1967,9.83,1247.65579,22.388764,12.574958,-0.007824
1968,9.835,1245.93899,22.388714,12.574917,-0.00861
1969,9.84,1244.56555,22.388659,12.574872,-0.009392
1970,9.845,1242.84875,22.388599,12.574823,-0.010182
1971,9.85,1241.36086,22.388532,12.57477,-0.010987
1972,9.855,1239.18625,22.388462,12.574713,-0.011773
1973,9.86,1237.35499,22.388388,12.574652,-0.012555
1974,9.865,1235.63819,22.388309,12.574588,-0.013345
1975,9.87,1234.03585,22.388226,12.574519,-0.014112
1976,9.875,1232.77686,22.38814,12.574447,-0.014874
1977,9.88,1231.06006,22.388048,12.57437,-0.015652
1978,9.885,1229.22881,22.387951,12.57429,-0.016426
1979,9.89,1227.2831,22.387848,12.574206,-0.017208
1980,9.895,1225.10849,22.387739,12.574118,-0.018002
1981,9.9,1222.47606,22.387625,12.574026,-0.0188
1982,9.905,1219.95809,22.387507,12.57393,-0.01959
1983,9.91,1218.01238,22.387387,12.57383,-0.02036
1984,9.915,1215.83777,22.387261,12.573726,-0.021134
1985,9.92,1213.66315,22.387134,12.573619,-0.021893
1986,9.925,1211.71745,22.387005,12.573507,-0.022636
1987,9.93,1209.77174,22.386869,12.573392,-0.02339
1988,9.935,1207.59713,22.386727,12.573274,-0.024152
1989,9.94,1205.76587,22.386582,12.573151,-0.024911
1990,9.945,1204.27798,22.386435,12.573024,-0.025657
1991,9.95,1202.56118,22.386282,12.572894,-0.026408
1992,9.955,1200.50102,22.386121,12.57276,-0.027174
1993,9.96,1198.55531,22.385956,12.572623,-0.027945
1994,9.965,1196.3807,22.385786,12.572481,-0.028715
1995,9.97,1194.43499,22.385608,12.572335,-0.029497
1996,9.975,1192.14593,22.385426,12.572186,-0.030279
1997,9.98,1189.97131,22.385241,12.572033,-0.031049
1998,9.985,1187.68225,22.385053,12.571875,-0.031819
1999,9.99,1185.27873,22.38486,12.571714,-0.032586
2000,9.995,1182.87521,22.38466,12.57155,-0.033364
2001,10,1180.47169,22.384453,12.571381,-0.03415
2002,10.005,1178.29707,22.384248,12.571208,-0.034908
2003,10.01,1176.46582,22.384042,12.571032,-0.035655
2004,10.015,1174.29121,22.383828,12.570852,-0.036417
2005,10.02,1171.65878,22.383608,12.570668,-0.037184
2006,10.025,1169.25526,22.383383,12.57048,-0.03795
2007,10.03,1166.73729,22.383151,12.570288,-0.038724
2008,10.035,1164.56267,22.382919,12.570092,-0.039487
2009,10.04,1162.38806,22.382685,12.569893,-0.040237
2010,10.045,1159.98454,22.38245,12.56969,-0.040976
2011,10.05,1157.92438,22.382215,12.569483,-0.041703
2012,10.055,1156.09313,22.381972,12.569273,-0.042441
2013,10.06,1154.03297,22.381723,12.569059,-0.043184
2014,10.065,1152.43062,22.381471,12.568841,-0.043923
2015,10.07,1150.48491,22.381213,12.56862,-0.04467
2016,10.075,1148.42475,22.380951,12.568395,-0.045412
2017,10.08,1146.36459,22.380688,12.568166,-0.046147
2018,10.085,1144.8767,22.380415,12.567933,-0.046898
2019,10.09,1142.93099,22.380132,12.567697,-0.047664
2020,10.095,1141.09974,22.379846,12.567456,-0.048426
2021,10.1,1139.26849,22.37956,12.567212,-0.049177
2022,10.105,1137.32278,22.379275,12.566965,-0.049912
2023,10.11,1135.72043,22.378991,12.566713,-0.050631
2024,10.115,1133.77473,22.378703,12.566458,-0.051354
2025,10.12,1131.94347,22.378405,12.5662,-0.052088
2026,10.125,1130.45558,22.3781,12.565937,-0.052831
2027,10.13,1128.96769,22.377794,12.565671,-0.053566
2028,10.135,1127.02198,22.377489,12.565402,-0.054289
2029,10.14,1125.76299,22.377181,12.565129,-0.055008
2030,10.145,1124.16065,22.376869,12.564852,-0.055727
2031,10.15,1122.5583,22.376555,12.564571,-0.056442
2032,10.155,1120.61259,22.376239,12.564287,-0.057149
2033,10.16,1118.66689,22.375919,12.564,-0.05786
2034,10.165,1116.60673,22.375597,12.563709,-0.058564
2035,10.17,1114.88993,22.375272,12.563414,-0.059267
2036,10.175,1113.63094,22.37494,12.563116,-0.059978
2037,10.18,1112.48641,22.374605,12.562814,-0.060685
2038,10.185,1111.45633,22.374266,12.562509,-0.061393
2039,10.19,1109.85398,22.373927,12.562201,-0.062092
2040,10.195,1108.48054,22.373584,12.561888,-0.062791
2041,10.2,1107.45046,22.373238,12.561573,-0.063491
2042,10.205,1106.07702,22.372891,12.561253,-0.064182
2043,10.21,1104.36022,22.372535,12.560931,-0.064886
2044,10.215,1102.87233,22.372174,12.560605,-0.065589
2045,10.22,1100.81217,22.371812,12.560275,-0.066288
2046,10.225,1098.75201,22.371448,12.559942,-0.066984
2047,10.23,1097.37857,22.371088,12.559605,-0.067663
2048,10.235,1095.77622,22.370727,12.559265,-0.068339
2049,10.24,1094.05942,22.370362,12.558922,-0.069015
2050,10.245,1092.45707,22.369999,12.558575,-0.069679
2051,10.25,1090.39691,22.369641,12.558225,-0.070327
2052,10.255,1088.33675,22.369275,12.557872,-0.070983
2053,10.26,1087.30667,22.368896,12.557515,-0.071658
2054,10.265,1085.70433,22.36852,12.557155,-0.072322
2055,10.27,1083.52971,22.36815,12.556792,-0.072967
2056,10.275,1081.81291,22.367771,12.556425,-0.073623
2057,10.28,1080.09611,22.367384,12.556056,-0.074286
2058,10.285,1077.46369,22.366987,12.555683,-0.074962
2059,10.29,1075.63243,22.366585,12.555306,-0.075642
2060,10.295,1073.68673,22.366185,12.554926,-0.07631
2061,10.3,1072.42774,22.36578,12.554543,-0.076981
2062,10.305,1070.59649,22.365364,12.554156,-0.077665
2063,10.31,1068.99414,22.364943,12.553766,-0.078353
2064,10.315,1067.50625,22.364517,12.553373,-0.07904
2065,10.32,1065.9039,22.364095,12.552976,-0.079716
2066,10.325,1064.1871,22.363676,12.552576,-0.08038
2067,10.33,1062.24139,22.363252,12.552172,-0.081048
2068,10.335,1060.41014,22.362819,12.551765,-0.081723
2069,10.34,1058.34998,22.362388,12.551355,-0.082391
2070,10.345,1055.71755,22.361962,12.550941,-0.083043
2071,10.35,1053.31403,22.361526,12.550524,-0.083707
2072,10.355,1051.13942,22.361079,12.550104,-0.084383
2073,10.36,1049.53707,22.360636,12.549681,-0.085047
2074,10.365,1047.59137,22.360192,12.549254,-0.085707
2075,10.37,1045.64566,22.359744,12.548824,-0.086367
2076,10.375,1043.69995,22.359298,12.54839,-0.087019
2077,10.38,1041.52534,22.358844,12.547953,-0.087679
2078,10.385,1040.26635,22.358386,12.547513,-0.088339
2079,10.39,1038.4351,22.357922,12.54707,-0.089003
2080,10.395,1036.48939,22.357442,12.546623,-0.089686
2081,10.4,1035.11595,22.356958,12.546173,-0.09037
2082,10.405,1033.97142,22.356476,12.54572,-0.091046
2083,10.41,1032.94134,22.356003,12.545263,-0.091702
2084,10.415,1031.11009,22.355543,12.544803,-0.092334
2085,10.42,1030.08001,22.355072,12.544339,-0.092978
2086,10.425,1028.59211,22.354589,12.543873,-0.093634
2087,10.43,1027.33313,22.3541,12.543403,-0.094294
2088,10.435,1025.61633,22.353594,12.54293,-0.094974
2089,10.44,1023.67062,22.35309,12.542453,-0.095646
2090,10.445,1021.95382,22.352594,12.541973,-0.096302
2091,10.45,1020.23702,22.352088,12.54149,-0.096966
2092,10.455,1018.63467,22.351577,12.541004,-0.097633
2093,10.46,1017.14678,22.351067,12.540514,-0.098293
2094,10.465,1015.54443,22.350554,12.540021,-0.098953
2095,10.47,1014.28545,22.350046,12.539524,-0.099601
2096,10.475,1012.91201,22.349541,12.539025,-0.100242
2097,10.48,1011.76747,22.349015,12.538522,-0.100906
2098,10.485,1010.62294,22.348482,12.538016,-0.101573
2099,10.49,1009.2495,22.347955,12.537506,-0.102229
2100,10.495,1007.87606,22.347427,12.536993,-0.102882
2101,10.5,1007.18934,22.346897,12.536477,-0.103534
2102,10.505,1006.15926,22.346368,12.535958,-0.104178
2103,10.51,1005.12918,22.345831,12.535436,-0.10483
2104,10.515,1003.75574,22.345287,12.53491,-0.105486
2105,10.52,1002.72566,22.344758,12.534381,-0.106118
2106,10.525,1001.46667,22.344226,12.533849,-0.106751
2107,10.53,999.86433,22.343678,12.533313,-0.107399
2108,10.535,998.71979,22.343146,12.532775,-0.108023
2109,10.54,997.57526,22.342623,12.532233,-0.108632
2110,10.545,996.20182,22.342088,12.531688,-0.109253
2111,10.55,995.17174,22.341543,12.53114,-0.109881
2112,10.555,993.91275,22.341002,12.53059,-0.110502
2113,10.56,992.0815,22.340457,12.530035,-0.111122
2114,10.565,990.3647,22.339897,12.529478,-0.111759
2115,10.57,988.30454,22.339337,12.528918,-0.112391
2116,10.575,987.16,22.338773,12.528354,-0.113023
2117,10.58,985.90102,22.33822,12.527788,-0.11364
2118,10.585,984.18422,22.337673,12.527218,-0.114245
2119,10.59,982.58187,22.337113,12.526645,-0.114862
2120,10.595,981.55179,22.336561,12.526069,-0.115466
2121,10.6,980.52171,22.336019,12.525491,-0.116055
2122,10.605,978.91936,22.335471,12.524909,-0.116648
2123,10.61,977.31702,22.33491,12.524324,-0.117253
2124,10.615,976.05803,22.334353,12.523736,-0.11785
2125,10.62,973.99787,22.3338,12.523146,-0.118439
2126,10.625,972.50998,22.333233,12.522552,-0.11904
2127,10.63,971.13654,22.332664,12.521955,-0.119641
2128,10.635,969.7631,22.332079,12.521355,-0.120258
2129,10.64,968.50411,22.33149,12.520753,-0.120874
2130,10.645,966.78731,22.330922,12.520147,-0.121463
2131,10.65,965.07051,22.330338,12.519538,-0.122068
2132,10.655,963.1248,22.32973,12.518926,-0.122697
2133,10.66,961.52246,22.329115,12.518311,-0.123329
2134,10.665,960.49238,22.328515,12.517693,-0.123942
2135,10.67,959.00448,22.327919,12.517072,-0.124546
2136,10.675,957.51659,22.327309,12.516447,-0.125163
2137,10.68,955.91424,22.326696,12.51582,-0.12578
2138,10.685,954.19744,22.326091,12.51519,-0.126385
2139,10.69,951.67947,22.325505,12.514556,-0.126966
2140,10.695,949.84822,22.324924,12.51392,-0.127539
2141,10.7,948.01696,22.324333,12.513281,-0.12812
2142,10.705,946.18571,22.323736,12.512639,-0.128705
2143,10.71,944.58336,22.323136,12.511994,-0.12929
2144,10.715,942.98102,22.322521,12.511346,-0.129887
2145,10.72,940.92086,22.321897,12.510695,-0.130492
2146,10.725,939.43296,22.321266,12.510041,-0.131101
2147,10.73,938.17398,22.320631,12.509384,-0.13171
2148,10.735,936.45718,22.320002,12.508724,-0.132311
2149,10.74,934.96928,22.319381,12.508061,-0.1329
2150,10.745,933.02358,22.318765,12.507395,-0.133481
2151,10.75,931.19232,22.318135,12.506726,-0.134074
2152,10.755,929.36107,22.317506,12.506054,-0.134663
2153,10.76,927.75872,22.316878,12.505379,-0.135248
2154,10.765,925.58411,22.31624,12.504702,-0.135841
2155,10.77,923.6384,22.31561,12.504021,-0.136422
2156,10.775,922.26496,22.314994,12.503337,-0.136988
2157,10.78,920.2048,22.314383,12.502651,-0.137545
2158,10.785,918.2591,22.313758,12.501962,-0.138115
2159,10.79,916.7712,22.313102,12.50127,-0.138712
2160,10.795,915.0544,22.312447,12.500575,-0.139305
2161,10.8,913.79542,22.311797,12.499877,-0.13989
2162,10.805,911.84971,22.311137,12.499176,-0.140483
2163,10.81,910.47627,22.31049,12.498472,-0.14106
2164,10.815,908.41611,22.309853,12.497765,-0.141625
2165,10.82,906.81376,22.309221,12.497056,-0.142183
2166,10.825,905.21142,22.308579,12.496343,-0.142748
2167,10.83,902.92235,22.307918,12.495628,-0.14333
2168,10.835,901.43446,22.30727,12.49491,-0.143895
2169,10.84,899.71766,22.306624,12.494189,-0.144456
2170,10.845,898.22976,22.305959,12.493466,-0.145034
2171,10.85,897.19968,22.305287,12.492739,-0.145615
2172,10.855,896.1696,22.304621,12.492009,-0.146188
2173,10.86,894.91062,22.303961,12.491277,-0.146754
2174,10.865,893.07936,22.303298,12.490542,-0.147319
2175,10.87,891.82038,22.302654,12.489804,-0.147865
2176,10.875,890.56139,22.302016,12.489063,-0.148403
2177,10.88,888.95904,22.301359,12.48832,-0.148956
2178,10.885,887.81451,22.300686,12.487574,-0.149522
2179,10.89,886.09771,22.300006,12.486825,-0.150091
2180,10.895,885.06763,22.299332,12.486073,-0.150653
2181,10.9,883.9231,22.298652,12.485318,-0.151218
2182,10.905,881.63403,22.297978,12.484561,-0.151776
2183,10.91,879.68832,22.297305,12.4838,-0.152329
2184,10.915,877.74262,22.296617,12.483037,-0.152895
2185,10.92,876.59808,22.295949,12.482271,-0.15344
2186,10.925,874.76683,22.295283,12.481503,-0.153982
2187,10.93,872.70667,22.294605,12.480732,-0.154532
2188,10.935,870.64651,22.29393,12.479958,-0.155078
2189,10.94,869.04416,22.293265,12.479181,-0.155611
2190,10.945,867.89963,22.292612,12.478402,-0.156134
2191,10.95,866.52619,22.291948,12.47762,-0.156664
2192,10.955,864.92384,22.291272,12.476835,-0.157201
2193,10.96,863.20704,22.29058,12.476047,-0.157751
2194,10.965,861.26134,22.289886,12.475257,-0.158301
2195,10.97,859.54454,22.289208,12.474465,-0.158835
2196,10.975,857.94219,22.288536,12.473669,-0.159361
2197,10.98,856.22539,22.28784,12.472871,-0.159906
2198,10.985,854.27968,22.287122,12.47207,-0.160468
2199,10.99,852.56288,22.286407,12.471266,-0.161025
2200,10.995,851.18944,22.285712,12.47046,-0.161563
2201,11,849.5871,22.285034,12.469651,-0.162085
2202,11.005,847.75584,22.284349,12.468839,-0.162611
2203,11.01,845.81014,22.283662,12.468024,-0.163138
2204,11.015,844.20779,22.282977,12.467207,-0.16366
2205,11.02,842.49099,22.2823,12.466388,-0.164174
2206,11.025,841.232,22.281616,12.465566,-0.164692
2207,11.03,840.08747,22.280934,12.464741,-0.165206
2208,11.035,838.37067,22.280255,12.463914,-0.165717
2209,11.04,836.19606,22.279579,12.463084,-0.166223
2210,11.045,834.1359,22.27891,12.462251,-0.166721
2211,11.05,832.53355,22.278215,12.461417,-0.16724
2212,11.055,830.7023,22.277518,12.460579,-0.167758
2213,11.06,828.75659,22.276833,12.459739,-0.168264
2214,11.065,827.15424,22.276152,12.458896,-0.168766
2215,11.07,825.7808,22.275458,12.458051,-0.169277
2216,11.075,824.29291,22.274747,12.457204,-0.169799
2217,11.08,822.3472,22.274064,12.456353,-0.170297
2218,11.085,820.85931,22.273394,12.455501,-0.170784
2219,11.09,819.82923,22.272712,12.454646,-0.171278
2220,11.095,818.22688,22.272013,12.453788,-0.171785
2221,11.1,816.73899,22.271297,12.452928,-0.172303
2222,11.105,815.13664,22.270579,12.452065,-0.172821
2223,11.11,813.30539,22.269864,12.451199,-0.173335
2224,11.115,811.70304,22.269166,12.450332,-0.173834
2225,11.12,810.3296,22.268477,12.449461,-0.174324
2226,11.125,808.95616,22.267771,12.448588,-0.174827
2227,11.13,807.69718,22.267062,12.447713,-0.175329
2228,11.135,806.09483,22.266347,12.446835,-0.175836
2229,11.14,804.37803,22.265614,12.445954,-0.176354
2230,11.145,802.54678,22.264874,12.445071,-0.176876
2231,11.15,800.71552,22.264142,12.444186,-0.17739
2232,11.155,798.76982,22.263444,12.443298,-0.177877
2233,11.16,797.51083,22.262749,12.442407,-0.178359
2234,11.165,795.79403,22.262032,12.441514,-0.178858
2235,11.17,793.61942,22.261302,12.440618,-0.179364
2236,11.175,792.13152,22.260575,12.43972,-0.179867
2237,11.18,790.64363,22.259872,12.43882,-0.180349
2238,11.185,789.15574,22.259178,12.437917,-0.180824
2239,11.19,788.12566,22.258477,12.437012,-0.181303
2240,11.195,787.43894,22.257763,12.436104,-0.18179
2241,11.2,786.75222,22.257048,12.435194,-0.182276
2242,11.205,785.37878,22.256341,12.434281,-0.182755
2243,11.21,783.77643,22.255643,12.433366,-0.183226
2244,11.215,781.83072,22.254959,12.432449,-0.183685
2245,11.22,780.57174,22.254258,12.431529,-0.184156
2246,11.225,779.31275,22.253528,12.430607,-0.184647
2247,11.23,778.16822,22.25279,12.429683,-0.185141
2248,11.235,776.56587,22.252067,12.428756,-0.185624
2249,11.24,774.73462,22.251353,12.427827,-0.186099
2250,11.245,773.01782,22.250626,12.426895,-0.186581
2251,11.25,771.64438,22.249902,12.425961,-0.18706
2252,11.255,770.38539,22.249182,12.425024,-0.187535
2253,11.26,768.78304,22.248482,12.424085,-0.187994
2254,11.265,767.52406,22.247775,12.423144,-0.188457
2255,11.27,765.92171,22.247044,12.422201,-0.188936
2256,11.275,764.43382,22.246312,12.421255,-0.189415
2257,11.28,762.71702,22.245572,12.420307,-0.189897
2258,11.285,761.45803,22.244863,12.419356,-0.190356
2259,11.29,760.19904,22.244186,12.418403,-0.190792
2260,11.295,758.8256,22.243485,12.417448,-0.191243
2261,11.3,757.45216,22.24276,12.416491,-0.19171
2262,11.305,755.62091,22.242033,12.415531,-0.192177
2263,11.31,754.47638,22.24131,12.414569,-0.19264
2264,11.315,752.87403,22.240597,12.413605,-0.193095
2265,11.32,751.7295,22.23987,12.412638,-0.193558
2266,11.325,749.89824,22.239148,12.411669,-0.194017
2267,11.33,748.41035,22.238441,12.410698,-0.194464
2268,11.335,747.26582,22.237709,12.409724,-0.194927
2269,11.34,745.66347,22.236953,12.408748,-0.195406
2270,11.345,744.17558,22.236207,12.40777,-0.195877
2271,11.35,742.80214,22.235459,12.40679,-0.196348
2272,11.355,740.85643,22.234703,12.405807,-0.196823
2273,11.36,739.36854,22.233974,12.404822,-0.197278
2274,11.365,737.76619,22.233255,12.403834,-0.197725
2275,11.37,736.5072,22.232511,12.402844,-0.198188
2276,11.375,735.24822,22.231783,12.401852,-0.19864
2277,11.38,733.53142,22.231059,12.400858,-0.199087
2278,11.385,731.81462,22.230322,12.399861,-0.199542
2279,11.39,729.4111,22.229589,12.398862,-0.199993
2280,11.395,727.35094,22.22886,12.397861,-0.20044
2281,11.4,725.29078,22.228146,12.396858,-0.200876
2282,11.405,724.03179,22.227432,12.395853,-0.201311
2283,11.41,723.00171,22.226698,12.394845,-0.201759
2284,11.415,721.74272,22.225956,12.393835,-0.20221
2285,11.42,720.59819,22.225243,12.392823,-0.202641
2286,11.425,718.76694,22.224545,12.391809,-0.203061
2287,11.43,717.50795,22.223817,12.390792,-0.2035
2288,11.435,716.36342,22.223075,12.389774,-0.203948
2289,11.44,714.76107,22.222314,12.388753,-0.204407
2290,11.445,713.61654,22.221527,12.387729,-0.204882
2291,11.45,712.01419,22.220739,12.386704,-0.205356
2292,11.455,710.64075,22.219972,12.385676,-0.205815
2293,11.46,709.15286,22.21924,12.384646,-0.206251
2294,11.465,707.77942,22.218518,12.383613,-0.206678
2295,11.47,706.97824,22.217776,12.382579,-0.207118
2296,11.475,705.3759,22.217021,12.381542,-0.207565
2297,11.48,703.77355,22.216271,12.380503,-0.208008
2298,11.485,701.82784,22.215507,12.379462,-0.20846
2299,11.49,700.33995,22.214753,12.378419,-0.208903
2300,11.495,699.19542,22.214009,12.377373,-0.209338
2301,11.5,697.93643,22.213271,12.376325,-0.20977
2302,11.505,696.7919,22.21253,12.375275,-0.210201
2303,11.51,695.41846,22.211794,12.374223,-0.210629
2304,11.515,694.38838,22.211057,12.373169,-0.211057
2305,11.52,692.90048,22.210324,12.372113,-0.21148
2306,11.525,691.52704,22.209615,12.371054,-0.211888
2307,11.53,689.81024,22.208904,12.369994,-0.212296
2308,11.535,688.4368,22.208185,12.368931,-0.212708
2309,11.54,687.52118,22.207447,12.367867,-0.213131
2310,11.545,686.83446,22.206719,12.3668,-0.213547
2311,11.55,685.46102,22.206009,12.365731,-0.213951
2312,11.555,684.43094,22.205291,12.364661,-0.214359
2313,11.56,683.0575,22.204559,12.363588,-0.214775
2314,11.565,682.14187,22.203832,12.362513,-0.215187
2315,11.57,680.88288,22.20311,12.361436,-0.215594
2316,11.575,679.05163,22.202387,12.360357,-0.216002
2317,11.58,677.67819,22.201662,12.359276,-0.21641
2318,11.585,676.53366,22.200936,12.358193,-0.216818
2319,11.59,674.81686,22.200234,12.357108,-0.21721
2320,11.595,673.10006,22.199536,12.356021,-0.217598
2321,11.6,671.95552,22.198806,12.354932,-0.218006
2322,11.605,670.81099,22.198081,12.353841,-0.21841
2323,11.61,669.20864,22.197361,12.352748,-0.21881
2324,11.615,667.94966,22.196626,12.351653,-0.219218
2325,11.62,666.46176,22.195904,12.350555,-0.219618
2326,11.625,664.28715,22.195173,12.349456,-0.220022
2327,11.63,662.6848,22.194447,12.348355,-0.220422
2328,11.635,660.85355,22.193746,12.347252,-0.220806
2329,11.64,658.90784,22.193076,12.346147,-0.221171
2330,11.645,657.76331,22.192404,12.345041,-0.221535
2331,11.65,656.50432,22.191705,12.343932,-0.221916
2332,11.655,655.5887,22.190974,12.342821,-0.222316
2333,11.66,654.21526,22.190228,12.341709,-0.222723
2334,11.665,653.41408,22.189487,12.340594,-0.223127
2335,11.67,652.26955,22.188725,12.339477,-0.223543
2336,11.675,651.69728,22.187982,12.338359,-0.223947
2337,11.68,650.55275,22.18725,12.337238,-0.224343
2338,11.685,648.83595,22.18651,12.336115,-0.224743
2339,11.69,647.69142,22.185801,12.334991,-0.225123
2340,11.695,646.08907,22.185085,12.333864,-0.225508
2341,11.7,644.37227,22.184355,12.332735,-0.2259
2342,11.705,642.42656,22.183636,12.331605,-0.226284
2343,11.71,641.16758,22.182922,12.330473,-0.226664
2344,11.715,639.90859,22.182221,12.329338,-0.227037
2345,11.72,638.4207,22.181499,12.328202,-0.227421
2346,11.725,636.81835,22.180768,12.327064,-0.227809
2347,11.73,635.44491,22.18005,12.325924,-0.22819
2348,11.735,634.07147,22.179344,12.324782,-0.228562
2349,11.74,632.46912,22.17865,12.323639,-0.228926
2350,11.745,630.98123,22.177922,12.322493,-0.229311
2351,11.75,629.72224,22.177165,12.321345,-0.229711
2352,11.755,628.3488,22.176415,12.320196,-0.230107
2353,11.76,626.51755,22.175676,12.319044,-0.230495
2354,11.765,625.14411,22.174956,12.317891,-0.230871
2355,11.77,623.08395,22.174235,12.316736,-0.231248
2356,11.775,621.82496,22.173506,12.315578,-0.231628
2357,11.78,620.33707,22.172789,12.314419,-0.232
2358,11.785,619.30699,22.172064,12.313258,-0.232377
2359,11.79,617.93355,22.171332,12.312096,-0.232757
2360,11.795,616.56011,22.170598,12.310931,-0.233137
2361,11.8,615.18667,22.169863,12.309764,-0.233518
2362,11.805,613.58432,22.16912,12.308596,-0.233902
2363,11.81,612.21088,22.168376,12.307425,-0.234286
2364,11.815,610.72299,22.16763,12.306253,-0.23467
2365,11.82,609.57846,22.16689,12.305079,-0.235051
2366,11.825,608.54838,22.16619,12.303902,-0.235407
2367,11.83,607.7472,22.165503,12.302724,-0.235756
2368,11.835,606.48822,22.164793,12.301545,-0.236117
2369,11.84,605.45814,22.164076,12.300363,-0.236481
2370,11.845,604.65696,22.163365,12.29918,-0.236842
2371,11.85,602.94016,22.162632,12.297995,-0.237214
2372,11.855,601.10891,22.161864,12.296808,-0.237606
2373,11.86,599.84992,22.161115,12.295619,-0.237987
2374,11.865,598.59094,22.160406,12.294428,-0.238343
2375,11.87,597.4464,22.159703,12.293235,-0.238696
2376,11.875,595.84406,22.159026,12.292041,-0.239033
2377,11.88,594.35616,22.158376,12.290845,-0.239354
2378,11.885,593.44054,22.157712,12.289648,-0.239683
2379,11.89,592.52491,22.157053,12.288448,-0.240009
2380,11.895,592.18155,22.156359,12.287247,-0.240354
2381,11.9,591.38038,22.155629,12.286045,-0.240718
2382,11.905,590.12139,22.154905,12.28484,-0.241079
2383,11.91,588.29014,22.154187,12.283634,-0.241435
2384,11.915,586.80224,22.15344,12.282426,-0.241808
2385,11.92,585.88662,22.152671,12.281216,-0.242192
2386,11.925,584.39872,22.151921,12.280004,-0.242564
2387,11.93,582.91083,22.151192,12.27879,-0.242925
2388,11.935,581.19403,22.150496,12.277575,-0.243266
2389,11.94,580.16395,22.149786,12.276358,-0.243615
2390,11.945,579.36278,22.149046,12.275139,-0.243979
2391,11.95,578.10379,22.148312,12.273918,-0.24434
2392,11.955,577.30262,22.147598,12.272695,-0.244689
2393,11.96,576.38699,22.146884,12.271471,-0.245037
2394,11.965,575.58582,22.146168,12.270245,-0.245386
2395,11.97,574.8991,22.14548,12.269017,-0.245719
2396,11.975,572.83894,22.14479,12.267788,-0.246052
2397,11.98,571.4655,22.144079,12.266556,-0.246397
2398,11.985,569.7487,22.143359,12.265324,-0.246746
2399,11.99,569.06198,22.142638,12.264089,-0.247095
2400,11.995,568.14635,22.141938,12.262853,-0.247432
2401,12,566.3151,22.14123,12.261615,-0.247773
2402,12.005,565.05611,22.14052,12.260375,-0.248114
2403,12.01,563.79712,22.139846,12.259134,-0.248435
2404,12.015,562.19478,22.139178,12.257891,-0.248752
2405,12.02,561.3936,22.138523,12.256646,-0.249061
2406,12.025,560.47798,22.137868,12.2554,-0.249371
2407,12.03,559.56235,22.137204,12.254152,-0.249684
2408,12.035,558.87563,22.136525,12.252903,-0.250005
2409,12.04,557.84555,22.135831,12.251652,-0.250335
2410,12.045,556.92992,22.135136,12.2504,-0.250664
2411,12.05,556.0143,22.134455,12.249146,-0.250985
2412,12.055,554.2975,22.133809,12.24789,-0.251286
2413,12.06,552.69515,22.133155,12.246633,-0.251592
2414,12.065,551.43616,22.132479,12.245374,-0.251909
2415,12.07,549.83382,22.131794,12.244114,-0.25223
2416,12.075,548.91819,22.131086,12.242852,-0.252563
2417,12.08,548.23147,22.130356,12.241588,-0.252908
2418,12.085,547.54475,22.129639,12.240323,-0.253245
2419,12.09,546.40022,22.128936,12.239056,-0.253574
2420,12.095,545.14123,22.128232,12.237787,-0.253903
2421,12.1,543.65334,22.127579,12.236517,-0.254205
2422,12.105,542.05099,22.126954,12.235245,-0.254491
2423,12.11,540.21974,22.126306,12.233972,-0.254788
2424,12.115,538.8463,22.125628,12.232697,-0.255102
2425,12.12,537.93067,22.124928,12.231421,-0.255427
2426,12.125,536.44278,22.124263,12.230143,-0.255732
2427,12.13,535.6416,22.123612,12.228863,-0.25603
2428,12.135,534.49707,22.122924,12.227582,-0.256347
2429,12.14,533.23808,22.122227,12.2263,-0.256668
2430,12.145,532.09355,22.121529,12.225016,-0.25699
2431,12.15,530.37675,22.120823,12.22373,-0.257315
2432,12.155,529.23222,22.120146,12.222443,-0.257624
2433,12.16,528.08768,22.119498,12.221154,-0.257918
2434,12.165,526.8287,22.118849,12.219863,-0.258211
2435,12.17,524.88299,22.118147,12.218572,-0.258533
2436,12.175,523.3951,22.117422,12.217278,-0.258866
2437,12.18,521.79275,22.116756,12.215983,-0.259167
2438,12.185,520.41931,22.116119,12.214686,-0.259453
2439,12.19,518.70251,22.115444,12.213388,-0.259758
2440,12.195,517.21462,22.114745,12.212089,-0.260076
2441,12.2,516.07008,22.114053,12.210788,-0.260389
2442,12.205,515.04,22.113345,12.209485,-0.26071
2443,12.21,514.12438,22.112629,12.208181,-0.261035
2444,12.215,512.75094,22.11192,12.206875,-0.261357
2445,12.22,511.14859,22.111209,12.205567,-0.261678
2446,12.225,510.23296,22.110558,12.204258,-0.261968
2447,12.23,508.74507,22.109945,12.202947,-0.262238
2448,12.235,507.37163,22.109323,12.201636,-0.262512
2449,12.24,505.88374,22.10867,12.200322,-0.262801
2450,12.245,504.5103,22.107979,12.199007,-0.263111
2451,12.25,503.36576,22.107324,12.197691,-0.2634
2452,12.255,501.76342,22.106662,12.196373,-0.263694
2453,12.26,500.50443,22.105968,12.195054,-0.264003
2454,12.265,499.01654,22.105311,12.193733,-0.264293
2455,12.27,497.75755,22.104647,12.192411,-0.264587
2456,12.275,496.84192,22.103935,12.191088,-0.264904
2457,12.28,496.26966,22.103223,12.189762,-0.265221
2458,12.285,495.69739,22.102509,12.188435,-0.265539
2459,12.29,493.98059,22.101795,12.187107,-0.265856
2460,12.295,492.4927,22.101088,12.185777,-0.266169
2461,12.3,490.89035,22.100372,12.184445,-0.266487
2462,12.305,490.08918,22.09971,12.183112,-0.266776
2463,12.31,489.288,22.099085,12.181777,-0.267046
2464,12.315,488.48683,22.098428,12.180441,-0.267332
2465,12.32,487.3423,22.097771,12.179104,-0.267618
2466,12.325,485.96886,22.097098,12.177765,-0.267911
2467,12.33,484.70987,22.096409,12.176425,-0.268213
2468,12.335,483.67979,22.095718,12.175083,-0.268515
2469,12.34,482.99307,22.095035,12.17374,-0.268812
2470,12.345,481.39072,22.094382,12.172395,-0.269094
2471,12.35,479.67392,22.09376,12.171049,-0.26936
2472,12.355,479.21611,22.093137,12.169701,-0.269626
2473,12.36,478.18603,22.092498,12.168353,-0.2699
2474,12.365,477.49931,22.091865,12.167002,-0.27017
2475,12.37,476.58368,22.091217,12.165651,-0.270448
2476,12.375,475.78251,22.090584,12.164298,-0.270718
2477,12.38,475.3247,22.089973,12.162944,-0.270976
2478,12.385,474.40907,22.08937,12.161588,-0.27123
2479,12.39,473.03563,22.088782,12.160231,-0.271477
2480,12.395,471.77664,22.088201,12.158873,-0.271719
2481,12.4,470.28875,22.087612,12.157514,-0.271966
2482,12.405,469.14422,22.086983,12.156154,-0.272232
2483,12.41,468.22859,22.086321,12.154792,-0.272514
2484,12.415,467.54187,22.085675,12.153429,-0.272788
2485,12.42,466.9696,22.085052,12.152064,-0.27305
2486,12.425,465.2528,22.084421,12.150698,-0.273316
2487,12.43,463.87936,22.083788,12.149331,-0.273582
2488,12.435,463.42155,22.083171,12.147962,-0.27384
2489,12.44,462.62038,22.082601,12.146593,-0.274075
2490,12.445,461.13248,22.082023,12.145222,-0.274313
2491,12.45,459.75904,22.081372,12.143849,-0.274587
2492,12.455,458.84342,22.080698,12.142476,-0.274873
2493,12.46,457.69888,22.08003,12.141101,-0.275155
2494,12.465,455.98208,22.079386,12.139724,-0.275425
2495,12.47,454.26528,22.078788,12.138346,-0.275671
2496,12.475,452.77739,22.078191,12.136967,-0.275917
2497,12.48,452.43403,22.077584,12.135587,-0.276168
2498,12.485,451.40395,22.076985,12.134206,-0.276414
2499,12.49,450.48832,22.076378,12.132823,-0.276664
2500,12.495,449.5727,22.07577,12.131439,-0.276915
2501,12.5,448.19926,22.075162,12.130054,-0.277165
2502,12.505,447.74144,22.074561,12.128668,-0.277411
2503,12.51,446.25355,22.073967,12.12728,-0.277654
2504,12.515,444.76566,22.073405,12.125891,-0.277881
2505,12.52,443.85003,22.072851,12.124501,-0.278103
2506,12.525,442.59104,22.072272,12.12311,-0.278338
2507,12.53,441.33206,22.071644,12.121718,-0.278596
2508,12.535,440.64534,22.070984,12.120324,-0.27887
2509,12.54,439.38635,22.070387,12.118929,-0.279112
2510,12.545,438.35627,22.069838,12.117533,-0.279331
2511,12.55,437.21174,22.069281,12.116136,-0.279554
2512,12.555,435.26603,22.068691,12.114737,-0.279793
2513,12.56,434.23595,22.068084,12.113338,-0.280039
2514,12.565,433.43478,22.067469,12.111937,-0.280289
2515,12.57,431.94688,22.066853,12.110535,-0.28054
2516,12.575,430.6879,22.066269,12.109132,-0.280774
2517,12.58,429.77227,22.065669,12.107727,-0.281017
2518,12.585,428.9711,22.065019,12.106321,-0.281283
2519,12.59,427.82656,22.064343,12.104914,-0.281561
2520,12.595,426.68203,22.063725,12.103506,-0.281811
2521,12.6,425.5375,22.063179,12.102096,-0.282026
2522,12.605,424.85078,22.062608,12.100686,-0.282252
2523,12.61,424.16406,22.062021,12.099274,-0.282487
2524,12.615,423.24843,22.061424,12.097861,-0.282726
2525,12.62,422.56171,22.060787,12.096446,-0.282984
2526,12.625,421.30272,22.060132,12.095031,-0.28325
2527,12.63,421.41718,22.059485,12.093614,-0.283512
2528,12.635,420.50155,22.058862,12.092196,-0.283762
2529,12.64,419.92928,22.058263,12.090776,-0.284001
2530,12.645,419.35702,22.05768,12.089356,-0.284231
2531,12.65,418.78475,22.057105,12.087934,-0.284458
2532,12.655,417.86912,22.056513,12.086511,-0.284693
2533,12.66,416.9535,22.055912,12.085087,-0.284931
2534,12.665,415.35115,22.055311,12.083662,-0.28517
2535,12.67,414.66443,22.054684,12.082235,-0.28542
2536,12.675,413.5199,22.054074,12.080808,-0.285662
2537,12.68,412.032,22.053496,12.079379,-0.285889
2538,12.685,411.00192,22.052892,12.077949,-0.286128
2539,12.69,410.42966,22.05228,12.076517,-0.28637
2540,12.695,410.42966,22.0517,12.075085,-0.286597
2541,12.7,409.97184,22.051137,12.073651,-0.286816
2542,12.705,408.94176,22.05054,12.072217,-0.28705
2543,12.71,407.56832,22.049909,12.070781,-0.2873
2544,12.715,406.19488,22.049328,12.069344,-0.287527
2545,12.72,405.1648,22.048796,12.067906,-0.28773
2546,12.725,404.02027,22.048247,12.066467,-0.287941
2547,12.73,403.10464,22.047664,12.065026,-0.288168
2548,12.735,402.18902,22.047089,12.063585,-0.288391
2549,12.74,401.7312,22.046547,12.062142,-0.288598
2550,12.745,401.15894,22.045963,12.060699,-0.288824
2551,12.75,400.47222,22.04537,12.059254,-0.289055
2552,12.755,400.12886,22.044785,12.057808,-0.289282
2553,12.76,399.55659,22.0442,12.056361,-0.289508
2554,12.765,398.52651,22.043656,12.054913,-0.289715
2555,12.77,397.49643,22.043112,12.053464,-0.289922
2556,12.775,396.46635,22.042542,12.052014,-0.290141
2557,12.78,396.00854,22.041946,12.050563,-0.290372
2558,12.785,394.6351,22.041308,12.04911,-0.290622
2559,12.79,393.60502,22.040669,12.047657,-0.290872
2560,12.795,392.57494,22.040056,12.046202,-0.291111
2561,12.8,391.77376,22.039441,12.044745,-0.291349
2562,12.805,390.97259,22.038885,12.043288,-0.29156
2563,12.81,390.28587,22.03838,12.04183,-0.291747
2564,12.815,389.37024,22.037831,12.040371,-0.291954
2565,12.82,388.34016,22.037283,12.03891,-0.292161
2566,12.825,386.96672,22.036767,12.037449,-0.292353
2567,12.83,386.16555,22.036193,12.035987,-0.292572
2568,12.835,385.02102,22.035567,12.034523,-0.292814
2569,12.84,383.64758,22.034957,12.033059,-0.293049
2570,12.845,382.6175,22.034381,12.031593,-0.293267
2571,12.85,382.27414,22.033839,12.030126,-0.29347
2572,12.855,382.27414,22.033296,12.028658,-0.293673
2573,12.86,381.24406,22.032718,12.027189,-0.293892
2574,12.865,380.21398,22.03214,12.025719,-0.294111
2575,12.87,379.06944,22.031571,12.024248,-0.294326
2576,12.875,377.696,22.031009,12.022776,-0.294537
2577,12.88,376.43702,22.030405,12.021303,-0.294768
2578,12.885,375.52139,22.0298,12.019828,-0.294998
2579,12.89,374.83467,22.029254,12.018353,-0.295201
2580,12.895,374.2624,22.028699,12.016876,-0.295408
2581,12.9,373.80459,22.028152,12.015399,-0.295611
2582,12.905,373.46123,22.027623,12.01392,-0.295806
2583,12.91,372.88896,22.027075,12.012441,-0.296009
2584,12.915,372.08779,22.026545,12.01096,-0.296205
2585,12.92,371.05771,22.026014,12.009479,-0.2964
2586,12.925,369.68427,22.025474,12.007996,-0.296599
2587,12.93,368.65419,22.024985,12.006513,-0.296774
2588,12.935,367.73856,22.024488,12.005028,-0.296954
2589,12.94,366.36512,22.023938,12.003543,-0.297157
2590,12.945,364.76278,22.023363,12.002057,-0.297372
2591,12.95,364.07606,22.02277,12.000569,-0.297595
2592,12.955,363.04598,22.022176,11.999081,-0.297817
2593,12.96,361.78699,22.021625,11.997591,-0.29802
2594,12.965,360.528,22.021108,11.996101,-0.298208
2595,12.97,359.72683,22.020591,11.994609,-0.298395
2596,12.975,359.49792,22.020108,11.993117,-0.298566
2597,12.98,358.8112,22.019616,11.991623,-0.298742
2598,12.985,358.01003,22.019098,11.990129,-0.298929
2599,12.99,357.43776,22.018553,11.988634,-0.299128
2600,12.995,356.63659,22.017974,11.987138,-0.299343
2601,13,355.72096,22.017411,11.985641,-0.29955
2602,13.005,355.26315,22.016831,11.984142,-0.299765
2603,13.01,353.77526,22.01625,11.982643,-0.29998
2604,13.015,352.97408,22.01573,11.981143,-0.300167
2605,13.02,352.40182,22.015279,11.979641,-0.300323
2606,13.025,352.17291,22.014836,11.978139,-0.300475
2607,13.03,351.37174,22.014324,11.976637,-0.300658
2608,13.035,350.34166,22.013785,11.975133,-0.300853
2609,13.04,348.73931,22.013254,11.973628,-0.301045
2610,13.045,347.93814,22.012767,11.972122,-0.301216
2611,13.05,346.90806,22.012314,11.970616,-0.301372
2612,13.055,345.64907,22.011835,11.969109,-0.30154
2613,13.06,345.19126,22.011312,11.967601,-0.301727
2614,13.065,345.0768,22.01078,11.966091,-0.301918
2615,13.07,344.39008,22.010265,11.964581,-0.302101
2616,13.075,344.04672,22.009785,11.96307,-0.302269
2617,13.08,343.47446,22.009321,11.961559,-0.302429
2618,13.085,342.32992,22.008823,11.960046,-0.302604
2619,13.09,340.61312,22.008316,11.958533,-0.302784
2620,13.095,339.46859,22.007773,11.957018,-0.302979
2621,13.1,338.78187,22.007212,11.955503,-0.303182
2622,13.105,338.32406,22.006652,11.953986,-0.303385
2623,13.11,337.52288,22.006117,11.952469,-0.303576
2624,13.115,336.72171,22.005643,11.950951,-0.30374
2625,13.12,336.03499,22.005169,11.949432,-0.303904
2626,13.125,334.776,22.004677,11.947912,-0.304075
2627,13.13,333.74592,22.004176,11.946391,-0.304251
2628,13.135,332.37248,22.003648,11.944869,-0.304438
2629,13.14,331.68576,22.003102,11.943346,-0.304633
2630,13.145,330.99904,22.002556,11.941823,-0.304828
2631,13.15,330.31232,22.00201,11.940298,-0.305023
2632,13.155,329.51115,22.001454,11.938773,-0.305223
2633,13.16,328.36662,22.00089,11.937246,-0.305426
2634,13.165,327.9088,22.000351,11.935718,-0.305617
2635,13.17,327.33654,21.999847,11.93419,-0.305792
2636,13.175,326.53536,21.999361,11.93266,-0.30596
2637,13.18,326.192,21.998892,11.93113,-0.30612
2638,13.185,325.73419,21.998423,11.929599,-0.306279
2639,13.19,324.58966,21.997954,11.928067,-0.306439
2640,13.195,323.44512,21.997529,11.926535,-0.306579
2641,13.2,322.30059,21.997086,11.925002,-0.306727
2642,13.205,321.27051,21.996616,11.923468,-0.306887
2643,13.21,320.12598,21.996155,11.921933,-0.307043
2644,13.215,319.21035,21.995675,11.920397,-0.307206
2645,13.22,318.52363,21.995214,11.918861,-0.307362
2646,13.225,318.06582,21.994725,11.917324,-0.30753
2647,13.23,318.06582,21.994209,11.915785,-0.307709
2648,13.235,317.15019,21.993702,11.914246,-0.307885
2649,13.24,316.69238,21.993195,11.912707,-0.30806
2650,13.245,315.43339,21.992723,11.911166,-0.30822
2651,13.25,314.28886,21.992233,11.909624,-0.308387
2652,13.255,313.48768,21.991707,11.908082,-0.308571
2653,13.26,312.68651,21.991234,11.906539,-0.30873
2654,13.265,311.88534,21.990788,11.904995,-0.308878
2655,13.27,311.42752,21.990315,11.90345,-0.309038
2656,13.275,311.54198,21.989797,11.901904,-0.309217
2657,13.28,310.96971,21.989269,11.900358,-0.309401
2658,13.285,309.93963,21.988777,11.89881,-0.309568
2659,13.29,309.36736,21.988303,11.897262,-0.309728
2660,13.295,308.10838,21.987811,11.895713,-0.309896
2661,13.3,307.99392,21.9873,11.894163,-0.310071
2662,13.305,307.42166,21.986825,11.892612,-0.310231
2663,13.31,307.3072,21.986368,11.891061,-0.310383
2664,13.315,306.39157,21.985874,11.889508,-0.31055
2665,13.32,305.81931,21.985353,11.887955,-0.31073
2666,13.325,304.90368,21.98485,11.886401,-0.310901
2667,13.33,304.56032,21.984374,11.884846,-0.311061
2668,13.335,303.6447,21.983898,11.883291,-0.311221
2669,13.34,302.95798,21.983457,11.881734,-0.311365
2670,13.345,302.38571,21.983034,11.880177,-0.311501
2671,13.35,301.35563,21.982565,11.878619,-0.311657
2672,13.355,300.44,21.982079,11.87706,-0.31182
2673,13.36,298.95211,21.981601,11.875501,-0.31198
2674,13.365,298.03648,21.981114,11.873941,-0.312144
2675,13.37,297.34976,21.980618,11.872379,-0.312311
2676,13.375,296.89195,21.980167,11.870817,-0.312459
2677,13.38,296.31968,21.979751,11.869255,-0.312591
2678,13.385,295.51851,21.979299,11.867692,-0.312739
2679,13.39,294.71734,21.97882,11.866127,-0.312899
2680,13.395,293.91616,21.97835,11.864563,-0.313055
2681,13.4,292.77163,21.97787,11.862997,-0.313215
2682,13.405,291.62709,21.977409,11.86143,-0.313366
2683,13.41,290.71147,21.977001,11.859863,-0.313495
2684,13.415,289.10912,21.976548,11.858295,-0.313643
2685,13.42,288.53685,21.976067,11.856727,-0.313802
2686,13.425,288.07904,21.975614,11.855157,-0.31395
2687,13.43,287.27787,21.975133,11.853587,-0.31411
2688,13.435,287.04896,21.974679,11.852016,-0.314258
2689,13.44,286.36224,21.974279,11.850445,-0.314382
2690,13.445,285.78997,21.973879,11.848873,-0.314506
2691,13.45,286.13333,21.973452,11.8473,-0.314642
2692,13.455,285.44661,21.972997,11.845726,-0.31479
2693,13.46,284.64544,21.972542,11.844152,-0.314938
2694,13.465,283.72981,21.972123,11.842577,-0.31507
2695,13.47,283.38645,21.971705,11.841001,-0.315203
2696,13.475,283.04309,21.971249,11.839425,-0.315351
2697,13.48,282.01301,21.970775,11.837848,-0.315506
2698,13.485,281.32629,21.970328,11.83627,-0.31565
2699,13.49,280.52512,21.96989,11.834691,-0.31579
2700,13.495,279.60949,21.969452,11.833112,-0.31593
2701,13.5,279.26613,21.969032,11.831532,-0.316063
2702,13.505,278.1216,21.968593,11.829951,-0.316203
2703,13.51,276.74816,21.968109,11.82837,-0.316362
2704,13.515,276.51926,21.967624,11.826787,-0.316522
2705,13.52,276.4048,21.967176,11.825204,-0.316666
2706,13.525,275.71808,21.966727,11.823621,-0.31681
2707,13.53,274.4591,21.966297,11.822036,-0.316946
2708,13.535,273.77238,21.965885,11.820451,-0.317074
2709,13.54,273.08566,21.965445,11.818866,-0.317214
2710,13.545,272.51339,21.965032,11.817279,-0.317342
2711,13.55,271.94112,21.964629,11.815692,-0.317467
2712,13.555,271.13995,21.964206,11.814105,-0.317599
2713,13.56,270.91104,21.963757,11.812516,-0.317743
2714,13.565,270.22432,21.963288,11.810927,-0.317895
2715,13.57,268.85088,21.962847,11.809337,-0.318035
2716,13.575,267.70635,21.962424,11.807747,-0.318167
2717,13.58,266.79072,21.96202,11.806156,-0.318291
2718,13.585,265.76064,21.961633,11.804564,-0.318408
2719,13.59,264.95947,21.961237,11.802972,-0.318528
2720,13.595,265.18838,21.960805,11.801379,-0.318664
2721,13.6,264.73056,21.960363,11.799785,-0.318804
2722,13.605,263.81494,21.959929,11.798191,-0.31894
2723,13.61,262.78486,21.959533,11.796596,-0.319061
2724,13.615,261.98368,21.959164,11.795,-0.319169
2725,13.62,260.61024,21.958795,11.793404,-0.319278
2726,13.625,259.58016,21.958389,11.791807,-0.319402
2727,13.63,258.66454,21.957955,11.79021,-0.319538
2728,13.635,258.20672,21.957539,11.788612,-0.319666
2729,13.64,257.06219,21.957114,11.787013,-0.319798
2730,13.645,256.37547,21.956671,11.785414,-0.319938
2731,13.65,255.45984,21.956255,11.783814,-0.320067
2732,13.655,254.77312,21.955866,11.782213,-0.320183
2733,13.66,254.42976,21.95545,11.780612,-0.320311
2734,13.665,254.42976,21.955061,11.77901,-0.320428
2735,13.67,253.17078,21.954672,11.777408,-0.320544
2736,13.675,252.71296,21.954227,11.775805,-0.320684
2737,13.68,252.1407,21.953819,11.774201,-0.320808
2738,13.685,251.22507,21.953411,11.772596,-0.320933
2739,13.69,250.19499,21.952994,11.770992,-0.321061
2740,13.695,249.73718,21.952604,11.769386,-0.321177
2741,13.7,249.39382,21.952177,11.76778,-0.321309
2742,13.705,248.7071,21.95174,11.766173,-0.321445
2743,13.71,247.90592,21.951369,11.764565,-0.321554
2744,13.715,246.9903,21.951025,11.762957,-0.321651
2745,13.72,246.76139,21.950625,11.761349,-0.321771
2746,13.725,245.96022,21.950197,11.75974,-0.321903
2747,13.73,245.04459,21.949797,11.75813,-0.322023
2748,13.735,244.35787,21.949397,11.756519,-0.322144
2749,13.74,243.67115,21.948987,11.754908,-0.322268
2750,13.745,243.21334,21.948596,11.753297,-0.322384
2751,13.75,242.86998,21.948204,11.751684,-0.322501
2752,13.755,242.41216,21.947813,11.750072,-0.322617
2753,13.76,241.38208,21.947468,11.748458,-0.322714
2754,13.765,240.1231,21.947104,11.746844,-0.322819
2755,13.77,239.09302,21.946666,11.74523,-0.322955
2756,13.775,238.52075,21.946236,11.743615,-0.323087
2757,13.78,237.49067,21.945853,11.741999,-0.323199
2758,13.785,237.03286,21.945461,11.740383,-0.323316
2759,13.79,236.23168,21.945059,11.738766,-0.323436
2760,13.795,235.2016,21.944666,11.737149,-0.323552
2761,13.8,234.62934,21.944246,11.735531,-0.323681
2762,13.805,233.82816,21.943825,11.733912,-0.323809
2763,13.81,233.37035,21.943413,11.732292,-0.323933
2764,13.815,232.11136,21.94301,11.730672,-0.324053
2765,13.82,231.19574,21.942664,11.729052,-0.32415
2766,13.825,230.16566,21.942326,11.727431,-0.324243
2767,13.83,229.59339,21.94197,11.72581,-0.324344
2768,13.835,229.02112,21.941633,11.724188,-0.324436
2769,13.84,229.02112,21.941286,11.722565,-0.324533
2770,13.845,228.44886,21.940873,11.720942,-0.324657
2771,13.85,227.41878,21.940451,11.719319,-0.324786
2772,13.855,226.6176,21.940075,11.717694,-0.324894
2773,13.86,226.3887,21.939728,11.71607,-0.324991
2774,13.865,226.15979,21.93938,11.714444,-0.325087
2775,13.87,225.70198,21.939051,11.712819,-0.325176
2776,13.875,225.24416,21.938732,11.711193,-0.325261
2777,13.88,224.44299,21.938421,11.709566,-0.325342
2778,13.885,223.64182,21.938102,11.707939,-0.325427
2779,13.89,223.06955,21.937763,11.706312,-0.32552
2780,13.895,222.15392,21.937415,11.704684,-0.325616
2781,13.9,221.35275,21.937057,11.703056,-0.325717
2782,13.905,221.12384,21.93669,11.701427,-0.325822
2783,13.91,220.43712,21.936295,11.699797,-0.325938
2784,13.915,219.7504,21.935899,11.698167,-0.326055
2785,13.92,219.97931,21.935531,11.696537,-0.326159
2786,13.925,219.06368,21.935173,11.694906,-0.32626
2787,13.93,218.0336,21.934787,11.693274,-0.326372
2788,13.935,217.34688,21.934409,11.691642,-0.326481
2789,13.94,216.20235,21.934098,11.69001,-0.326562
2790,13.945,215.51563,21.933805,11.688377,-0.326635
2791,13.95,214.71446,21.933456,11.686743,-0.326731
2792,13.955,213.79883,21.933097,11.685109,-0.326832
2793,13.96,212.76875,21.932747,11.683475,-0.326929
2794,13.965,212.31094,21.932417,11.68184,-0.327018
2795,13.97,211.85312,21.932076,11.680205,-0.32711
2796,13.975,210.82304,21.931727,11.678569,-0.327207
2797,13.98,209.56406,21.931396,11.676933,-0.327296
2798,13.985,208.76288,21.931036,11.675296,-0.327397
2799,13.99,208.19062,21.930686,11.673659,-0.327493
2800,13.995,207.5039,21.930326,11.672021,-0.327594
2801,14,207.16054,21.929938,11.670383,-0.327706
2802,14.005,206.35936,21.929569,11.668744,-0.327811
2803,14.01,206.13046,21.929237,11.667105,-0.3279
2804,14.015,206.016,21.928924,11.665465,-0.327981
2805,14.02,205.32928,21.928611,11.663825,-0.328062
2806,14.025,204.2992,21.92828,11.662184,-0.32815
2807,14.03,203.84139,21.927948,11.660543,-0.328239
2808,14.035,203.15467,21.927625,11.658902,-0.328324
2809,14.04,201.89568,21.927302,11.65726,-0.328409
2810,14.045,201.55232,21.926999,11.655618,-0.328486
2811,14.05,200.75115,21.926704,11.653975,-0.328559
2812,14.055,199.94998,21.9264,11.652332,-0.328636
2813,14.06,199.37771,21.926068,11.650689,-0.328725
2814,14.065,198.11872,21.925745,11.649045,-0.32881
2815,14.07,197.432,21.925441,11.647401,-0.328887
2816,14.075,197.432,21.925146,11.645756,-0.32896
2817,14.08,196.97419,21.924842,11.644111,-0.329037
2818,14.085,196.63083,21.924519,11.642466,-0.329122
2819,14.09,196.63083,21.924167,11.64082,-0.329219
2820,14.095,195.94411,21.923805,11.639174,-0.329319
2821,14.1,195.02848,21.923491,11.637527,-0.3294
2822,14.105,194.34176,21.923186,11.63588,-0.329477
2823,14.11,194.22731,21.922824,11.634232,-0.329578
2824,14.115,193.7695,21.922453,11.632584,-0.329682
2825,14.12,192.85387,21.922129,11.630935,-0.329767
2826,14.125,192.16715,21.921824,11.629286,-0.329844
2827,14.13,191.36598,21.921509,11.627637,-0.329925
2828,14.135,191.13707,21.921195,11.625987,-0.330006
2829,14.14,190.45035,21.92088,11.624337,-0.330087
2830,14.145,189.76363,21.920565,11.622686,-0.330168
2831,14.15,188.73355,21.92025,11.621035,-0.330249
2832,14.155,187.70347,21.919906,11.619383,-0.330342
2833,14.16,187.01675,21.919582,11.617732,-0.330427
2834,14.165,186.33003,21.919267,11.616079,-0.330508
2835,14.17,185.87222,21.918904,11.614426,-0.330608
2836,14.175,185.52886,21.91856,11.612773,-0.330701
2837,14.18,184.84214,21.918263,11.611119,-0.330774
2838,14.185,184.04096,21.917986,11.609465,-0.330839
2839,14.19,183.35424,21.917718,11.607811,-0.330901
2840,14.195,183.4687,21.917441,11.606156,-0.330966
2841,14.2,183.12534,21.917164,11.604501,-0.331031
2842,14.205,182.55307,21.916867,11.602846,-0.331104
2843,14.21,181.9808,21.91658,11.60119,-0.331173
2844,14.215,181.17963,21.916321,11.599534,-0.331231
2845,14.22,180.83627,21.916044,11.597878,-0.331296
2846,14.225,180.37846,21.915757,11.596221,-0.331365
2847,14.23,179.92064,21.915508,11.594564,-0.331418
2848,14.235,179.57728,21.915268,11.592907,-0.331468
2849,14.24,178.66166,21.914971,11.59125,-0.331541
2850,14.245,178.08939,21.914655,11.589592,-0.331622
2851,14.25,177.17376,21.914339,11.587934,-0.331703
2852,14.255,176.60149,21.914032,11.586275,-0.33178
2853,14.26,176.25813,21.913715,11.584616,-0.331861
2854,14.265,176.14368,21.913389,11.582956,-0.331945
2855,14.27,175.80032,21.913082,11.581296,-0.332022
2856,14.275,175.22805,21.912775,11.579636,-0.332099
2857,14.28,174.65579,21.912458,11.577975,-0.33218
2858,14.285,173.96907,21.912161,11.576314,-0.332254
2859,14.29,173.16789,21.911921,11.574653,-0.332303
2860,14.295,172.93899,21.911642,11.572991,-0.332368
2861,14.3,172.25227,21.911335,11.571329,-0.332445
2862,14.305,172.02336,21.911037,11.569667,-0.332518
2863,14.31,171.90891,21.91072,11.568004,-0.332599
2864,14.315,171.22219,21.910451,11.566341,-0.33266
2865,14.32,170.76437,21.910201,11.564677,-0.332714
2866,14.325,170.19211,21.909903,11.563014,-0.332787
2867,14.33,169.9632,21.909595,11.561349,-0.332864
2868,14.335,169.27648,21.909297,11.559685,-0.332937
2869,14.34,168.2464,21.908979,11.55802,-0.333018
2870,14.345,166.98741,21.908681,11.556355,-0.333091
2871,14.35,166.18624,21.908392,11.554689,-0.33316
2872,14.355,165.84288,21.908093,11.553023,-0.333233
2873,14.36,165.04171,21.907775,11.551357,-0.333314
2874,14.365,163.89717,21.907467,11.54969,-0.333391
2875,14.37,163.32491,21.907226,11.548023,-0.333441
2876,14.375,162.86709,21.907024,11.546356,-0.333474
2877,14.38,162.29483,21.906821,11.544688,-0.333508
2878,14.385,161.60811,21.90659,11.543021,-0.333553
2879,14.39,161.3792,21.90634,11.541353,-0.333607
2880,14.395,160.34912,21.906108,11.539684,-0.333652
2881,14.4,159.6624,21.905896,11.538016,-0.33369
2882,14.405,158.86123,21.905703,11.536348,-0.33372
2883,14.41,158.06005,21.905472,11.534679,-0.333765
2884,14.415,157.83115,21.905182,11.53301,-0.333834
2885,14.42,157.25888,21.904873,11.531341,-0.333911
2886,14.425,156.45771,21.904565,11.529671,-0.333988
2887,14.43,156.11435,21.904285,11.528001,-0.334054
2888,14.435,155.65653,21.904014,11.52633,-0.334115
2889,14.44,155.54208,21.903754,11.52466,-0.334172
2890,14.445,155.19872,21.903483,11.522989,-0.334233
2891,14.45,155.08427,21.903203,11.521317,-0.334299
2892,14.455,154.512,21.902923,11.519646,-0.334364
2893,14.46,153.59637,21.902652,11.517974,-0.334425
2894,14.465,153.13856,21.902411,11.516301,-0.334474
2895,14.47,152.68075,21.902169,11.514629,-0.334524
2896,14.475,152.22293,21.901889,11.512956,-0.334589
2897,14.48,151.87957,21.901608,11.511283,-0.334654
2898,14.485,152.10848,21.901337,11.50961,-0.334716
2899,14.49,151.76512,21.901076,11.507936,-0.334773
2900,14.495,151.42176,21.900844,11.506262,-0.334818
2901,14.5,150.84949,21.900602,11.504588,-0.334868
2902,14.505,150.27723,21.900331,11.502913,-0.334929
2903,14.51,149.81941,21.900031,11.501238,-0.335002
2904,14.515,149.01824,21.899731,11.499563,-0.335075
2905,14.52,147.98816,21.89945,11.497888,-0.33514
2906,14.525,147.30144,21.899208,11.496212,-0.33519
2907,14.53,146.72917,21.898966,11.494536,-0.335239
2908,14.535,145.81355,21.898733,11.492859,-0.335285
2909,14.54,145.47019,21.89853,11.491183,-0.335318
2910,14.545,145.24128,21.898287,11.489506,-0.335368
2911,14.55,144.32565,21.898055,11.487829,-0.335413
2912,14.555,144.55456,21.897832,11.486152,-0.335455
2913,14.56,144.09675,21.89755,11.484475,-0.33552
2914,14.565,143.18112,21.897279,11.482797,-0.335581
2915,14.57,142.72331,21.897046,11.481119,-0.335627
2916,14.575,142.26549,21.896823,11.479441,-0.335668
2917,14.58,141.69323,21.89659,11.477762,-0.335714
2918,14.585,141.46432,21.896357,11.476083,-0.335759
2919,14.59,140.54869,21.896173,11.474405,-0.335785
2920,14.595,139.74752,21.896008,11.472726,-0.335803
2921,14.6,139.28971,21.895814,11.471046,-0.335833
2922,14.605,138.48853,21.895591,11.469367,-0.335874
2923,14.61,137.68736,21.895377,11.467688,-0.335912
2924,14.615,136.42837,21.895173,11.466008,-0.335946
2925,14.62,135.85611,21.89494,11.464328,-0.335991
2926,14.625,135.39829,21.894697,11.462648,-0.336041
2927,14.63,134.82603,21.894474,11.460968,-0.336082
2928,14.635,134.59712,21.89426,11.459287,-0.33612
2929,14.64,134.36821,21.894018,11.457607,-0.336169
2930,14.645,134.25376,21.893804,11.455926,-0.336207
2931,14.65,133.79595,21.893629,11.454245,-0.336229
2932,14.655,133.10923,21.893435,11.452563,-0.336259
2933,14.66,132.88032,21.893221,11.450882,-0.336296
2934,14.665,132.07915,21.892978,11.4492,-0.336346
2935,14.67,131.04907,21.892725,11.447519,-0.336399
2936,14.675,130.36235,21.892472,11.445836,-0.336452
2937,14.68,129.10336,21.892219,11.444154,-0.336506
2938,14.685,128.07328,21.891986,11.442471,-0.336551
2939,14.69,127.38656,21.891753,11.440789,-0.336597
2940,14.695,126.92875,21.891519,11.439105,-0.336642
2941,14.7,126.47093,21.891276,11.437422,-0.336692
2942,14.705,125.78421,21.891052,11.435739,-0.336733
2943,14.71,124.86859,21.890877,11.434055,-0.336755
2944,14.715,124.75413,21.890702,11.432371,-0.336777
2945,14.72,124.06741,21.890517,11.430687,-0.336803
2946,14.725,123.38069,21.890312,11.429003,-0.336836
2947,14.73,122.35061,21.890088,11.427319,-0.336878
2948,14.735,121.66389,21.889845,11.425634,-0.336927
2949,14.74,121.43499,21.889611,11.423949,-0.336973
2950,14.745,121.32053,21.889368,11.422264,-0.337022
2951,14.75,120.97717,21.889124,11.420579,-0.337072
2952,14.755,120.40491,21.8889,11.418894,-0.337113
2953,14.76,120.06155,21.888676,11.417208,-0.337155
2954,14.765,118.91701,21.888462,11.415522,-0.337193
2955,14.77,117.65803,21.888286,11.413836,-0.337214
2956,14.775,117.20021,21.888121,11.41215,-0.337232
2957,14.78,116.85685,21.887916,11.410464,-0.337266
2958,14.785,116.28459,21.887721,11.408777,-0.337296
2959,14.79,115.71232,21.887526,11.407091,-0.337326
2960,14.795,115.14005,21.887331,11.405404,-0.337355
2961,14.8,114.68224,21.887146,11.403717,-0.337381
2962,14.805,114.56779,21.886892,11.40203,-0.337435
2963,14.81,113.99552,21.88661,11.400343,-0.3375
2964,14.815,112.96544,21.886405,11.398655,-0.337533
2965,14.82,112.73653,21.886249,11.396968,-0.337547
2966,14.825,112.27872,21.886073,11.39528,-0.337569
2967,14.83,112.04981,21.885858,11.393592,-0.337607
2968,14.835,111.47755,21.885615,11.391904,-0.337656
2969,14.84,111.47755,21.88541,11.390215,-0.33769
2970,14.845,111.47755,21.885234,11.388527,-0.337712
2971,14.85,111.24864,21.885039,11.386838,-0.337742
2972,14.855,110.79083,21.884853,11.385149,-0.337767
2973,14.86,110.10411,21.884687,11.383461,-0.337785
2974,14.865,109.8752,21.884541,11.381772,-0.337795
2975,14.87,109.53184,21.884385,11.380083,-0.337809
2976,14.875,109.07403,21.884228,11.378394,-0.337823
2977,14.88,108.38731,21.884111,11.376704,-0.337822
2978,14.885,108.27285,21.883975,11.375015,-0.337828
2979,14.89,107.70059,21.883779,11.373326,-0.337857
2980,14.895,106.55605,21.883555,11.371637,-0.337899
2981,14.9,106.78496,21.883369,11.369947,-0.337925
2982,14.905,106.32715,21.883252,11.368257,-0.337923
2983,14.91,105.86933,21.883135,11.366568,-0.337921
2984,14.915,105.18261,21.882988,11.364878,-0.337931
2985,14.92,104.15253,21.882852,11.363189,-0.337937
2986,14.925,103.12245,21.882686,11.361499,-0.337955
2987,14.93,102.20683,21.882539,11.359809,-0.337965
2988,14.935,101.17675,21.882451,11.358119,-0.337952
2989,14.94,100.71893,21.882324,11.356429,-0.337954
2990,14.945,99.80331,21.882158,11.35474,-0.337972
2991,14.95,98.88768,21.881963,11.35305,-0.338002
2992,14.955,98.08651,21.881777,11.35136,-0.338027
2993,14.96,98.20096,21.881631,11.349669,-0.338038
2994,14.965,98.20096,21.881445,11.347979,-0.338063
2995,14.97,97.97205,21.881269,11.346289,-0.338085
2996,14.975,97.74315,21.881142,11.344598,-0.338087
2997,14.98,97.17088,21.881005,11.342908,-0.338093
2998,14.985,96.48416,21.880869,11.341218,-0.3381
2999,14.99,95.22517,21.880673,11.339527,-0.338129
3000,14.995,94.88181,21.880439,11.337836,-0.338175
3001,15,93.96619,21.880243,11.336145,-0.338205
3002,15.005,93.27947,21.880077,11.334454,-0.338223
3003,15.01,92.59275,21.879882,11.332763,-0.338252
3004,15.015,92.24939,21.879706,11.331072,-0.338274
3005,15.02,92.36384,21.879608,11.32938,-0.338264
3006,15.025,92.59275,21.879471,11.327689,-0.338271
3007,15.03,92.02048,21.879295,11.325998,-0.338292
3008,15.035,91.56267,21.879129,11.324306,-0.33831
3009,15.04,91.67712,21.878992,11.322614,-0.338316
3010,15.045,91.44821,21.878884,11.320923,-0.338311
3011,15.05,91.21931,21.878728,11.319231,-0.338325
3012,15.055,90.9904,21.878542,11.31754,-0.338351
3013,15.06,90.07477,21.878376,11.315848,-0.338368
3014,15.065,89.15915,21.878229,11.314156,-0.338379
3015,15.07,89.15915,21.878063,11.312464,-0.338396
3016,15.075,89.15915,21.877887,11.310772,-0.338418
3017,15.08,88.93024,21.877721,11.30908,-0.338436
3018,15.085,88.58688,21.877554,11.307388,-0.338454
3019,15.09,88.01461,21.877369,11.305695,-0.33848
3020,15.095,87.5568,21.877183,11.304003,-0.338506
3021,15.1,86.98453,21.877036,11.30231,-0.338516
3022,15.105,86.52672,21.876899,11.300618,-0.338522
3023,15.11,86.18336,21.876772,11.298925,-0.338524
3024,15.115,85.49664,21.876635,11.297232,-0.33853
3025,15.12,85.03883,21.876478,11.29554,-0.338544
3026,15.125,84.69547,21.876312,11.293847,-0.338562
3027,15.13,84.69547,21.876165,11.292154,-0.338572
3028,15.135,84.92437,21.876009,11.290461,-0.338586
3029,15.14,84.58101,21.875852,11.288768,-0.3386
3030,15.145,83.89429,21.875754,11.287075,-0.338591
3031,15.15,83.77984,21.875617,11.285382,-0.338597
3032,15.155,83.77984,21.875461,11.283689,-0.338611
3033,15.16,83.66539,21.875343,11.281996,-0.338609
3034,15.165,83.55093,21.875226,11.280303,-0.338607
3035,15.17,83.32203,21.875128,11.27861,-0.338597
3036,15.175,83.20757,21.87505,11.276917,-0.33858
3037,15.18,82.17749,21.874962,11.275224,-0.338566
3038,15.185,82.29195,21.874874,11.273532,-0.338553
3039,15.19,82.52085,21.874766,11.271839,-0.338547
3040,15.195,82.29195,21.874649,11.270146,-0.338545
3041,15.2,81.94859,21.87457,11.268453,-0.338528
3042,15.205,81.03296,21.874472,11.266761,-0.338518
3043,15.21,80.57515,21.874306,11.265068,-0.338536
3044,15.215,80.23179,21.87412,11.263375,-0.338562
3045,15.22,79.08725,21.873964,11.261683,-0.338576
3046,15.225,79.20171,21.873817,11.25999,-0.338586
3047,15.23,79.08725,21.87368,11.258297,-0.338592
3048,15.235,78.85835,21.873563,11.256604,-0.33859
3049,15.24,78.28608,21.873484,11.254911,-0.338573
3050,15.245,77.02709,21.873386,11.253218,-0.338563
3051,15.25,76.34037,21.873249,11.251525,-0.338569
3052,15.255,75.88256,21.873142,11.249832,-0.338563
3053,15.26,75.42475,21.873034,11.24814,-0.338558
3054,15.265,75.08139,21.872897,11.246447,-0.338564
3055,15.27,74.85248,21.872701,11.244754,-0.338594
3056,15.275,74.85248,21.872496,11.243061,-0.338627
3057,15.28,73.93685,21.872359,11.241368,-0.338633
3058,15.285,73.47904,21.872242,11.239675,-0.338632
3059,15.29,73.02123,21.872075,11.237981,-0.33865
3060,15.295,73.02123,21.871889,11.236288,-0.338675
3061,15.3,73.25013,21.871733,11.234595,-0.338689
3062,15.305,72.67787,21.871586,11.232901,-0.338699
3063,15.31,72.1056,21.871429,11.231208,-0.338713
3064,15.315,71.64779,21.871302,11.229514,-0.338716
3065,15.32,70.96107,21.871175,11.22782,-0.338718
3066,15.325,70.61771,21.871018,11.226127,-0.338732
3067,15.33,70.27435,21.870861,11.224433,-0.338746
3068,15.335,69.70208,21.870695,11.222739,-0.338764
3069,15.34,69.01536,21.870529,11.221045,-0.338782
3070,15.345,68.32864,21.870411,11.219352,-0.33878
3071,15.35,67.87083,21.870323,11.217658,-0.338766
3072,15.355,67.64192,21.870215,11.215964,-0.338761
3073,15.36,67.18411,21.870098,11.21427,-0.338759
3074,15.365,67.06965,21.870019,11.212576,-0.338741
3075,15.37,66.84075,21.869971,11.210883,-0.338712
3076,15.375,66.84075,21.869882,11.209189,-0.338698
3077,15.38,66.15403,21.869755,11.207496,-0.338701
3078,15.385,65.81067,21.869618,11.205802,-0.338707
3079,15.39,65.46731,21.869491,11.204109,-0.338709
3080,15.395,65.69621,21.869383,11.202415,-0.338703
3081,15.4,65.58176,21.869227,11.200722,-0.338717
3082,15.405,64.89504,21.86905,11.199028,-0.338739
3083,15.41,65.00949,21.868943,11.197334,-0.338733
3084,15.415,64.89504,21.868845,11.195641,-0.338724
3085,15.42,64.78059,21.868727,11.193947,-0.338722
3086,15.425,65.12395,21.86862,11.192253,-0.338716
3087,15.43,65.35285,21.868551,11.19056,-0.338695
3088,15.435,65.35285,21.868483,11.188866,-0.338673
3089,15.44,65.58176,21.868365,11.187173,-0.338671
3090,15.445,65.35285,21.868238,11.18548,-0.338674
3091,15.45,65.81067,21.868121,11.183786,-0.338672
3092,15.455,66.26848,21.868032,11.182093,-0.338658
3093,15.46,66.26848,21.867964,11.1804,-0.338637
3094,15.465,65.92512,21.867886,11.178707,-0.338619
3095,15.47,65.69621,21.867827,11.177014,-0.338594
3096,15.475,65.69621,21.867739,11.175321,-0.33858
3097,15.48,65.46731,21.867612,11.173628,-0.338582
3098,15.485,65.12395,21.867504,11.171935,-0.338577
3099,15.49,65.12395,21.867436,11.170242,-0.338555
3100,15.495,65.46731,21.867396,11.168549,-0.338522
3101,15.5,64.78059,21.867328,11.166857,-0.338501
3102,15.505,64.43723,21.86723,11.165164,-0.338491
3103,15.51,64.43723,21.867142,11.163472,-0.338477
3104,15.515,64.66613,21.867015,11.16178,-0.338479
3105,15.52,63.97941,21.866888,11.160087,-0.338482
3106,15.525,63.29269,21.866809,11.158395,-0.338464
3107,15.53,62.60597,21.866751,11.156702,-0.338439
3108,15.535,62.14816,21.866692,11.15501,-0.338413
3109,15.54,62.03371,21.866604,11.153318,-0.3384
3110,15.545,61.46144,21.866506,11.151626,-0.33839
3111,15.55,60.66027,21.866379,11.149934,-0.338392
3112,15.555,60.66027,21.866252,11.148242,-0.338394
3113,15.56,60.43136,21.866164,11.14655,-0.338381
3114,15.565,60.20245,21.866086,11.144859,-0.338363
3115,15.57,60.20245,21.866037,11.143167,-0.338334
3116,15.575,59.51573,21.865959,11.141475,-0.338316
3117,15.58,58.60011,21.865841,11.139784,-0.338315
3118,15.585,57.79893,21.865753,11.138092,-0.338301
3119,15.59,57.56059,21.865695,11.136401,-0.338276
3120,15.595,57.43389,21.865626,11.134709,-0.338254
3121,15.6,57.67463,21.865538,11.133018,-0.338241
3122,15.605,57.79893,21.86545,11.131327,-0.338227
3123,15.61,57.27939,21.865372,11.129636,-0.33821
3124,15.615,57.13458,21.865294,11.127945,-0.338192
3125,15.62,56.03097,21.865186,11.126254,-0.338186
3126,15.625,55.98836,21.86505,11.124563,-0.338192
3127,15.63,55.80095,21.864942,11.122872,-0.338187
3128,15.635,56.18934,21.864883,11.121181,-0.338161
3129,15.64,55.69715,21.864786,11.11949,-0.338152
3130,15.645,55.79524,21.864639,11.1178,-0.338162
3131,15.65,56.05705,21.864532,11.116109,-0.338156
3132,15.655,56.17079,21.864463,11.114418,-0.338135
3133,15.66,55.95607,21.864356,11.112727,-0.338129
3134,15.665,56.93626,21.864238,11.111037,-0.338127
3135,15.67,56.90972,21.864141,11.109346,-0.338117
3136,15.675,56.33102,21.864024,11.107656,-0.338116
3137,15.68,56.6619,21.863896,11.105965,-0.338118
3138,15.685,57.40708,21.863789,11.104274,-0.338112
3139,15.69,57.39333,21.863682,11.102584,-0.338106
3140,15.695,56.74804,21.863574,11.100893,-0.338101
3141,15.7,57.14461,21.863437,11.099203,-0.338107
3142,15.705,57.57227,21.863281,11.097512,-0.338121
3143,15.71,57.79893,21.863144,11.095822,-0.338127
3144,15.715,58.53679,21.863007,11.094131,-0.338133
3145,15.72,58.82647,21.86287,11.09244,-0.338139
3146,15.725,59.41193,21.862734,11.09075,-0.338145
3147,15.73,58.36283,21.862607,11.089059,-0.338147
3148,15.735,59.57736,21.862519,11.087368,-0.338134
3149,15.74,58.11136,21.862431,11.085678,-0.33812
3150,15.745,59.12005,21.862323,11.083987,-0.338115
3151,15.75,58.49953,21.862255,11.082296,-0.338093
3152,15.755,57.79893,21.862206,11.080606,-0.338064
3153,15.76,57.40032,21.862128,11.078916,-0.338046
3154,15.765,56.94265,21.862001,11.077226,-0.338048
3155,15.77,54.0998,21.861903,11.075535,-0.338039
3156,15.775,51.76774,21.861825,11.073845,-0.338021
3157,15.78,48.99148,21.861737,11.072155,-0.338008
3158,15.785,48.67278,21.861698,11.070465,-0.337974
3159,15.79,46.91913,21.86163,11.068775,-0.337953
3160,15.795,49.32176,21.861522,11.067086,-0.337947
3161,15.8,45.34993,21.861454,11.065396,-0.337926
3162,15.805,45.18826,21.861366,11.063706,-0.337912
3163,15.81,50.09241,21.861239,11.062017,-0.337914
3164,15.815,46.23915,21.861122,11.060327,-0.337913
3165,15.82,43.92719,21.861014,11.058638,-0.337907
3166,15.825,26.97283,21.860946,11.056948,-0.337885
3167,15.83,0,21.860927,11.055259,-0.337844
