Point ID,Time [ms],Force [N],Energy [J],Displacement [mm],Velocity [m/s]
1,0,0,0,0,2.41
2,0.005,34.679361,0.000209,0.01205,2.410037
3,0.01,138.717441,0.001254,0.0241,2.410027
4,0.015,196.516375,0.003273,0.03615,2.409962
5,0.02,196.516375,0.005641,0.0482,2.409877
6,0.025,184.956588,0.00794,0.060249,2.409796
7,0.03,92.478294,0.009611,0.072298,2.409751
8,0.035,150.277228,0.011073,0.084347,2.409717
9,0.04,115.597868,0.012675,0.096395,2.409675
10,0.045,57.798934,0.01372,0.108443,2.409665
11,0.05,23.119574,0.014207,0.120492,2.409687
12,0.055,80.918508,0.014834,0.13254,2.4097
13,0.06,23.119574,0.015461,0.144589,2.409714
14,0.065,23.119574,0.015739,0.156637,2.409747
15,0.07,46.239147,0.016157,0.168686,2.409773
16,0.075,161.837015,0.017411,0.180735,2.409751
17,0.08,127.157654,0.019152,0.192784,2.409701
18,0.085,161.837015,0.020893,0.204832,2.409652
19,0.09,184.956588,0.022982,0.21688,2.409583
20,0.095,208.076161,0.025349,0.228928,2.409498
21,0.1,196.516375,0.027786,0.240975,2.409409
22,0.105,196.516375,0.030154,0.253022,2.409324
23,0.11,173.396801,0.032382,0.265068,2.409247
24,0.115,138.717441,0.034262,0.277114,2.40919
25,0.12,138.717441,0.035933,0.28916,2.409144
26,0.125,138.717441,0.037604,0.301206,2.409099
27,0.13,115.597868,0.039135,0.313251,2.409061
28,0.135,80.918508,0.040319,0.325297,2.409043
29,0.14,57.798934,0.041154,0.337342,2.409045
30,0.145,104.038081,0.042129,0.349387,2.409039
31,0.15,46.239147,0.043034,0.361432,2.409037
32,0.155,104.038081,0.043939,0.373477,2.409035
33,0.16,161.837015,0.04554,0.385522,2.408993
34,0.165,196.516375,0.047698,0.397567,2.40892
35,0.17,184.956588,0.049996,0.409612,2.408839
36,0.175,196.516375,0.052293,0.421656,2.408758
37,0.18,219.635948,0.054799,0.433699,2.408665
38,0.185,184.956588,0.057235,0.445742,2.408576
39,0.19,219.635948,0.059671,0.457785,2.408488
40,0.195,173.396801,0.062038,0.469827,2.408403
41,0.2,92.478294,0.063639,0.481869,2.408361
42,0.205,80.918508,0.064683,0.493911,2.408351
43,0.21,69.358721,0.065588,0.505953,2.408349
44,0.215,46.239147,0.066284,0.517994,2.408359
45,0.22,57.798934,0.06691,0.530036,2.408372
46,0.225,92.478294,0.067815,0.542078,2.40837
47,0.23,127.157654,0.069137,0.55412,2.408344
48,0.235,150.277228,0.070808,0.566161,2.408299
49,0.24,173.396801,0.072756,0.578203,2.408237
50,0.245,184.956588,0.074914,0.590244,2.408164
51,0.25,242.755522,0.077489,0.602284,2.408068
52,0.255,242.755522,0.080411,0.614324,2.407951
53,0.26,254.315308,0.083404,0.626364,2.407831
54,0.265,254.315308,0.086465,0.638403,2.407707
55,0.27,231.195735,0.089388,0.650441,2.40759
56,0.275,150.277228,0.091684,0.662479,2.407509
57,0.28,104.038081,0.093214,0.674516,2.407472
58,0.285,57.798934,0.094188,0.686553,2.407466
59,0.29,34.679361,0.094745,0.698591,2.407483
60,0.295,104.038081,0.09558,0.710628,2.407485
61,0.3,34.679361,0.096415,0.722666,2.407487
62,0.305,104.038081,0.09725,0.734703,2.407488
63,0.31,92.478294,0.098433,0.746741,2.407471
64,0.315,138.717441,0.099824,0.758778,2.407441
65,0.32,161.837015,0.101633,0.770815,2.407387
66,0.325,184.956588,0.10372,0.782852,2.407318
67,0.33,184.956588,0.105946,0.794888,2.407241
68,0.335,219.635948,0.108381,0.806924,2.407152
69,0.34,219.635948,0.111025,0.81896,2.407052
70,0.345,196.516375,0.113529,0.830995,2.406959
71,0.35,196.516375,0.115894,0.843029,2.406874
72,0.355,150.277228,0.11798,0.855063,2.406805
73,0.36,104.038081,0.119511,0.867097,2.406767
74,0.365,115.597868,0.120832,0.879131,2.406742
75,0.37,80.918508,0.122015,0.891165,2.406724
76,0.375,80.918508,0.122988,0.903198,2.406718
77,0.38,69.358721,0.123892,0.915232,2.406715
78,0.385,104.038081,0.124936,0.927265,2.406705
79,0.39,115.597868,0.126257,0.939299,2.406679
80,0.395,150.277228,0.127857,0.951332,2.406638
81,0.4,196.516375,0.129943,0.963365,2.406569
82,0.405,161.837015,0.132099,0.975398,2.406496
83,0.41,219.635948,0.134394,0.98743,2.406415
84,0.415,219.635948,0.137037,0.999462,2.406314
85,0.42,231.195735,0.139749,1.011493,2.40621
86,0.425,219.635948,0.142461,1.023524,2.406105
87,0.43,219.635948,0.145103,1.035554,2.406004
88,0.435,184.956588,0.147537,1.047584,2.405915
89,0.44,173.396801,0.149692,1.059614,2.405842
90,0.445,127.157654,0.1515,1.071643,2.405789
91,0.45,127.157654,0.153029,1.083671,2.405751
92,0.455,138.717441,0.154629,1.0957,2.40571
93,0.46,150.277228,0.156367,1.107729,2.40566
94,0.465,196.516375,0.158452,1.119757,2.405591
95,0.47,184.956588,0.160746,1.131784,2.40551
96,0.475,219.635948,0.163179,1.143812,2.405422
97,0.48,300.554455,0.166308,1.155839,2.405293
98,0.485,288.994668,0.169853,1.167865,2.405141
99,0.49,254.315308,0.173119,1.17989,2.405005
100,0.495,277.434882,0.176316,1.191915,2.404873
101,0.5,254.315308,0.179513,1.203939,2.404741
102,0.505,208.076161,0.182293,1.215962,2.404633
103,0.51,265.875095,0.185142,1.227985,2.40452
104,0.515,208.076161,0.187991,1.240007,2.404408
105,0.52,138.717441,0.190076,1.252029,2.404338
106,0.525,184.956588,0.192021,1.264051,2.404277
107,0.53,184.956588,0.194245,1.276072,2.4042
108,0.535,184.956588,0.196468,1.288093,2.404123
109,0.54,242.755522,0.199039,1.300113,2.404026
110,0.545,312.114242,0.202373,1.312133,2.403886
111,0.55,312.114242,0.206125,1.324152,2.403723
112,0.555,300.554455,0.209806,1.33617,2.403563
113,0.56,323.674029,0.213557,1.348188,2.403399
114,0.565,381.472962,0.217794,1.360204,2.403208
115,0.57,346.793602,0.222169,1.37222,2.403009
116,0.575,335.233815,0.226266,1.384234,2.402826
117,0.58,277.434882,0.229946,1.396248,2.402666
118,0.585,312.114242,0.233487,1.408261,2.402514
119,0.59,288.994668,0.237098,1.420273,2.402358
120,0.595,312.114242,0.240708,1.432285,2.402203
121,0.6,312.114242,0.244457,1.444295,2.402039
122,0.605,277.434882,0.247997,1.456305,2.401887
123,0.61,323.674029,0.251606,1.468314,2.401731
124,0.615,323.674029,0.255493,1.480322,2.40156
125,0.62,404.592536,0.259865,1.492329,2.401361
126,0.625,473.951256,0.265139,1.504336,2.40111
127,0.63,439.271896,0.270621,1.516341,2.400848
128,0.635,462.391469,0.276032,1.528344,2.40059
129,0.64,497.070829,0.28179,1.540346,2.400312
130,0.645,462.391469,0.287547,1.552347,2.400034
131,0.65,473.951256,0.293165,1.564347,2.399764
132,0.655,427.712109,0.298574,1.576345,2.399506
133,0.66,427.712109,0.303705,1.588342,2.399263
134,0.665,416.152322,0.308767,1.600338,2.399025
135,0.67,393.032749,0.31362,1.612332,2.398798
136,0.675,346.793602,0.318056,1.624326,2.398595
137,0.68,393.032749,0.322492,1.636318,2.398392
138,0.685,427.712109,0.327413,1.648309,2.398162
139,0.69,450.831683,0.33268,1.6603,2.397911
140,0.695,508.630616,0.338432,1.672289,2.397633
141,0.7,543.309976,0.344737,1.684276,2.397324
142,0.705,508.630616,0.351041,1.696262,2.397015
143,0.71,520.190403,0.357206,1.708246,2.396713
144,0.715,520.190403,0.363439,1.720229,2.396408
145,0.72,566.42955,0.369949,1.73221,2.396086
146,0.725,531.75019,0.376527,1.74419,2.395761
147,0.73,520.190403,0.382827,1.756168,2.395452
148,0.735,508.630616,0.388988,1.768144,2.39515
149,0.74,485.511043,0.39494,1.780119,2.394861
150,0.745,450.831683,0.400546,1.792093,2.394591
151,0.75,485.511043,0.406151,1.804065,2.39432
152,0.755,427.712109,0.411617,1.816036,2.394058
153,0.76,554.869763,0.417497,1.828006,2.393773
154,0.765,520.190403,0.423931,1.839974,2.393455
155,0.77,531.75019,0.430225,1.85194,2.393146
156,0.775,531.75019,0.436587,1.863905,2.392833
157,0.78,566.42955,0.443156,1.875869,2.392507
158,0.785,601.10891,0.450139,1.88783,2.392159
159,0.79,589.549123,0.457259,1.89979,2.391802
160,0.795,554.869763,0.464101,1.911748,2.391461
161,0.8,577.989336,0.470874,1.923705,2.391124
162,0.805,589.549123,0.477853,1.93566,2.390775
163,0.81,554.869763,0.484692,1.947613,2.390434
164,0.815,497.070829,0.490978,1.959564,2.390125
165,0.82,520.190403,0.497056,1.971514,2.389827
166,0.825,416.152322,0.50265,1.983462,2.389557
167,0.83,473.951256,0.507968,1.995409,2.389303
168,0.835,508.630616,0.513836,2.007355,2.389017
169,0.84,508.630616,0.519912,2.0193,2.38872
170,0.845,531.75019,0.526124,2.031242,2.388414
171,0.85,531.75019,0.532474,2.043184,2.388101
172,0.855,577.989336,0.539099,2.055123,2.387772
173,0.86,531.75019,0.545723,2.067061,2.387443
174,0.865,543.309976,0.552139,2.078998,2.387125
175,0.87,543.309976,0.558623,2.090933,2.386804
176,0.875,577.989336,0.565314,2.102866,2.386471
177,0.88,577.989336,0.57221,2.114797,2.386126
178,0.885,531.75019,0.57883,2.126727,2.385797
179,0.89,520.190403,0.585103,2.138655,2.385488
180,0.895,450.831683,0.590894,2.150582,2.385206
181,0.9,497.070829,0.596546,2.162507,2.384932
182,0.905,543.309976,0.602749,2.174431,2.384627
183,0.91,520.190403,0.609088,2.186354,2.384313
184,0.915,427.712109,0.614738,2.198275,2.384039
185,0.92,485.511043,0.620181,2.210194,2.383777
186,0.925,508.630616,0.626105,2.222112,2.383487
187,0.93,520.190403,0.632235,2.234029,2.383186
188,0.935,520.190403,0.638433,2.245944,2.38288
189,0.94,497.070829,0.644493,2.257858,2.382583
190,0.945,566.42955,0.650827,2.26977,2.38227
191,0.95,531.75019,0.657367,2.28168,2.381944
192,0.955,543.309976,0.663769,2.293589,2.381627
193,0.96,508.630616,0.670032,2.305497,2.381318
194,0.965,508.630616,0.676087,2.317403,2.38102
195,0.97,485.511043,0.682005,2.329307,2.38073
196,0.975,497.070829,0.687852,2.34121,2.380445
197,0.98,462.391469,0.693562,2.353111,2.380167
198,0.985,485.511043,0.699202,2.365012,2.379893
199,0.99,543.309976,0.705323,2.37691,2.379591
200,0.995,508.630616,0.71158,2.388807,2.379282
201,1,520.190403,0.7177,2.400703,2.37898
202,1.005,577.989336,0.724231,2.412597,2.378655
203,1.01,566.42955,0.731036,2.42449,2.378314
204,1.015,577.989336,0.737839,2.43638,2.377973
205,1.02,612.668697,0.744917,2.448269,2.377617
206,1.025,624.228483,0.752269,2.460157,2.377244
207,1.03,554.869763,0.759276,2.472042,2.376891
208,1.035,589.549123,0.766076,2.483925,2.376551
209,1.04,566.42955,0.772943,2.495807,2.376206
210,1.045,612.668697,0.779947,2.507687,2.375853
211,1.05,566.42955,0.78695,2.519566,2.3755
212,1.055,589.549123,0.793815,2.531443,2.375155
213,1.06,601.10891,0.800884,2.543317,2.374799
214,1.065,635.78827,0.808227,2.55519,2.374426
215,1.07,635.78827,0.815775,2.567062,2.374042
216,1.075,635.78827,0.823321,2.578931,2.373658
217,1.08,693.587204,0.831209,2.590798,2.373254
218,1.085,670.46763,0.839301,2.602663,2.372838
219,1.09,705.14699,0.847461,2.614527,2.372418
220,1.095,716.706777,0.855893,2.626388,2.371983
221,1.1,693.587204,0.864256,2.638246,2.371551
222,1.105,716.706777,0.872616,2.650103,2.37112
223,1.11,693.587204,0.880975,2.661958,2.370688
224,1.115,670.46763,0.889059,2.67381,2.370273
225,1.12,693.587204,0.897141,2.68566,2.369857
226,1.125,624.228483,0.904948,2.697509,2.369457
227,1.13,670.46763,0.912617,2.709355,2.369065
228,1.135,682.027417,0.920627,2.721199,2.368653
229,1.14,705.14699,0.92884,2.733041,2.368229
230,1.145,693.587204,0.937121,2.744881,2.367802
231,1.15,728.266564,0.945537,2.756719,2.367366
232,1.155,751.386137,0.954293,2.768555,2.366911
233,1.16,774.505711,0.963321,2.780388,2.36644
234,1.165,762.945924,0.972416,2.792219,2.365966
235,1.17,809.185071,0.981714,2.804048,2.365479
236,1.175,820.744858,0.991352,2.815874,2.364973
237,1.18,786.065497,1.000851,2.827698,2.364474
238,1.185,762.945924,1.010007,2.839519,2.363995
239,1.19,774.505711,1.019092,2.851338,2.36352
240,1.195,751.386137,1.028107,2.863154,2.36305
241,1.2,739.826351,1.036916,2.874968,2.36259
242,1.205,739.826351,1.045655,2.88678,2.362135
243,1.21,797.625284,1.054733,2.89859,2.36166
244,1.215,797.625284,1.064151,2.910397,2.361166
245,1.22,820.744858,1.073703,2.922201,2.360664
246,1.225,820.744858,1.083389,2.934003,2.360153
247,1.23,855.424218,1.093278,2.945803,2.359631
248,1.235,843.864431,1.103301,2.9576,2.359101
249,1.24,820.744858,1.113118,2.969394,2.358583
250,1.245,878.543791,1.123136,2.981185,2.358053
251,1.25,866.984005,1.133425,2.992974,2.357507
252,1.255,832.304644,1.143439,3.004761,2.356977
253,1.26,901.663365,1.153655,3.016544,2.356436
254,1.265,878.543791,1.164141,3.028325,2.355878
255,1.27,866.984005,1.174421,3.040103,2.355332
256,1.275,843.864431,1.184494,3.051878,2.354798
257,1.28,832.304644,1.19436,3.063651,2.354276
258,1.285,843.864431,1.204225,3.075421,2.353754
259,1.29,843.864431,1.214155,3.087188,2.353228
260,1.295,924.782938,1.224559,3.098953,2.352674
261,1.3,890.103578,1.235232,3.110715,2.352105
262,1.305,913.223151,1.245835,3.122474,2.35154
263,1.31,866.984005,1.256299,3.134231,2.350982
264,1.315,878.543791,1.266557,3.145984,2.350436
265,1.32,866.984005,1.276813,3.157735,2.349891
266,1.325,855.424218,1.28693,3.169483,2.349353
267,1.33,843.864431,1.29691,3.181228,2.348823
268,1.335,924.782938,1.307294,3.192971,2.348269
269,1.34,913.223151,1.318083,3.204711,2.347692
270,1.345,913.223151,1.328802,3.216448,2.347119
271,1.35,936.342725,1.339653,3.228182,2.346537
272,1.355,890.103578,1.350366,3.239913,2.345964
273,1.36,878.543791,1.360738,3.251642,2.345411
274,1.365,832.304644,1.370769,3.263368,2.344877
275,1.37,890.103578,1.380865,3.275091,2.344339
276,1.375,901.663365,1.391365,3.286811,2.343777
277,1.38,913.223151,1.401997,3.298528,2.343208
278,1.385,890.103578,1.41256,3.310243,2.342642
279,1.39,924.782938,1.423188,3.321955,2.342073
280,1.395,901.663365,1.433881,3.333664,2.3415
281,1.4,971.022085,1.444842,3.34537,2.340911
282,1.405,982.581872,1.456273,3.357073,2.340294
283,1.41,936.342725,1.467499,3.368773,2.339689
284,1.415,924.782938,1.478384,3.38047,2.339104
285,1.42,913.223151,1.48913,3.392164,2.338527
286,1.425,890.103578,1.499672,3.403855,2.337961
287,1.43,913.223151,1.510211,3.415543,2.337396
288,1.435,866.984005,1.520612,3.427229,2.336838
289,1.44,936.342725,1.531146,3.438912,2.336273
290,1.445,924.782938,1.542015,3.450592,2.335688
291,1.45,924.782938,1.552814,3.462269,2.335107
292,1.455,959.462298,1.563812,3.473943,2.334514
293,1.46,924.782938,1.574808,3.485614,2.333921
294,1.465,924.782938,1.585598,3.497282,2.33334
295,1.47,913.223151,1.596319,3.508947,2.332762
296,1.475,936.342725,1.607104,3.52061,2.332181
297,1.48,994.141658,1.618358,3.532269,2.331572
298,1.485,959.462298,1.629744,3.543925,2.330956
299,1.49,913.223151,1.640655,3.555579,2.330367
300,1.495,890.103578,1.65116,3.567229,2.329801
301,1.5,890.103578,1.661528,3.578877,2.329244
302,1.505,878.543791,1.671826,3.590521,2.32869
303,1.51,866.984005,1.681986,3.602164,2.328144
304,1.515,913.223151,1.692347,3.613803,2.327587
305,1.52,936.342725,1.703108,3.625439,2.327006
306,1.525,901.663365,1.713799,3.637073,2.326428
307,1.53,959.462298,1.724622,3.648704,2.325843
308,1.535,982.581872,1.735913,3.660331,2.325231
309,1.54,994.141658,1.747402,3.671956,2.324606
310,1.545,982.581872,1.758888,3.683577,2.323981
311,1.55,982.581872,1.770304,3.695196,2.323361
312,1.555,1051.940592,1.78212,3.706811,2.322717
313,1.56,1017.261232,1.794134,3.718423,2.322061
314,1.565,994.141658,1.805809,3.730032,2.321424
315,1.57,994.141658,1.817346,3.741637,2.320796
316,1.575,1040.380805,1.829149,3.753239,2.320152
317,1.58,982.581872,1.840881,3.764839,2.319511
318,1.585,994.141658,1.852342,3.776435,2.318887
319,1.59,982.581872,1.8638,3.788028,2.318262
320,1.595,1005.701445,1.875322,3.799617,2.317634
321,1.6,982.581872,1.886841,3.811204,2.317005
322,1.605,1028.821019,1.89849,3.822787,2.316369
323,1.61,1040.380805,1.910471,3.834368,2.315713
324,1.615,971.022085,1.922114,3.845944,2.315077
325,1.62,1040.380805,1.933754,3.857518,2.31444
326,1.625,1040.380805,1.945792,3.869089,2.313781
327,1.63,1075.060165,1.958027,3.880656,2.313109
328,1.635,1028.821019,1.970191,3.89222,2.312441
329,1.64,1040.380805,1.982152,3.90378,2.311785
330,1.645,1040.380805,1.994176,3.915338,2.311125
331,1.65,1063.500379,2.00633,3.926892,2.310457
332,1.655,1063.500379,2.018614,3.938442,2.309781
333,1.66,1028.821019,2.030694,3.94999,2.309117
334,1.665,1051.940592,2.042704,3.961533,2.308457
335,1.67,1121.299312,2.055244,3.973074,2.307766
336,1.675,1098.179739,2.068047,3.984611,2.307059
337,1.68,1109.739526,2.08078,3.996145,2.306355
338,1.685,1075.060165,2.093375,4.007675,2.30566
339,1.69,1121.299312,2.106034,4.019201,2.304961
340,1.695,1098.179739,2.118821,4.030724,2.304253
341,1.7,1190.658033,2.132004,4.042244,2.303523
342,1.705,1132.859099,2.145383,4.053759,2.30278
343,1.71,1132.859099,2.158424,4.065272,2.302057
344,1.715,1109.739526,2.171329,4.07678,2.301342
345,1.72,1144.418886,2.184296,4.088285,2.300623
346,1.725,1098.179739,2.197192,4.099786,2.299908
347,1.73,1121.299312,2.209952,4.111284,2.2992
348,1.735,1121.299312,2.22284,4.122778,2.298485
349,1.74,1121.299312,2.235725,4.134269,2.29777
350,1.745,1098.179739,2.248472,4.145756,2.297063
351,1.75,1167.538459,2.261481,4.15724,2.29634
352,1.755,1155.978673,2.274818,4.168719,2.295597
353,1.76,1202.217819,2.28835,4.180195,2.294843
354,1.765,1202.217819,2.302142,4.191668,2.294073
355,1.77,1202.217819,2.315929,4.203136,2.293302
356,1.775,1225.337393,2.329845,4.214601,2.292524
357,1.78,1225.337393,2.343888,4.226061,2.291738
358,1.785,1225.337393,2.357926,4.237518,2.290952
359,1.79,1236.89718,2.372026,4.248971,2.290162
360,1.795,1202.217819,2.385989,4.26042,2.28938
361,1.8,1179.098246,2.399616,4.271865,2.288618
362,1.805,1202.217819,2.413238,4.283306,2.287855
363,1.81,1167.538459,2.42679,4.294743,2.287097
364,1.815,1202.217819,2.440338,4.306177,2.286339
365,1.82,1202.217819,2.454079,4.317607,2.285568
366,1.825,1236.89718,2.468013,4.329033,2.284786
367,1.83,1190.658033,2.481877,4.340455,2.284008
368,1.835,1236.89718,2.495736,4.351873,2.28323
369,1.84,1236.89718,2.509854,4.363287,2.282436
370,1.845,1248.456966,2.524033,4.374697,2.281638
371,1.85,1248.456966,2.538273,4.386103,2.280837
372,1.855,1236.89718,2.552443,4.397505,2.280039
373,1.86,1260.016753,2.566673,4.408904,2.279237
374,1.865,1213.777606,2.580766,4.420298,2.278443
375,1.87,1236.89718,2.594723,4.431688,2.277657
376,1.875,1271.57654,2.609004,4.443074,2.276851
377,1.88,1236.89718,2.62328,4.454457,2.276046
378,1.885,1236.89718,2.637354,4.465835,2.275252
379,1.89,1236.89718,2.651423,4.477209,2.274458
380,1.895,1213.777606,2.665355,4.488579,2.273672
381,1.9,1167.538459,2.678889,4.499946,2.27291
382,1.905,1225.337393,2.692483,4.511308,2.272143
383,1.91,1271.57654,2.706664,4.522667,2.271341
384,1.915,1294.696113,2.721234,4.534022,2.270516
385,1.92,1340.93526,2.736192,4.545372,2.269667
386,1.925,1317.815687,2.751275,4.556718,2.26881
387,1.93,1329.375473,2.766287,4.56806,2.267957
388,1.935,1317.815687,2.781293,4.579398,2.267104
389,1.94,1306.2559,2.796163,4.590731,2.266259
390,1.945,1317.815687,2.811028,4.602061,2.265414
391,1.95,1340.93526,2.826083,4.613386,2.264557
392,1.955,1306.2559,2.841067,4.624706,2.263704
393,1.96,1306.2559,2.855849,4.636023,2.262863
394,1.965,1352.495047,2.870887,4.647335,2.262006
395,1.97,1306.2559,2.885919,4.658643,2.261149
396,1.975,1364.054833,2.901011,4.669946,2.260288
397,1.98,1329.375473,2.916228,4.681246,2.25942
398,1.985,1340.93526,2.931309,4.692541,2.258559
399,1.99,1352.495047,2.946514,4.703831,2.25769
400,1.995,1387.174407,2.961974,4.715117,2.256806
401,2,1352.495047,2.977429,4.726399,2.255921
402,2.005,1364.054833,2.992746,4.737677,2.255044
403,2.01,1352.495047,3.008058,4.74895,2.254168
404,2.015,1352.495047,3.023299,4.760218,2.253295
405,2.02,1364.054833,3.038599,4.771483,2.252419
406,2.025,1352.495047,3.053893,4.782742,2.251542
407,2.03,1317.815687,3.068921,4.793998,2.250681
408,2.035,1329.375473,3.083813,4.805249,2.249828
409,2.04,1317.815687,3.0987,4.816496,2.248975
410,2.045,1352.495047,3.11371,4.827739,2.248114
411,2.05,1352.495047,3.12891,4.838977,2.247242
412,2.055,1410.29398,3.144429,4.850211,2.246349
413,2.06,1444.973341,3.16046,4.861441,2.245426
414,2.065,1398.734194,3.17642,4.872666,2.244506
415,2.07,1421.853767,3.192244,4.883886,2.243594
416,2.075,1421.853767,3.208191,4.895102,2.242674
417,2.08,1433.413554,3.224197,4.906313,2.24175
418,2.085,1421.853767,3.240195,4.917519,2.240826
419,2.09,1410.29398,3.256058,4.928721,2.23991
420,2.095,1387.174407,3.27172,4.939918,2.239006
421,2.1,1375.61462,3.287182,4.951111,2.238113
422,2.105,1468.092914,3.30309,4.962299,2.237193
423,2.11,1398.734194,3.31912,4.973483,2.236266
424,2.115,1364.054833,3.334563,4.984662,2.235373
425,2.12,1375.61462,3.349871,4.995837,2.234489
426,2.125,1433.413554,3.365559,5.007007,2.233581
427,2.13,1468.092914,3.381758,5.018172,2.232641
428,2.135,1479.652701,3.398207,5.029333,2.231686
429,2.14,1456.533127,3.414585,5.040489,2.230734
430,2.145,1525.891848,3.431214,5.051641,2.229767
431,2.15,1549.011421,3.448351,5.062787,2.228768
432,2.155,1502.772274,3.465352,5.073928,2.227778
433,2.16,1537.451634,3.48228,5.085065,2.226791
434,2.165,1549.011421,3.499459,5.096196,2.225788
435,2.17,1537.451634,3.516629,5.107323,2.224785
436,2.175,1514.332061,3.5336,5.118444,2.223795
437,2.18,1491.212487,3.550305,5.129561,2.222819
438,2.185,1456.533127,3.566682,5.140672,2.221864
439,2.19,1410.29398,3.582603,5.151779,2.220936
440,2.195,1479.652701,3.598646,5.162882,2.220001
441,2.2,1491.212487,3.615131,5.173979,2.219037
442,2.205,1502.772274,3.631736,5.185072,2.218066
443,2.21,1537.451634,3.648591,5.19616,2.217079
444,2.215,1514.332061,3.665503,5.207243,2.216088
445,2.22,1514.332061,3.682278,5.218321,2.215106
446,2.225,1583.690781,3.69943,5.229394,2.214099
447,2.23,1560.571208,3.716831,5.240462,2.213077
448,2.235,1549.011421,3.734031,5.251524,2.212066
449,2.24,1560.571208,3.751224,5.262582,2.211056
450,2.245,1641.489715,3.768919,5.273635,2.210014
451,2.25,1583.690781,3.786734,5.284682,2.208964
452,2.255,1595.250568,3.804286,5.295725,2.207929
453,2.26,1606.810355,3.821956,5.306762,2.206887
454,2.265,1572.130994,3.839491,5.317794,2.205853
455,2.27,1549.011421,3.856699,5.32882,2.204839
456,2.275,1537.451634,3.873708,5.339842,2.203836
457,2.28,1572.130994,3.890837,5.350859,2.202826
458,2.285,1595.250568,3.908276,5.36187,2.201795
459,2.29,1560.571208,3.925643,5.372877,2.200769
460,2.295,1549.011421,3.942748,5.383878,2.199759
461,2.3,1641.489715,3.960289,5.394874,2.198721
462,2.305,1653.049502,3.978394,5.405865,2.197647
463,2.31,1699.288648,3.996808,5.416851,2.196554
464,2.315,1629.929928,4.015085,5.427831,2.195468
465,2.32,1629.929928,4.032973,5.438805,2.194407
466,2.325,1641.489715,4.050916,5.449775,2.193341
467,2.33,1629.929928,4.06885,5.460739,2.192275
468,2.335,1606.810355,4.086585,5.471697,2.191221
469,2.34,1595.250568,4.104122,5.482651,2.190179
470,2.345,1618.370141,4.121714,5.493599,2.189133
471,2.35,1641.489715,4.13955,5.504542,2.188072
472,2.355,1653.049502,4.157567,5.51548,2.186998
473,2.36,1653.049502,4.175639,5.526412,2.185921
474,2.365,1664.609288,4.193765,5.537339,2.184839
475,2.37,1629.929928,4.211756,5.548261,2.183766
476,2.375,1653.049502,4.229674,5.559177,2.182696
477,2.38,1664.609288,4.247773,5.570088,2.181615
478,2.385,1676.169075,4.26599,5.580993,2.180525
479,2.39,1676.169075,4.28426,5.591893,2.179432
480,2.395,1710.848435,4.302709,5.602787,2.178327
481,2.4,1687.728862,4.321213,5.613676,2.177218
482,2.405,1676.169075,4.339518,5.624559,2.176121
483,2.41,1641.489715,4.357563,5.635437,2.17504
484,2.415,1641.489715,4.37541,5.64631,2.17397
485,2.42,1618.370141,4.393123,5.657177,2.172908
486,2.425,1618.370141,4.410701,5.668039,2.171854
487,2.43,1653.049502,4.428459,5.678896,2.170789
488,2.435,1653.049502,4.446397,5.689747,2.169711
489,2.44,1676.169075,4.464451,5.700593,2.168626
490,2.445,1699.288648,4.482747,5.711433,2.167525
491,2.45,1676.169075,4.501033,5.722268,2.166424
492,2.455,1722.408222,4.519435,5.733097,2.165315
493,2.46,1722.408222,4.538078,5.743921,2.16419
494,2.465,1699.288648,4.556586,5.754739,2.163073
495,2.47,1710.848435,4.575023,5.765552,2.16196
496,2.475,1722.408222,4.593574,5.776359,2.160839
497,2.48,1733.968009,4.612241,5.78716,2.159711
498,2.485,1664.609288,4.630586,5.797956,2.158602
499,2.49,1676.169075,4.64861,5.808746,2.157512
500,2.495,1710.848435,4.666874,5.819531,2.156407
501,2.5,1745.527795,4.685503,5.83031,2.155279
502,2.505,1745.527795,4.704308,5.841084,2.154138
503,2.51,1733.968009,4.723042,5.851852,2.153001
504,2.515,1780.207155,4.741952,5.862614,2.151853
505,2.52,1780.207155,4.7611,5.87337,2.150689
506,2.525,1780.207155,4.780238,5.884121,2.149525
507,2.53,1803.326729,4.79949,5.894865,2.148353
508,2.535,1780.207155,4.818732,5.905604,2.147181
509,2.54,1768.647369,4.837777,5.916337,2.146021
510,2.545,1745.527795,4.856625,5.927064,2.144872
511,2.55,1722.408222,4.875216,5.937786,2.14374
512,2.555,1745.527795,4.893797,5.948502,2.142607
513,2.56,1733.968009,4.91243,5.959212,2.14147
514,2.565,1733.968009,4.930991,5.969916,2.140338
515,2.57,1710.848435,4.949419,5.980615,2.139213
516,2.575,1757.087582,4.967961,5.991309,2.13808
517,2.58,1757.087582,4.98674,6.001996,2.136932
518,2.585,1768.647369,5.00557,6.012678,2.13578
519,2.59,1814.886516,5.024699,6.023354,2.134608
520,2.595,1838.006089,5.044187,6.034024,2.133412
521,2.6,1861.125662,5.063911,6.044688,2.132201
522,2.605,1838.006089,5.083624,6.055346,2.130989
523,2.61,1826.446302,5.103141,6.065998,2.12979
524,2.615,1814.886516,5.122524,6.076644,2.128598
525,2.62,1872.685449,5.142141,6.087284,2.12739
526,2.625,1861.125662,5.161994,6.097918,2.126167
527,2.63,1838.006089,5.181651,6.108545,2.124956
528,2.635,1826.446302,5.201112,6.119167,2.123756
529,2.64,1791.766942,5.220317,6.129783,2.122572
530,2.645,1745.527795,5.239083,6.140393,2.121416
531,2.65,1757.087582,5.257654,6.150997,2.120272
532,2.655,1768.647369,5.276338,6.161596,2.119119
533,2.66,1641.489715,5.294399,6.172189,2.118006
534,2.665,1699.288648,5.312084,6.182776,2.116917
535,2.67,1768.647369,5.330432,6.193358,2.115785
536,2.675,1907.364809,5.349871,6.203934,2.114581
537,2.68,1861.125662,5.369787,6.214503,2.113346
538,2.685,1918.924596,5.389752,6.225067,2.112107
539,2.69,1907.364809,5.40995,6.235624,2.110852
540,2.695,1907.364809,5.430075,6.246176,2.109601
541,2.7,1895.805023,5.450127,6.25672,2.108355
542,2.705,1884.245236,5.470046,6.267259,2.107116
543,2.71,1872.685449,5.489831,6.277792,2.105885
544,2.715,1838.006089,5.509361,6.288318,2.104669
545,2.72,1722.408222,5.528089,6.298838,2.103505
546,2.725,1676.169075,5.545957,6.309353,2.102396
547,2.73,1699.288648,5.563694,6.319862,2.101295
548,2.735,1733.968009,5.581725,6.330366,2.100174
549,2.74,1838.006089,5.600474,6.340864,2.099006
550,2.745,1768.647369,5.619394,6.351356,2.097826
551,2.75,1884.245236,5.638547,6.361842,2.09663
552,2.755,1918.924596,5.658475,6.372322,2.095384
553,2.76,1988.283316,5.678937,6.382796,2.094101
554,2.765,1884.245236,5.699204,6.393263,2.092831
555,2.77,1942.04417,5.719218,6.403724,2.091576
556,2.775,1930.484383,5.739461,6.414179,2.090306
557,2.78,1942.04417,5.759691,6.424627,2.089035
558,2.785,1907.364809,5.779789,6.435069,2.087773
559,2.79,1838.006089,5.799332,6.445505,2.086545
560,2.795,1838.006089,5.818502,6.455935,2.085342
561,2.8,1791.766942,5.83742,6.466359,2.084154
562,2.805,1768.647369,5.855966,6.476777,2.08299
563,2.81,1745.527795,5.874261,6.487189,2.081842
564,2.815,1826.446302,5.892847,6.497595,2.080673
565,2.82,1895.805023,5.912203,6.507995,2.079454
566,2.825,2034.522463,5.932629,6.518389,2.078164
567,2.83,1988.283316,5.953522,6.528777,2.076842
568,2.835,2034.522463,5.974402,6.539158,2.075521
569,2.84,2069.201823,5.995689,6.549532,2.074171
570,2.845,2034.522463,6.016961,6.559899,2.072822
571,2.85,2022.962677,6.037981,6.57026,2.071489
572,2.855,1942.04417,6.058508,6.580614,2.070187
573,2.86,1976.72353,6.078783,6.590962,2.0689
574,2.865,1895.805023,6.098807,6.601303,2.06763
575,2.87,1884.245236,6.11834,6.611638,2.066391
576,2.875,1826.446302,6.137504,6.621967,2.065176
577,2.88,1826.446302,6.156358,6.63229,2.06398
578,2.885,1826.446302,6.175202,6.642607,2.062784
579,2.89,1918.924596,6.194511,6.652918,2.061557
580,2.895,1942.04417,6.214403,6.663223,2.060291
581,2.9,2022.962677,6.234819,6.673521,2.058989
582,2.905,2057.642037,6.255817,6.683812,2.057647
583,2.91,2092.321397,6.277158,6.694097,2.056282
584,2.915,2127.000757,6.298841,6.704375,2.054893
585,2.92,2080.76161,6.32045,6.714646,2.053509
586,2.925,2173.239904,6.342282,6.72491,2.052108
587,2.93,2161.680117,6.364513,6.735167,2.05068
588,2.935,2138.560544,6.386552,6.745417,2.049264
589,2.94,1999.843103,6.407747,6.75566,2.047903
590,2.945,1988.283316,6.428158,6.765896,2.046593
591,2.95,1930.484383,6.448202,6.776126,2.045307
592,2.955,1895.805023,6.467761,6.786349,2.044052
593,2.96,1942.04417,6.487367,6.796566,2.042793
594,2.965,1988.283316,6.507433,6.806777,2.041503
595,2.97,2069.201823,6.528134,6.816981,2.04017
596,2.975,2092.321397,6.549353,6.827179,2.038801
597,2.98,2069.201823,6.570557,6.837369,2.037432
598,2.985,2150.12033,6.592041,6.847553,2.036043
599,2.99,2265.718198,6.61451,6.85773,2.034588
600,2.995,2219.479051,6.637315,6.867899,2.033108
601,3,2207.919264,6.659811,6.878061,2.031649
602,3.005,2173.239904,6.682055,6.888215,2.030205
603,3.01,2138.560544,6.703932,6.898363,2.028785
604,3.015,2069.201823,6.725267,6.908503,2.0274
605,3.02,1988.283316,6.745825,6.918637,2.026067
606,3.025,1942.04417,6.765727,6.928764,2.024776
607,3.03,1988.283316,6.785616,6.938885,2.023486
608,3.035,2022.962677,6.805901,6.948999,2.022168
609,3.04,1930.484383,6.825881,6.959107,2.02087
610,3.045,2034.522463,6.845906,6.969208,2.019568
611,3.05,2080.76161,6.866677,6.979302,2.018215
612,3.055,2184.799691,6.888191,6.98939,2.016811
613,3.06,2207.919264,6.910331,6.99947,2.015363
614,3.065,2161.680117,6.932339,7.009543,2.013923
615,3.07,2207.919264,6.954332,7.019609,2.012483
616,3.075,2184.799691,6.976424,7.029668,2.011036
617,3.08,2161.680117,6.998269,7.03972,2.009604
618,3.085,2092.321397,7.019634,7.049764,2.008203
619,3.09,2069.201823,7.04052,7.059802,2.006834
620,3.095,2034.522463,7.061101,7.069833,2.005485
621,3.1,2034.522463,7.081496,7.079857,2.004147
622,3.105,1953.603956,7.101471,7.089874,2.002838
623,3.11,1942.04417,7.120971,7.099885,2.001559
624,3.115,1965.163743,7.140516,7.10989,2.000277
625,3.12,1942.04417,7.160048,7.119888,1.998995
626,3.125,2034.522463,7.179915,7.12988,1.997689
627,3.13,2080.76161,7.20046,7.139865,1.996335
628,3.135,2150.12033,7.221568,7.149843,1.994943
629,3.14,2207.919264,7.243296,7.159814,1.993507
630,3.145,2184.799691,7.26518,7.169778,1.992059
631,3.15,2080.76161,7.286416,7.179735,1.990655
632,3.155,2080.76161,7.307119,7.189685,1.989286
633,3.16,2103.881184,7.327923,7.199628,1.987909
634,3.165,1965.163743,7.348139,7.209564,1.986572
635,3.17,1953.603956,7.367595,7.219493,1.985285
636,3.175,1884.245236,7.386637,7.229417,1.984027
637,3.18,1884.245236,7.405323,7.239334,1.982792
638,3.185,1895.805023,7.424055,7.249245,1.981553
639,3.19,1872.685449,7.442718,7.259149,1.980318
640,3.195,1861.125662,7.461197,7.269048,1.979094
641,3.2,1999.843103,7.480294,7.27894,1.977828
642,3.205,1999.843103,7.500064,7.288826,1.976514
643,3.21,2115.44097,7.520392,7.298705,1.975161
644,3.215,2138.560544,7.54139,7.308577,1.97376
645,3.22,2161.680117,7.562601,7.318443,1.972344
646,3.225,2161.680117,7.583912,7.328301,1.97092
647,3.23,2150.12033,7.60515,7.338152,1.9695
648,3.235,2069.201823,7.625917,7.347996,1.968111
649,3.24,2034.522463,7.646102,7.357833,1.966762
650,3.245,2057.642037,7.666216,7.367664,1.965417
651,3.25,2011.40289,7.686202,7.377487,1.964079
652,3.255,1953.603956,7.705665,7.387304,1.962777
653,3.26,1930.484383,7.724718,7.397115,1.961503
654,3.265,1999.843103,7.743985,7.406919,1.960213
655,3.27,2022.962677,7.763692,7.416717,1.958891
656,3.275,2115.44097,7.783952,7.426508,1.95753
657,3.28,2138.560544,7.804762,7.436292,1.956129
658,3.285,2231.038838,7.826123,7.446069,1.954689
659,3.29,2300.397558,7.848258,7.455839,1.953194
660,3.295,2277.277984,7.870603,7.465601,1.951684
661,3.3,2311.957345,7.892986,7.475356,1.950169
662,3.305,2277.277984,7.915351,7.485103,1.948654
663,3.31,2254.158411,7.937419,7.494843,1.947159
664,3.315,2277.277984,7.959469,7.504575,1.945664
665,3.32,2196.359477,7.981221,7.514299,1.944189
666,3.325,2103.881184,8.002115,7.524017,1.942773
667,3.33,2069.201823,8.022376,7.533727,1.9414
668,3.335,2115.44097,8.042679,7.543431,1.940023
669,3.34,2173.239904,8.063472,7.553127,1.938611
670,3.345,2173.239904,8.084529,7.562817,1.937179
671,3.35,2219.479051,8.105795,7.572499,1.935731
672,3.355,2323.517131,8.127771,7.582174,1.934232
673,3.36,2381.316065,8.150512,7.591841,1.932678
674,3.365,2404.435638,8.173626,7.601501,1.931096
675,3.37,2427.555212,8.196944,7.611152,1.929499
676,3.375,2392.875852,8.220187,7.620796,1.927905
677,3.38,2392.875852,8.243244,7.630431,1.926324
678,3.385,2404.435638,8.266337,7.640059,1.924738
679,3.39,2392.875852,8.289412,7.649679,1.923153
680,3.395,2346.636705,8.31219,7.65929,1.921587
681,3.4,2277.277984,8.334394,7.668895,1.92006
682,3.405,2207.919264,8.355915,7.678491,1.918581
683,3.41,2219.479051,8.377143,7.68808,1.917121
684,3.415,2254.158411,8.398576,7.697662,1.915646
685,3.42,2323.517131,8.42049,7.707237,1.914135
686,3.425,2335.076918,8.442774,7.716804,1.912597
687,3.43,2427.555212,8.465537,7.726363,1.911023
688,3.435,2473.794359,8.488944,7.735914,1.909402
689,3.44,2543.153079,8.512882,7.745457,1.907742
690,3.445,2543.153079,8.537129,7.754991,1.906058
691,3.45,2543.153079,8.561356,7.764517,1.904374
692,3.455,2531.593292,8.585505,7.774035,1.902693
693,3.46,2520.033506,8.609524,7.783544,1.901021
694,3.465,2439.114999,8.633083,7.793045,1.89938
695,3.47,2427.555212,8.656182,7.802538,1.897771
696,3.475,2369.756278,8.678933,7.812023,1.896186
697,3.48,2392.875852,8.701501,7.8215,1.894612
698,3.485,2346.636705,8.723941,7.830969,1.893046
699,3.49,2311.957345,8.745979,7.84043,1.891508
700,3.495,2427.555212,8.768382,7.849884,1.889942
701,3.5,2415.995425,8.791257,7.85933,1.88834
702,3.505,2485.354145,8.814385,7.868767,1.886719
703,3.51,2543.153079,8.838093,7.878197,1.885055
704,3.515,2543.153079,8.862053,7.887618,1.883371
705,3.52,2566.272652,8.886099,7.89703,1.881679
706,3.525,2554.712866,8.910178,7.906435,1.879983
707,3.53,2554.712866,8.934182,7.91583,1.878291
708,3.535,2577.832439,8.958272,7.925218,1.876591
709,3.54,2485.354145,8.982015,7.934596,1.874915
710,3.545,2462.234572,9.005196,7.943967,1.873278
711,3.55,2404.435638,9.027978,7.953329,1.871669
712,3.555,2392.875852,9.050416,7.962684,1.870083
713,3.56,2358.196491,9.072619,7.97203,1.868514
714,3.565,2427.555212,9.094965,7.981369,1.866932
715,3.57,2473.794359,9.117831,7.990699,1.865311
716,3.575,2485.354145,9.140947,8.000022,1.86367
717,3.58,2520.033506,9.164257,8.009336,1.862014
718,3.585,2473.794359,9.187493,8.018642,1.860361
719,3.59,2566.272652,9.210923,8.027939,1.858693
720,3.595,2600.952013,9.234923,8.037229,1.856981
721,3.6,2647.191159,9.259276,8.046509,1.855242
722,3.605,2612.511799,9.283659,8.055781,1.853499
723,3.61,2543.153079,9.307539,8.065044,1.851791
724,3.615,2531.593292,9.331021,8.074299,1.850111
725,3.62,2520.033506,9.354376,8.083545,1.848439
726,3.625,2462.234572,9.377389,8.092784,1.84679
727,3.63,2450.674785,9.400062,8.102013,1.845165
728,3.635,2427.555212,9.422555,8.111235,1.843552
729,3.64,2462.234572,9.445082,8.120449,1.841935
730,3.645,2427.555212,9.467589,8.129655,1.840318
731,3.65,2427.555212,9.489916,8.138852,1.838712
732,3.655,2508.473719,9.512596,8.148042,1.83708
733,3.66,2543.153079,9.535786,8.157223,1.835407
734,3.665,2520.033506,9.559008,8.166396,1.833731
735,3.67,2554.712866,9.582261,8.17556,1.832051
736,3.675,2577.832439,9.605758,8.184716,1.830351
737,3.68,2566.272652,9.629286,8.193864,1.828647
738,3.685,2508.473719,9.652475,8.203003,1.826967
739,3.69,2485.354145,9.675274,8.212133,1.825315
740,3.695,2427.555212,9.697683,8.221256,1.82369
741,3.7,2415.995425,9.719756,8.23037,1.822088
742,3.705,2415.995425,9.741757,8.239477,1.820491
743,3.71,2392.875852,9.763634,8.248575,1.818901
744,3.715,2358.196491,9.785229,8.257666,1.817332
745,3.72,2392.875852,9.806806,8.266749,1.815762
746,3.725,2415.995425,9.828625,8.275823,1.814172
747,3.73,2473.794359,9.850793,8.28489,1.812555
748,3.735,2473.794359,9.873202,8.293949,1.810918
749,3.74,2485.354145,9.895643,8.302999,1.809278
750,3.745,2577.832439,9.918534,8.312042,1.807601
751,3.75,2577.832439,9.941822,8.321075,1.805894
752,3.755,2554.712866,9.964983,8.330101,1.804194
753,3.76,2531.593292,9.987914,8.339117,1.80251
754,3.765,2508.473719,10.010616,8.348126,1.800842
755,3.77,2462.234572,10.032984,8.357126,1.799197
756,3.775,2485.354145,10.055228,8.366118,1.79756
757,3.78,2450.674785,10.0774,8.375101,1.795927
758,3.785,2462.234572,10.099448,8.384077,1.794302
759,3.79,2496.913932,10.121683,8.393044,1.792661
760,3.795,2554.712866,10.144312,8.402003,1.790989
761,3.8,2566.272652,10.167231,8.410954,1.789293
762,3.805,2658.750946,10.190592,8.419896,1.787562
763,3.81,2670.310733,10.214395,8.42883,1.785795
764,3.815,2670.310733,10.238226,8.437754,1.784024
765,3.82,2704.990093,10.262189,8.44667,1.782242
766,3.825,2751.22924,10.286487,8.455577,1.780432
767,3.83,2797.468387,10.311172,8.464474,1.77859
768,3.835,2809.028174,10.336088,8.473362,1.776729
769,3.84,2739.669453,10.360721,8.482242,1.774887
770,3.845,2716.54988,10.38492,8.491111,1.773077
771,3.85,2681.87052,10.408837,8.499972,1.771287
772,3.855,2693.430306,10.432628,8.508824,1.769504
773,3.86,2670.310733,10.456344,8.517667,1.767726
774,3.865,2681.87052,10.479985,8.526502,1.765951
775,3.87,2704.990093,10.503755,8.535327,1.764164
776,3.875,2774.348813,10.527909,8.544143,1.762346
777,3.88,2785.9086,10.552394,8.55295,1.760501
778,3.885,2797.468387,10.576955,8.561748,1.758647
779,3.89,2866.827107,10.601845,8.570537,1.756766
780,3.895,2843.707534,10.626912,8.579316,1.75487
781,3.9,2855.26732,10.651901,8.588085,1.752977
782,3.905,2855.26732,10.676913,8.596846,1.75108
783,3.91,2832.147747,10.701798,8.605596,1.749191
784,3.915,2820.58796,10.726504,8.614337,1.747314
785,3.92,2785.9086,10.750981,8.623069,1.745453
786,3.925,2704.990093,10.774929,8.631792,1.743631
787,3.93,2774.348813,10.798802,8.640506,1.741813
788,3.935,2728.109667,10.82275,8.64921,1.739987
789,3.94,2751.22924,10.846572,8.657906,1.738169
790,3.945,2774.348813,10.870571,8.666592,1.736335
791,3.95,2809.028174,10.894794,8.675269,1.734482
792,3.955,2913.066254,10.919592,8.683937,1.732581
793,3.96,2901.506467,10.944764,8.692595,1.730649
794,3.965,2855.26732,10.969658,8.701243,1.728736
795,3.97,2889.946681,10.994474,8.709882,1.726828
796,3.975,2866.827107,11.019312,8.718511,1.724915
797,3.98,2913.066254,11.044223,8.727131,1.722995
798,3.985,2855.26732,11.069056,8.735741,1.721078
799,3.99,2843.707534,11.093564,8.744342,1.719186
800,3.995,2762.789027,11.117648,8.752933,1.717324
801,4,2728.109667,11.141209,8.761515,1.715502
802,4.005,2728.109667,11.164597,8.770088,1.713692
803,4.01,2704.990093,11.187862,8.778652,1.71189
804,4.015,2693.430306,11.210953,8.787207,1.7101
805,4.02,2693.430306,11.233972,8.795753,1.708313
806,4.025,2774.348813,11.257311,8.80429,1.706499
807,4.03,2774.348813,11.28097,8.812818,1.704657
808,4.035,2809.028174,11.304751,8.821337,1.702804
809,4.04,2832.147747,11.328753,8.829846,1.700931
810,4.045,2878.386894,11.353022,8.838346,1.699034
811,4.05,2866.827107,11.377412,8.846836,1.697126
812,4.055,2843.707534,11.401627,8.855317,1.695229
813,4.06,2809.028174,11.42557,8.863789,1.693352
814,4.065,2774.348813,11.449194,8.872251,1.691498
815,4.07,2751.22924,11.472548,8.880704,1.689664
816,4.075,2681.87052,11.495486,8.889148,1.687862
817,4.08,2658.750946,11.51801,8.897583,1.686092
818,4.085,2647.191159,11.540364,8.906009,1.684333
819,4.09,2693.430306,11.562841,8.914426,1.682562
820,4.095,2670.310733,11.585391,8.922834,1.680783
821,4.1,2739.669453,11.608111,8.931234,1.678989
822,4.105,2728.109667,11.631049,8.939624,1.677175
823,4.11,2762.789027,11.65406,8.948005,1.675353
824,4.115,2728.109667,11.677045,8.956378,1.673531
825,4.12,2774.348813,11.700054,8.964741,1.671705
826,4.125,2716.54988,11.72299,8.973095,1.669883
827,4.13,2728.109667,11.745707,8.98144,1.668077
828,4.135,2751.22924,11.768545,8.989775,1.666259
829,4.14,2693.430306,11.791213,8.998102,1.664453
830,4.145,2716.54988,11.813712,9.00642,1.662659
831,4.15,2693.430306,11.836188,9.014729,1.660864
832,4.155,2647.191159,11.858351,9.023029,1.659093
833,4.16,2681.87052,11.880443,9.03132,1.657327
834,4.165,2716.54988,11.902798,9.039602,1.655536
835,4.17,2728.109667,11.92532,9.047875,1.65373
836,4.175,2751.22924,11.947961,9.056139,1.651912
837,4.18,2809.028174,11.970911,9.064394,1.650067
838,4.185,2797.468387,11.994025,9.07264,1.648205
839,4.19,2809.028174,12.017114,9.080876,1.646344
840,4.195,2809.028174,12.040224,9.089103,1.644479
841,4.2,2785.9086,12.063213,9.097321,1.642621
842,4.205,2774.348813,12.086034,9.105529,1.640776
843,4.21,2785.9086,12.108829,9.113729,1.63893
844,4.215,2832.147747,12.131834,9.121919,1.637065
845,4.22,2774.348813,12.154767,9.130099,1.635204
846,4.225,2762.789027,12.17739,9.138271,1.633366
847,4.23,2739.669453,12.199847,9.146433,1.63154
848,4.235,2658.750946,12.221854,9.154586,1.62975
849,4.24,2589.392226,12.243226,9.162731,1.62801
850,4.245,2635.631373,12.26448,9.170866,1.626279
851,4.25,2751.22924,12.286369,9.178993,1.624493
852,4.255,2785.9086,12.308844,9.187111,1.622655
853,4.26,2843.707534,12.331668,9.19522,1.620786
854,4.265,2878.386894,12.35484,9.203319,1.618885
855,4.27,2936.185827,12.378359,9.211409,1.616953
856,4.275,2936.185827,12.402083,9.219488,1.615001
857,4.28,2878.386894,12.425545,9.227559,1.613069
858,4.285,2878.386894,12.448747,9.235619,1.611156
859,4.29,2913.066254,12.47206,9.24367,1.609232
860,4.295,2889.946681,12.495392,9.251711,1.607304
861,4.3,2866.827107,12.518511,9.259743,1.605391
862,4.305,2739.669453,12.540999,9.267766,1.60353
863,4.31,2785.9086,12.563138,9.275779,1.601696
864,4.315,2728.109667,12.585205,9.283782,1.599866
865,4.32,2670.310733,12.606785,9.291777,1.598076
866,4.325,2704.990093,12.628248,9.299763,1.596293
867,4.33,2716.54988,12.649872,9.30774,1.594495
868,4.335,2820.58796,12.671931,9.315708,1.592657
869,4.34,2785.9086,12.694241,9.323667,1.590796
870,4.345,2716.54988,12.716112,9.331616,1.58897
871,4.35,2809.028174,12.738049,9.339556,1.587136
872,4.355,2832.147747,12.760419,9.347487,1.585263
873,4.36,2866.827107,12.782991,9.355409,1.58337
874,4.365,2832.147747,12.805537,9.363321,1.581477
875,4.37,2704.990093,12.827417,9.371224,1.57964
876,4.375,2751.22924,12.848951,9.379118,1.57783
877,4.38,2728.109667,12.870553,9.387002,1.576012
878,4.385,2832.147747,12.892447,9.394878,1.574166
879,4.39,2843.707534,12.914771,9.402744,1.572281
880,4.395,2785.9086,12.936886,9.4106,1.570412
881,4.4,2820.58796,12.958884,9.418448,1.568551
882,4.405,2785.9086,12.980856,9.426286,1.566689
883,4.41,2751.22924,13.002531,9.434115,1.564852
884,4.415,2785.9086,13.02418,9.441935,1.563014
885,4.42,2878.386894,13.0463,9.449745,1.561133
886,4.425,2889.946681,13.068799,9.457546,1.559216
887,4.43,2797.468387,13.090956,9.465337,1.557328
888,4.435,2820.58796,13.112815,9.473119,1.555462
889,4.44,2785.9086,13.134604,9.480892,1.553601
890,4.445,2820.58796,13.156367,9.488655,1.55174
891,4.45,2785.9086,13.178103,9.496409,1.549878
892,4.455,2751.22924,13.199545,9.504154,1.548041
893,4.46,2774.348813,13.220917,9.51189,1.546207
894,4.465,2751.22924,13.242264,9.519616,1.544373
895,4.47,2762.789027,13.26354,9.527333,1.542543
896,4.475,2797.468387,13.28497,9.535041,1.540698
897,4.48,2832.147747,13.30664,9.54274,1.538829
898,4.485,2878.386894,13.328596,9.55043,1.536932
899,4.49,2924.626041,13.350879,9.558109,1.535004
900,4.495,2878.386894,13.373134,9.56578,1.533075
901,4.5,2901.506467,13.395272,9.57344,1.531155
902,4.505,2878.386894,13.417383,9.581091,1.529235
903,4.51,2878.386894,13.439378,9.588733,1.527322
904,4.515,2785.9086,13.460993,9.596365,1.525441
905,4.52,2762.789027,13.482141,9.603987,1.523599
906,4.525,2762.789027,13.503175,9.611601,1.521766
907,4.53,2832.147747,13.524448,9.619205,1.519908
908,4.535,2820.58796,13.545913,9.6268,1.518031
909,4.54,2785.9086,13.567178,9.634385,1.51617
910,4.545,2820.58796,13.588415,9.641961,1.514309
911,4.55,2855.26732,13.609889,9.649528,1.512424
912,4.555,2924.626041,13.63173,9.657085,1.510503
913,4.56,2959.305401,13.653934,9.664633,1.508547
914,4.565,2924.626041,13.676111,9.672171,1.506591
915,4.57,2970.865188,13.698301,9.679699,1.504632
916,4.575,2970.865188,13.720637,9.687217,1.502656
917,4.58,2889.946681,13.74264,9.694726,1.500708
918,4.585,2832.147747,13.764094,9.702224,1.498807
919,4.59,2820.58796,13.785262,9.709714,1.49693
920,4.595,2728.109667,13.806014,9.717194,1.495089
921,4.6,2635.631373,13.826051,9.724665,1.49331
922,4.605,2554.712866,13.845417,9.732127,1.491591
923,4.61,2624.071586,13.864717,9.739581,1.489875
924,4.615,2681.87052,13.884468,9.747026,1.488116
925,4.62,2681.87052,13.904411,9.754462,1.486338
926,4.625,2785.9086,13.924716,9.761889,1.484524
927,4.63,2820.58796,13.94551,9.769307,1.482662
928,4.635,2936.185827,13.966835,9.776715,1.48075
929,4.64,2913.066254,13.988474,9.784114,1.478806
930,4.645,2970.865188,14.010212,9.791503,1.47685
931,4.65,2959.305401,14.032092,9.798883,1.474878
932,4.655,2913.066254,14.053731,9.806252,1.472926
933,4.66,2843.707534,14.074915,9.813612,1.471014
934,4.665,2693.430306,14.095266,9.820963,1.469176
935,4.67,2647.191159,14.11487,9.828304,1.467405
936,4.675,2577.832439,14.134027,9.835637,1.465674
937,4.68,2577.832439,14.152907,9.842961,1.463966
938,4.685,2635.631373,14.171977,9.850276,1.462239
939,4.69,2589.392226,14.191066,9.857583,1.460508
940,4.695,2635.631373,14.210133,9.864881,1.458776
941,4.7,2728.109667,14.229682,9.872171,1.456998
942,4.705,2866.827107,14.250048,9.879451,1.45514
943,4.71,2947.745614,14.271186,9.886722,1.453208
944,4.715,2982.424974,14.292716,9.893983,1.451236
945,4.72,2936.185827,14.314175,9.901234,1.449269
946,4.725,2947.745614,14.335479,9.908476,1.447313
947,4.73,2889.946681,14.356587,9.915708,1.445373
948,4.735,2866.827107,14.377375,9.92293,1.44346
949,4.74,2809.028174,14.397844,9.930142,1.441575
950,4.745,2716.54988,14.417746,9.937346,1.439742
951,4.75,2681.87052,14.437165,9.94454,1.437951
952,4.755,2681.87052,14.456435,9.951725,1.436173
953,4.76,2635.631373,14.475515,9.958902,1.43441
954,4.765,2670.310733,14.494531,9.966069,1.432651
955,4.77,2716.54988,14.513812,9.973228,1.430864
956,4.775,2774.348813,14.533441,9.980378,1.429042
957,4.78,2913.066254,14.553747,9.987518,1.427154
958,4.785,2947.745614,14.574643,9.994649,1.425206
959,4.79,3005.544548,14.59584,10.00177,1.423226
960,4.795,3040.223908,14.617336,10.008881,1.421215
961,4.8,3017.104335,14.638842,10.015982,1.4192
962,4.805,3028.664121,14.660277,10.023073,1.417189
963,4.81,2982.424974,14.68156,10.030154,1.41519
964,4.815,2866.827107,14.70224,10.037225,1.413246
965,4.82,2855.26732,14.722444,10.044287,1.411345
966,4.825,2809.028174,14.742416,10.051339,1.409464
967,4.83,2785.9086,14.762118,10.058382,1.407607
968,4.835,2785.9086,14.781712,10.065415,1.405757
969,4.84,2774.348813,14.80124,10.072439,1.403912
970,4.845,2866.827107,14.821026,10.079454,1.402039
971,4.85,2982.424974,14.841514,10.086459,1.400095
972,4.855,3086.463055,14.862741,10.093455,1.398076
973,4.86,3190.501135,14.884663,10.10044,1.395986
974,4.865,3202.060922,14.906956,10.107415,1.393857
975,4.87,3178.941349,14.929175,10.114379,1.391732
976,4.875,3144.261988,14.951159,10.121332,1.389626
977,4.88,3132.702202,14.972949,10.128275,1.387536
978,4.885,3086.463055,14.994506,10.135207,1.385466
979,4.89,3063.343481,15.015791,10.14213,1.38342
980,4.895,2970.865188,15.036646,10.149042,1.381413
981,4.9,2855.26732,15.056753,10.155944,1.379477
982,4.905,2774.348813,15.076155,10.162837,1.377607
983,4.91,2716.54988,15.095053,10.16972,1.375785
984,4.915,2797.468387,15.114006,10.176594,1.373956
985,4.92,2913.066254,15.133607,10.183459,1.372059
986,4.925,3028.664121,15.153973,10.190315,1.370083
987,4.93,3109.582628,15.174982,10.19716,1.368041
988,4.935,3155.821775,15.196394,10.203995,1.365955
989,4.94,3248.300069,15.218246,10.21082,1.363822
990,4.945,3282.979429,15.240497,10.217633,1.361645
991,4.95,3248.300069,15.262712,10.224436,1.359469
992,4.955,3213.620709,15.284657,10.231228,1.357316
993,4.96,3155.821775,15.306254,10.238009,1.355195
994,4.965,3063.343481,15.327308,10.24478,1.353125
995,4.97,2924.626041,15.34755,10.251541,1.351134
996,4.975,2843.707534,15.367021,10.258292,1.349217
997,4.98,2832.147747,15.386152,10.265033,1.347332
998,4.985,2820.58796,15.405179,10.271765,1.345455
999,4.99,2820.58796,15.424141,10.278488,1.343582
1000,4.995,2820.58796,15.443076,10.285201,1.341709
1001,5,2970.865188,15.462488,10.291904,1.339785
1002,5.005,3109.582628,15.482838,10.298598,1.337762
1003,5.01,3190.501135,15.503892,10.305282,1.335664
1004,5.015,3190.501135,15.525182,10.311955,1.333539
1005,5.02,3144.261988,15.546285,10.318617,1.331429
1006,5.025,3202.060922,15.567392,10.325269,1.329316
1007,5.03,3202.060922,15.588657,10.33191,1.327183
1008,5.035,3132.702202,15.609659,10.338541,1.325073
1009,5.04,3017.104335,15.630016,10.345161,1.323027
1010,5.045,2924.626041,15.649655,10.351772,1.321051
1011,5.05,2797.468387,15.668539,10.358372,1.319151
1012,5.055,2739.669453,15.686787,10.364963,1.317313
1013,5.06,2728.109667,15.704782,10.371545,1.315499
1014,5.065,2809.028174,15.722979,10.378118,1.313661
1015,5.07,2855.26732,15.741568,10.384682,1.31178
1016,5.075,2936.185827,15.760547,10.391236,1.309856
1017,5.08,2970.865188,15.779876,10.39778,1.307892
1018,5.085,2993.984761,15.799365,10.404315,1.305909
1019,5.09,3086.463055,15.8192,10.410839,1.303886
1020,5.095,3155.821775,15.839532,10.417353,1.301808
1021,5.1,3132.702202,15.859982,10.423857,1.299714
1022,5.105,3028.664121,15.879986,10.430351,1.297664
1023,5.11,2970.865188,15.899435,10.436834,1.295669
1024,5.115,2901.506467,15.918442,10.443307,1.293717
1025,5.12,2785.9086,15.936824,10.449771,1.291828
1026,5.125,2728.109667,15.954619,10.456226,1.289998
1027,5.13,2716.54988,15.972166,10.462671,1.288192
1028,5.135,2681.87052,15.989539,10.469108,1.286401
1029,5.14,2693.430306,16.006814,10.475535,1.284619
1030,5.145,2762.789027,16.024325,10.481954,1.282809
1031,5.15,2913.066254,16.042514,10.488363,1.280924
1032,5.155,2993.984761,16.061415,10.494763,1.27896
1033,5.16,3098.022842,16.080878,10.501153,1.276933
1034,5.165,3098.022842,16.100642,10.507532,1.274871
1035,5.17,3178.941349,16.120631,10.513901,1.272781
1036,5.175,3144.261988,16.140735,10.52026,1.270676
1037,5.18,3144.261988,16.160695,10.526608,1.268582
1038,5.185,3063.343481,16.180366,10.532946,1.266516
1039,5.19,3017.104335,16.199603,10.539273,1.264493
1040,5.195,2924.626041,16.218372,10.545591,1.262518
1041,5.2,2913.066254,16.236784,10.551899,1.260578
1042,5.205,2889.946681,16.255058,10.558197,1.258649
1043,5.21,2878.386894,16.273195,10.564485,1.256733
1044,5.215,2889.946681,16.291304,10.570764,1.254816
1045,5.22,2924.626041,16.30953,10.577033,1.252884
1046,5.225,2947.745614,16.327909,10.583293,1.250932
1047,5.23,3040.223908,16.346621,10.589543,1.248941
1048,5.235,3144.261988,16.365915,10.595782,1.246883
1049,5.24,3259.859856,16.38586,10.602011,1.24475
1050,5.245,3259.859856,16.406131,10.60823,1.242577
1051,5.25,3271.419642,16.426402,10.614437,1.240401
1052,5.255,3225.180496,16.446531,10.620634,1.238236
1053,5.26,3167.381562,16.466303,10.626819,1.236107
1054,5.265,3051.783695,16.485506,10.632995,1.234037
1055,5.27,2970.865188,16.504071,10.63916,1.232034
1056,5.275,2959.305401,16.522322,10.645315,1.230062
1057,5.28,2878.386894,16.54026,10.651461,1.228122
1058,5.285,2889.946681,16.557957,10.657596,1.226206
1059,5.29,2878.386894,16.575626,10.663723,1.224289
1060,5.295,2924.626041,16.593373,10.669839,1.222361
1061,5.3,3017.104335,16.611516,10.675946,1.220385
1062,5.305,3074.903268,16.630086,10.682043,1.218359
1063,5.31,3121.142415,16.648943,10.68813,1.216296
1064,5.315,3225.180496,16.668223,10.694206,1.214183
1065,5.32,3248.300069,16.687856,10.700271,1.212026
1066,5.325,3294.539216,16.707663,10.706326,1.209846
1067,5.33,3259.859856,16.72747,10.71237,1.207662
1068,5.335,3202.060922,16.746962,10.718403,1.205509
1069,5.34,3051.783695,16.765794,10.724425,1.203427
1070,5.345,3051.783695,16.784141,10.730437,1.201396
1071,5.35,2982.424974,16.80225,10.736439,1.199389
1072,5.355,2924.626041,16.819948,10.742431,1.197425
1073,5.36,2936.185827,16.837478,10.748413,1.195477
1074,5.365,2947.745614,16.855049,10.754386,1.193522
1075,5.37,2993.984761,16.872763,10.760349,1.191546
1076,5.375,3063.343481,16.890792,10.766301,1.189531
1077,5.38,3086.463055,16.909065,10.772244,1.187485
1078,5.385,3190.501135,16.927682,10.778176,1.185395
1079,5.39,3225.180496,16.946678,10.784098,1.183258
1080,5.395,3259.859856,16.965844,10.790009,1.181097
1081,5.4,3271.419642,16.985111,10.795909,1.178921
1082,5.405,3225.180496,17.004241,10.801798,1.176756
1083,5.41,3202.060922,17.023132,10.807676,1.174615
1084,5.415,3040.223908,17.041447,10.813544,1.172537
1085,5.42,2970.86519,17.059053,10.819402,1.170538
1086,5.425,2955.45214,17.07646,10.82525,1.168559
1087,5.43,2908.44234,17.093669,10.831087,1.166599
1088,5.435,2904.80926,17.110478,10.836916,1.164682
1089,5.44,2941.32351,17.126991,10.842734,1.162797
1090,5.445,2961.40718,17.143377,10.848544,1.160924
1091,5.45,2977.08969,17.160171,10.854343,1.159
1092,5.455,2981.65432,17.17764,10.860133,1.156993
1093,5.46,2980.38501,17.195379,10.865913,1.15495
1094,5.465,2966.60632,17.213054,10.871683,1.152912
1095,5.47,2960.9568,17.23063,10.877442,1.150881
1096,5.475,2964.834,17.248242,10.883192,1.148842
1097,5.48,2974.10193,17.265823,10.888931,1.146804
1098,5.485,2985.42196,17.283175,10.89466,1.144789
1099,5.49,2992.78892,17.300396,10.900379,1.142786
1100,5.495,2993.98476,17.317555,10.906088,1.140787
1101,5.5,2987.32913,17.334486,10.911787,1.138811
1102,5.505,2967.89267,17.351026,10.917476,1.136879
1103,5.51,2936.49825,17.36721,10.923156,1.134986
1104,5.515,2910.10221,17.383433,10.928826,1.133085
1105,5.52,2893.04809,17.39989,10.934486,1.131153
1106,5.525,2884.83887,17.416579,10.940137,1.129189
1107,5.53,2881.72639,17.433533,10.945778,1.12719
1108,5.535,2870.0245,17.450718,10.951409,1.12516
1109,5.54,2852.67227,17.468033,10.95703,1.123109
1110,5.545,2824.89455,17.485479,10.96264,1.121039
1111,5.55,2798.12271,17.50299,10.96824,1.118957
1112,5.555,2783.59664,17.520403,10.97383,1.116883
1113,5.56,2780.23011,17.537656,10.979409,1.114825
1114,5.565,2781.99003,17.554684,10.984978,1.11279
1115,5.57,2780.79197,17.571424,10.990537,1.110787
1116,5.575,2774.71579,17.587813,10.996086,1.108823
1117,5.58,2758.69864,17.603789,11.001625,1.106907
1118,5.585,2740.18706,17.619227,11.007155,1.105054
1119,5.59,2725.93174,17.633843,11.012676,1.103299
1120,5.595,2719.80616,17.647479,11.018188,1.101662
1121,5.6,2721.93389,17.660619,11.023693,1.100084
1122,5.605,2723.48575,17.67374,11.029189,1.098506
1123,5.61,2720.90357,17.687031,11.034678,1.096905
1124,5.615,2714.20866,17.700684,11.040158,1.095256
1125,5.62,2703.13482,17.714695,11.04563,1.093561
1126,5.625,2691.89829,17.729126,11.051094,1.091809
1127,5.63,2686.08644,17.743943,11.056548,1.090007
1128,5.635,2686.65388,17.759082,11.061994,1.088162
1129,5.64,2689.53375,17.774384,11.06743,1.086292
1130,5.645,2692.79515,17.789283,11.072857,1.084471
1131,5.65,2692.18732,17.803407,11.078275,1.082743
1132,5.655,2686.49443,17.817008,11.083684,1.081079
1133,5.66,2677.58029,17.830214,11.089086,1.079462
1134,5.665,2671.12809,17.842559,11.094479,1.077951
1135,5.67,2667.56385,17.854109,11.099865,1.076539
1136,5.675,2664.58807,17.86524,11.105245,1.075178
1137,5.68,2662.18455,17.876605,11.110617,1.073785
1138,5.685,2660.81111,17.888792,11.115982,1.072286
1139,5.69,2659.20876,17.901642,11.12134,1.0707
1140,5.695,2658.40759,17.915338,11.126689,1.069005
1141,5.7,2656.91969,17.929692,11.13203,1.067222
1142,5.705,2652.91383,17.944452,11.137361,1.065384
1143,5.71,2646.38999,17.959526,11.142683,1.063503
1144,5.715,2638.49271,17.974388,11.147996,1.061646
1145,5.72,2630.02316,17.988949,11.1533,1.059824
1146,5.725,2621.0958,18.00321,11.158595,1.058038
1147,5.73,2612.05399,18.016898,11.16388,1.056322
1148,5.735,2604.15671,18.029771,11.169158,1.054709
1149,5.74,2598.09068,18.04165,11.174428,1.053222
1150,5.745,2593.05473,18.052813,11.17969,1.051825
1151,5.75,2589.62113,18.064053,11.184946,1.050417
1152,5.755,2587.21761,18.075429,11.190195,1.048989
1153,5.76,2586.41644,18.087213,11.195436,1.047506
1154,5.765,2586.41644,18.099706,11.200669,1.045928
1155,5.77,2585.72972,18.112813,11.205895,1.044267
1156,5.775,2582.86839,18.126593,11.211112,1.042516
1157,5.78,2578.06135,18.141162,11.21632,1.040659
1158,5.785,2571.65196,18.156065,11.221518,1.038754
1159,5.79,2564.21249,18.170492,11.226707,1.036909
1160,5.795,2555.62849,18.184384,11.231888,1.03513
1161,5.8,2546.24332,18.197954,11.237059,1.033391
1162,5.805,2537.31596,18.211203,11.242222,1.031691
1163,5.81,2529.30423,18.223865,11.247376,1.030066
1164,5.815,2522.55148,18.235883,11.252522,1.028524
1165,5.82,2517.28663,18.247526,11.257661,1.027029
1166,5.825,2513.62412,18.259064,11.262793,1.025546
1167,5.83,2511.79287,18.270525,11.267917,1.02407
1168,5.835,2511.10615,18.282384,11.273033,1.02254
1169,5.84,2511.44951,18.294874,11.278142,1.020923
1170,5.845,2512.82295,18.30808,11.283242,1.019207
1171,5.85,2514.99756,18.321882,11.288334,1.017409
1172,5.855,2516.371,18.335953,11.293416,1.015571
1173,5.86,2515.79873,18.350233,11.298489,1.013702
1174,5.865,2513.50967,18.364662,11.303553,1.011809
1175,5.87,2510.19052,18.379006,11.308608,1.009924
1176,5.875,2505.95575,18.392857,11.313653,1.008102
1177,5.88,2500.69089,18.406276,11.318689,1.006336
1178,5.885,2495.42604,18.419062,11.323716,1.004652
1179,5.89,2490.39009,18.431218,11.328735,1.00305
1180,5.895,2487.07095,18.442804,11.333747,1.001524
1181,5.9,2486.26977,18.454084,11.338751,1.000037
1182,5.905,2487.87212,18.465548,11.343747,0.998522
1183,5.91,2490.39009,18.477313,11.348736,0.996964
1184,5.915,2494.51041,18.489432,11.353717,0.995355
1185,5.92,2500.80535,18.50182,11.358689,0.993706
1186,5.925,2506.64247,18.514703,11.363654,0.991986
1187,5.93,2512.59404,18.528107,11.368609,0.990192
1188,5.935,2516.25655,18.541744,11.373555,0.988362
1189,5.94,2517.62999,18.555242,11.378493,0.986548
1190,5.945,2516.94327,18.56863,11.383421,0.984746
1191,5.95,2513.73857,18.581937,11.38834,0.982952
1192,5.955,2511.33505,18.594794,11.393251,0.981216
1193,5.96,2508.01591,18.606977,11.398153,0.979572
1194,5.965,2505.15457,18.618433,11.403047,0.978025
1195,5.97,2503.89559,18.629364,11.407933,0.97655
1196,5.975,2503.78113,18.639967,11.412812,0.975118
1197,5.98,2505.38348,18.650471,11.417684,0.973698
1198,5.985,2508.81708,18.661212,11.422549,0.972242
1199,5.99,2513.62412,18.672498,11.427406,0.970708
1200,5.995,2520.72023,18.684382,11.432256,0.969087
1201,6,2528.15969,18.696862,11.437097,0.967379
1202,6.005,2533.42455,18.709794,11.44193,0.965605
1203,6.01,2537.77377,18.723036,11.446753,0.963783
1204,6.015,2538.46049,18.736559,11.451567,0.961917
1205,6.02,2538.00268,18.75014,11.456372,0.96004
1206,6.025,2535.48471,18.763223,11.461168,0.95823
1207,6.03,2532.05111,18.775508,11.465955,0.95653
1208,6.035,2526.44289,18.787164,11.470733,0.954917
1209,6.04,2522.43703,18.798387,11.475504,0.953363
1210,6.045,2520.60577,18.809206,11.480267,0.951864
1211,6.05,2520.94913,18.819679,11.485023,0.950413
1212,6.055,2522.09367,18.830136,11.489771,0.948961
1213,6.06,2524.49719,18.84085,11.494512,0.94747
1214,6.065,2528.73196,18.851958,11.499246,0.94592
1215,6.07,2533.08119,18.863538,11.503971,0.944299
1216,6.075,2537.31596,18.875616,11.508689,0.942603
1217,6.08,2541.09292,18.888217,11.513397,0.940828
1218,6.085,2544.18316,18.901173,11.518097,0.938998
1219,6.09,2544.64097,18.914186,11.522787,0.937157
1220,6.095,2543.61089,18.926984,11.527468,0.935343
1221,6.1,2539.49057,18.93938,11.532141,0.933584
1222,6.105,2534.91244,18.951348,11.536804,0.931884
1223,6.11,2530.44876,18.96265,11.54146,0.930279
1224,6.115,2526.21399,18.973234,11.546107,0.928776
1225,6.12,2522.20812,18.98348,11.550748,0.92732
1226,6.125,2519.8046,18.993575,11.555381,0.925884
1227,6.13,2519.69015,19.003575,11.560007,0.92446
1228,6.135,2520.37687,19.013666,11.564625,0.92302
1229,6.14,2522.43703,19.024087,11.569237,0.921529
1230,6.145,2524.84055,19.035102,11.57384,0.919947
1231,6.15,2528.61751,19.046763,11.578436,0.918267
1232,6.155,2531.24993,19.058905,11.583023,0.916512
1233,6.16,2532.50892,19.071368,11.587601,0.914706
1234,6.165,2531.93665,19.08407,11.59217,0.912861
1235,6.17,2530.21985,19.096904,11.596729,0.910991
1236,6.175,2527.12961,19.10945,11.60128,0.909162
1237,6.18,2522.09367,19.121551,11.605821,0.907395
1238,6.185,2516.48545,19.13334,11.610354,0.905671
1239,6.19,2511.33505,19.144768,11.614878,0.903999
1240,6.195,2508.13036,19.155757,11.619394,0.90239
1241,6.2,2505.61239,19.166414,11.623902,0.900828
1242,6.205,2504.12449,19.177234,11.628402,0.899238
1243,6.21,2504.46785,19.188372,11.632894,0.897598
1244,6.215,2506.75692,19.199672,11.637378,0.895929
1245,6.22,2510.64833,19.21126,11.641853,0.894214
1246,6.225,2514.6542,19.223213,11.64632,0.892439
1247,6.23,2518.54561,19.235554,11.650778,0.890601
1248,6.235,2521.75031,19.248203,11.655226,0.888713
1249,6.24,2523.69601,19.260877,11.659665,0.886816
1250,6.245,2522.66593,19.273524,11.664094,0.884919
1251,6.25,2520.60577,19.286144,11.668514,0.883022
1252,6.255,2517.40108,19.298406,11.672924,0.881177
1253,6.26,2514.42529,19.310084,11.677326,0.879418
1254,6.265,2511.33505,19.321078,11.681719,0.877761
1255,6.27,2508.47372,19.331596,11.686104,0.876176
1256,6.275,2506.64247,19.341918,11.690481,0.874618
1257,6.28,2507.44364,19.352145,11.69485,0.873071
1258,6.285,2510.30497,19.362355,11.699211,0.871525
1259,6.29,2514.76865,19.372722,11.703565,0.869951
1260,6.295,2519.46124,19.383523,11.707911,0.868307
1261,6.3,2525.06945,19.394828,11.712248,0.866579
1262,6.305,2530.21985,19.406512,11.716576,0.864789
1263,6.31,2534.11127,19.41837,11.720896,0.862967
1264,6.315,2536.05697,19.430403,11.725206,0.861114
1265,6.32,2536.17143,19.442311,11.729507,0.859276
1266,6.325,2535.37025,19.453895,11.733799,0.857485
1267,6.33,2533.08119,19.465258,11.738082,0.855727
1268,6.335,2529.76204,19.476302,11.742356,0.854015
1269,6.34,2526.90071,19.486954,11.746622,0.852362
1270,6.345,2524.61164,19.497241,11.75088,0.850765
1271,6.35,2523.35265,19.50714,11.75513,0.849227
1272,6.355,2523.46711,19.516777,11.759372,0.847728
1273,6.36,2524.38273,19.526567,11.763607,0.846201
1274,6.365,2527.93079,19.536609,11.767834,0.844631
1275,6.37,2532.62337,19.546875,11.772053,0.843022
1276,6.375,2536.62924,19.557463,11.776264,0.841358
1277,6.38,2540.63511,19.568466,11.780467,0.839622
1278,6.385,2543.26753,19.579761,11.78466,0.837836
1279,6.39,2544.75543,19.590984,11.788845,0.836057
1280,6.395,2544.64097,19.602038,11.793021,0.834302
1281,6.4,2542.123,19.612973,11.797188,0.832563
1282,6.405,2538.80385,19.623693,11.801347,0.830856
1283,6.41,2534.79799,19.634032,11.805497,0.829207
1284,6.415,2531.47884,19.643944,11.809639,0.827625
1285,6.42,2527.35852,19.653526,11.813773,0.826095
1286,6.425,2524.03937,19.662805,11.8179,0.824612
1287,6.43,2523.00929,19.671805,11.82202,0.823172
1288,6.435,2523.00929,19.680718,11.826132,0.821744
1289,6.44,2524.26828,19.689806,11.830237,0.820284
1290,6.445,2526.09953,19.699279,11.834335,0.818758
1291,6.45,2528.3886,19.709207,11.838424,0.817152
1292,6.455,2530.1054,19.719422,11.842506,0.815496
1293,6.46,2529.41868,19.729851,11.846579,0.8138
1294,6.465,2527.58743,19.740493,11.850644,0.812065
1295,6.47,2524.72609,19.751254,11.8547,0.810306
1296,6.475,2520.94913,19.761921,11.858747,0.808559
1297,6.48,2516.48545,19.772308,11.862785,0.806855
1298,6.485,2510.99169,19.782441,11.866816,0.805191
1299,6.49,2505.38348,19.792367,11.870837,0.803558
1300,6.495,2500.34753,19.801879,11.874851,0.801992
1301,6.5,2495.88385,19.811072,11.878857,0.800477
1302,6.505,2492.22135,19.820316,11.882856,0.798951
1303,6.51,2490.27564,19.82975,11.886847,0.797389
1304,6.515,2489.93228,19.839465,11.89083,0.795775
1305,6.52,2490.96236,19.849435,11.894805,0.794115
1306,6.525,2491.42017,19.859706,11.898771,0.792399
1307,6.53,2491.76353,19.870296,11.902728,0.790625
1308,6.535,2491.19127,19.881159,11.906677,0.788799
1309,6.54,2490.04673,19.892225,11.910616,0.786934
1310,6.545,2487.52876,19.903287,11.914546,0.785064
1311,6.55,2483.52289,19.914233,11.918467,0.783211
1312,6.555,2478.6014,19.924972,11.922378,0.781389
1313,6.56,2473.33655,19.935348,11.926281,0.779626
1314,6.565,2468.3006,19.945296,11.930175,0.777934
1315,6.57,2463.60801,19.954818,11.934061,0.776313
1316,6.575,2461.09004,19.964186,11.937938,0.774716
1317,6.58,2460.05996,19.973491,11.941808,0.773126
1318,6.585,2460.17441,19.982731,11.945669,0.771545
1319,6.59,2460.74668,19.992153,11.949523,0.769928
1320,6.595,2462.00567,20.001821,11.953369,0.768263
1321,6.6,2463.83692,20.011624,11.957206,0.766571
1322,6.605,2465.66817,20.02156,11.961034,0.764852
1323,6.61,2467.38497,20.031561,11.964854,0.763116
1324,6.615,2467.49943,20.041672,11.968665,0.761358
1325,6.62,2466.69825,20.051913,11.972468,0.759571
1326,6.625,2464.98145,20.061956,11.976261,0.757816
1327,6.63,2462.12012,20.071734,11.980046,0.756104
1328,6.635,2458.34316,20.081164,11.983822,0.754452
1329,6.64,2454.90956,20.090181,11.987591,0.75287
1330,6.645,2452.73495,20.09894,11.991351,0.751332
1331,6.65,2451.47596,20.107422,11.995104,0.749841
1332,6.655,2451.1326,20.115821,11.99885,0.748362
1333,6.66,2451.93377,20.124334,12.002588,0.746859
1334,6.665,2453.42167,20.133109,12.006318,0.745305
1335,6.67,2455.48183,20.14206,12.010041,0.743715
1336,6.675,2457.54199,20.15112,12.013755,0.742102
1337,6.68,2459.7166,20.160524,12.017461,0.740422
1338,6.685,2461.89121,20.170184,12.021159,0.73869
1339,6.69,2463.72247,20.180014,12.024848,0.736924
1340,6.695,2464.40919,20.189884,12.028528,0.735145
1341,6.7,2464.06583,20.199581,12.0322,0.733394
1342,6.705,2462.34903,20.208981,12.035862,0.731694
1343,6.71,2460.63223,20.217958,12.039517,0.730069
1344,6.715,2458.22871,20.226536,12.043163,0.728515
1345,6.72,2456.74081,20.234844,12.046802,0.727008
1346,6.725,2455.71073,20.24303,12.050433,0.725521
1347,6.73,2455.36737,20.251219,12.054057,0.72403
1348,6.735,2455.93964,20.259413,12.057674,0.722535
1349,6.74,2456.74081,20.267652,12.061283,0.721028
1350,6.745,2457.9998,20.275999,12.064884,0.719498
1351,6.75,2460.05996,20.284536,12.068478,0.717928
1352,6.755,2461.66231,20.293302,12.072063,0.716311
1353,6.76,2462.92129,20.302234,12.075641,0.714658
1354,6.765,2462.80684,20.31129,12.07921,0.712978
1355,6.77,2461.31895,20.320325,12.08277,0.711298
1356,6.775,2458.91543,20.329113,12.086323,0.709661
1357,6.78,2455.59628,20.337615,12.089867,0.708076
1358,6.785,2451.24705,20.345853,12.093404,0.706537
1359,6.79,2446.66892,20.353808,12.096933,0.70505
1360,6.795,2442.31969,20.361543,12.100454,0.703602
1361,6.8,2438.08492,20.36912,12.103969,0.702182
1362,6.805,2434.19351,20.376681,12.107476,0.700762
1363,6.81,2431.33217,20.384328,12.110976,0.699322
1364,6.815,2429.61537,20.392101,12.114469,0.697855
1365,6.82,2428.69975,20.400119,12.117955,0.696336
1366,6.825,2428.35639,20.40848,12.121432,0.694747
1367,6.83,2427.21185,20.417224,12.124902,0.693078
1368,6.835,2425.95287,20.426246,12.128363,0.691351
1369,6.84,2424.00716,20.435285,12.131815,0.689616
1370,6.845,2420.68801,20.444203,12.135259,0.6879
1371,6.85,2416.33878,20.453038,12.138694,0.686196
1372,6.855,2412.10401,20.461654,12.142121,0.684532
1373,6.86,2407.52588,20.470032,12.14554,0.682911
1374,6.865,2403.63446,20.478233,12.14895,0.681321
1375,6.87,2398.82742,20.486198,12.152353,0.679775
1376,6.875,2394.36374,20.494028,12.155748,0.678253
1377,6.88,2391.2735,20.501762,12.159136,0.676746
1378,6.885,2388.64108,20.509478,12.162516,0.675239
1379,6.89,2387.49654,20.517334,12.165888,0.673701
1380,6.895,2386.92428,20.525404,12.169253,0.672115
1381,6.9,2387.15318,20.533707,12.172609,0.670478
1382,6.905,2388.06881,20.542222,12.175957,0.668794
1383,6.91,2388.06881,20.550908,12.179297,0.667071
1384,6.915,2387.49654,20.559591,12.182628,0.665343
1385,6.92,2385.09302,20.568137,12.18595,0.66364
1386,6.925,2383.14732,20.576507,12.189264,0.661967
1387,6.93,2380.51489,20.584647,12.19257,0.660338
1388,6.935,2376.85238,20.592576,12.195868,0.658749
1389,6.94,2373.18988,20.600372,12.199158,0.657183
1390,6.945,2369.41292,20.608055,12.20244,0.655637
1391,6.95,2366.09377,20.615682,12.205714,0.654098
1392,6.955,2363.8047,20.623272,12.208981,0.652564
1393,6.96,2362.66017,20.630863,12.21224,0.651026
1394,6.965,2362.88908,20.638512,12.215491,0.649472
1395,6.97,2364.14806,20.646366,12.218734,0.64787
1396,6.975,2365.2926,20.654537,12.22197,0.646198
1397,6.98,2365.86486,20.662818,12.225196,0.644498
1398,6.985,2365.97932,20.671133,12.228414,0.642787
1399,6.99,2365.5215,20.679425,12.231624,0.641075
1400,6.995,2364.49142,20.687659,12.234825,0.639371
1401,7,2363.11798,20.69576,12.238018,0.637691
1402,7.005,2361.51564,20.703656,12.241202,0.63605
1403,7.01,2358.76876,20.711458,12.244378,0.634425
1404,7.015,2355.79297,20.71913,12.247547,0.632824
1405,7.02,2352.81718,20.726583,12.250707,0.631266
1406,7.025,2350.41366,20.733872,12.253859,0.629739
1407,7.03,2350.0703,20.741106,12.257004,0.628221
1408,7.035,2349.95585,20.748287,12.260142,0.62671
1409,7.04,2350.75702,20.755487,12.263271,0.625191
1410,7.045,2352.35937,20.762849,12.266393,0.623633
1411,7.05,2353.96172,20.770265,12.269508,0.62206
1412,7.055,2355.2207,20.777662,12.272614,0.620486
1413,7.06,2356.02188,20.785112,12.275712,0.618896
1414,7.065,2356.36524,20.792614,12.278803,0.617291
1415,7.07,2355.79297,20.800079,12.281885,0.61569
1416,7.075,2354.76289,20.807419,12.28496,0.614112
1417,7.08,2352.01601,20.814597,12.288027,0.612566
1418,7.085,2348.58241,20.821581,12.291086,0.611059
1419,7.09,2344.691,20.82839,12.294137,0.609588
1420,7.095,2341.2574,20.835024,12.297182,0.608152
1421,7.1,2338.51052,20.841484,12.300219,0.606751
1422,7.105,2335.87809,20.847912,12.303249,0.605355
1423,7.11,2334.96246,20.854412,12.306272,0.603938
1424,7.115,2333.81793,20.861019,12.309288,0.602495
1425,7.12,2333.36012,20.86768,12.312297,0.601035
1426,7.125,2333.13121,20.874359,12.315299,0.599568
1427,7.13,2332.55894,20.881142,12.318293,0.598073
1428,7.135,2332.21558,20.887995,12.321279,0.596558
1429,7.14,2331.07105,20.894865,12.324258,0.595035
1430,7.145,2329.2398,20.901718,12.32723,0.593513
1431,7.15,2326.26401,20.90857,12.330194,0.591986
1432,7.155,2322.3726,20.915421,12.33315,0.590456
1433,7.16,2317.79446,20.92217,12.336098,0.588945
1434,7.165,2313.21633,20.928783,12.339039,0.587462
1435,7.17,2309.43937,20.935243,12.341973,0.58601
1436,7.175,2305.89132,20.941637,12.344899,0.58457
1437,7.18,2302.91553,20.948082,12.347818,0.583115
1438,7.185,2300.96982,20.954545,12.35073,0.581651
1439,7.19,2299.71084,20.961059,12.353635,0.580172
1440,7.195,2299.25302,20.96769,12.356532,0.578661
1441,7.2,2298.45185,20.974403,12.359421,0.577127
1442,7.205,2297.30732,20.981199,12.362303,0.575569
1443,7.21,2295.93388,20.988076,12.365177,0.573987
1444,7.215,2294.21708,20.994983,12.368043,0.572394
1445,7.22,2292.72918,21.001921,12.370901,0.570788
1446,7.225,2288.95222,21.008774,12.373751,0.569199
1447,7.23,2284.8319,21.015427,12.376593,0.567653
1448,7.235,2280.59713,21.021931,12.379428,0.566138
1449,7.24,2276.019,21.028287,12.382255,0.564655
1450,7.245,2272.5854,21.034513,12.385074,0.563199
1451,7.25,2269.3807,21.04069,12.387887,0.561751
1452,7.255,2266.63382,21.046932,12.390692,0.560284
1453,7.26,2264.34476,21.053158,12.393489,0.558817
1454,7.265,2262.5135,21.059319,12.39628,0.557361
1455,7.27,2261.25452,21.065544,12.399063,0.555886
1456,7.275,2260.68225,21.071833,12.401839,0.554391
1457,7.28,2260.10998,21.078296,12.404607,0.552848
1458,7.285,2259.30881,21.084854,12.407367,0.551278
1459,7.29,2258.27873,21.09136,12.41012,0.549717
1460,7.295,2256.21857,21.09788,12.412864,0.548147
1461,7.3,2253.35724,21.104335,12.415601,0.546589
1462,7.305,2250.95372,21.110613,12.41833,0.54507
1463,7.31,2247.63457,21.116763,12.421052,0.543579
1464,7.315,2245.00214,21.12285,12.423766,0.5421
1465,7.32,2241.9119,21.128843,12.426473,0.54064
1466,7.325,2239.50838,21.134834,12.429172,0.539177
1467,7.33,2238.02049,21.140794,12.431865,0.537717
1468,7.335,2237.10486,21.146722,12.43455,0.536261
1469,7.34,2236.5326,21.152711,12.437227,0.534786
1470,7.345,2236.30369,21.158715,12.439897,0.533303
1471,7.35,2237.10486,21.164779,12.44256,0.5318
1472,7.355,2238.02049,21.170887,12.445215,0.530281
1473,7.36,2238.4783,21.177069,12.447863,0.528739
1474,7.365,2238.36385,21.183264,12.450503,0.527189
1475,7.37,2237.21932,21.189379,12.453135,0.525655
1476,7.375,2236.07478,21.195432,12.455759,0.524132
1477,7.38,2234.8158,21.201361,12.458376,0.522637
1478,7.385,2233.099,21.207198,12.460986,0.521162
1479,7.39,2231.3822,21.212944,12.463588,0.519706
1480,7.395,2230.46657,21.218598,12.466183,0.51827
1481,7.4,2229.6654,21.224177,12.468771,0.51685
1482,7.405,2228.86422,21.229667,12.471351,0.51545
1483,7.41,2228.06305,21.235111,12.473925,0.514057
1484,7.415,2228.1775,21.2406,12.476492,0.512649
1485,7.42,2228.40641,21.246193,12.479052,0.511209
1486,7.425,2228.74977,21.251813,12.481604,0.509757
1487,7.43,2228.52086,21.257403,12.484149,0.508309
1488,7.435,2227.9486,21.263022,12.486687,0.50685
1489,7.44,2227.37633,21.268697,12.489218,0.505371
1490,7.445,2225.31617,21.274457,12.491741,0.503864
1491,7.45,2222.91265,21.280186,12.494256,0.502361
1492,7.455,2220.39468,21.285781,12.496764,0.50089
1493,7.46,2217.18998,21.291274,12.499265,0.499442
1494,7.465,2213.87084,21.296693,12.501759,0.49801
1495,7.47,2209.97942,21.30214,12.504245,0.496566
1496,7.475,2206.54582,21.307485,12.506725,0.495146
1497,7.48,2204.37121,21.312744,12.509197,0.493745
1498,7.485,2203.22668,21.31803,12.511662,0.492333
1499,7.49,2201.96769,21.323287,12.51412,0.490925
1500,7.495,2201.16652,21.328627,12.516571,0.489489
1501,7.5,2200.59425,21.334094,12.519015,0.488014
1502,7.505,2199.90753,21.339543,12.521451,0.486538
1503,7.51,2197.96182,21.344949,12.52388,0.485071
1504,7.515,2196.70284,21.350393,12.526302,0.483588
1505,7.52,2194.64268,21.355863,12.528716,0.482093
1506,7.525,2192.1247,21.361316,12.531123,0.480598
1507,7.53,2189.37782,21.366725,12.533522,0.47911
1508,7.535,2185.60086,21.372061,12.535914,0.477639
1509,7.54,2182.73953,21.377298,12.538299,0.476191
1510,7.545,2179.64929,21.382397,12.540676,0.474779
1511,7.55,2176.21569,21.387397,12.543047,0.47339
1512,7.555,2173.69772,21.392397,12.54541,0.471998
1513,7.56,2171.98092,21.397328,12.547767,0.470621
1514,7.565,2170.95084,21.402271,12.550116,0.469236
1515,7.57,2169.8063,21.407281,12.552459,0.467828
1516,7.575,2168.77622,21.412289,12.554794,0.466416
1517,7.58,2167.17388,21.41739,12.557123,0.464972
1518,7.585,2166.3727,21.422542,12.559444,0.463508
1519,7.59,2164.88481,21.427651,12.561758,0.462053
1520,7.595,2163.28246,21.432704,12.564065,0.460609
1521,7.6,2161.10785,21.437781,12.566364,0.459153
1522,7.605,2158.24652,21.442855,12.568656,0.457694
1523,7.61,2155.95745,21.44786,12.570941,0.45625
1524,7.615,2152.98166,21.452797,12.573219,0.454822
1525,7.62,2150.6926,21.457626,12.575489,0.453421
1526,7.625,2148.17462,21.462376,12.577753,0.452041
1527,7.63,2146.45782,21.467124,12.58001,0.450656
1528,7.635,2145.31329,21.471883,12.58226,0.449263
1529,7.64,2144.62657,21.47664,12.584502,0.447867
1530,7.645,2144.51212,21.481499,12.586738,0.446435
1531,7.65,2144.16876,21.486445,12.588967,0.444971
1532,7.655,2144.28321,21.491401,12.591188,0.4435
1533,7.66,2144.0543,21.496353,12.593402,0.442025
1534,7.665,2144.0543,21.501326,12.595608,0.440538
1535,7.67,2142.90977,21.506308,12.597807,0.439043
1536,7.675,2141.53633,21.511198,12.599999,0.437571
1537,7.68,2140.16289,21.515983,12.602183,0.436127
1538,7.685,2139.47617,21.520701,12.60436,0.434699
1539,7.69,2137.64492,21.525392,12.60653,0.433275
1540,7.695,2135.92812,21.529955,12.608693,0.431887
1541,7.7,2133.63905,21.534404,12.610849,0.430529
1542,7.705,2132.26561,21.538864,12.612998,0.429164
1543,7.71,2131.23553,21.543297,12.61514,0.427803
1544,7.715,2131.00662,21.547704,12.617276,0.426446
1545,7.72,2130.3199,21.552059,12.619405,0.425101
1546,7.725,2129.40428,21.556426,12.621527,0.423748
1547,7.73,2130.091,21.560913,12.623642,0.422351
1548,7.735,2129.74764,21.565494,12.62575,0.420919
1549,7.74,2129.63318,21.57006,12.627851,0.419487
1550,7.745,2128.83201,21.57455,12.629945,0.418075
1551,7.75,2126.8863,21.579013,12.632032,0.416667
1552,7.755,2124.9406,21.583449,12.634112,0.415262
1553,7.76,2122.99489,21.587786,12.636185,0.413885
1554,7.765,2120.70582,21.592049,12.638251,0.412528
1555,7.77,2117.95894,21.596251,12.64031,0.411187
1556,7.775,2115.21206,21.600368,12.642363,0.409869
1557,7.78,2112.80854,21.60446,12.644409,0.408555
1558,7.785,2110.63393,21.60855,12.646448,0.407237
1559,7.79,2108.57377,21.612698,12.648481,0.405896
1560,7.795,2107.31478,21.616878,12.650507,0.404539
1561,7.8,2106.2847,21.62101,12.652527,0.403194
1562,7.805,2105.36908,21.625151,12.654539,0.40184
1563,7.81,2103.99564,21.629336,12.656545,0.400468
1564,7.815,2103.30892,21.633576,12.658544,0.399071
1565,7.82,2101.82102,21.637824,12.660536,0.397667
1566,7.825,2100.33313,21.642,12.662521,0.396282
1567,7.83,2098.61633,21.646127,12.664499,0.394909
1568,7.835,2095.755,21.650252,12.66647,0.393532
1569,7.84,2093.00812,21.654361,12.668434,0.392155
1570,7.845,2090.71905,21.658434,12.670391,0.390786
1571,7.85,2088.31553,21.662448,12.672342,0.389433
1572,7.855,2085.6831,21.66638,12.674286,0.388104
1573,7.86,2083.39404,21.670332,12.676223,0.386762
1574,7.865,2081.79169,21.674327,12.678153,0.385401
1575,7.87,2079.96044,21.678329,12.680077,0.384032
1576,7.875,2079.15926,21.682318,12.681993,0.382663
1577,7.88,2078.47254,21.686314,12.683903,0.381286
1578,7.885,2076.8702,21.69035,12.685806,0.37989
1579,7.89,2075.03894,21.694416,12.687702,0.378478
1580,7.895,2073.32214,21.69851,12.689591,0.377049
1581,7.9,2070.80417,21.702566,12.691473,0.375629
1582,7.905,2068.40065,21.706586,12.693347,0.374217
1583,7.91,2065.88268,21.710548,12.695215,0.372821
1584,7.915,2063.25025,21.714462,12.697076,0.371436
1585,7.92,2059.81665,21.71832,12.698929,0.370067
1586,7.925,2057.18422,21.72212,12.700776,0.368714
1587,7.93,2055.00961,21.725917,12.702616,0.367356
1588,7.935,2053.17836,21.729753,12.70445,0.36598
1589,7.94,2051.23265,21.733564,12.706276,0.364607
1590,7.945,2049.17249,21.737319,12.708096,0.36325
1591,7.95,2048.94358,21.741091,12.709909,0.361881
1592,7.955,2048.14241,21.744869,12.711715,0.360504
1593,7.96,2047.22678,21.748665,12.713514,0.359115
1594,7.965,2045.9678,21.752487,12.715306,0.357711
1595,7.97,2044.59436,21.756284,12.717091,0.35631
1596,7.975,2043.90764,21.760035,12.718869,0.354922
1597,7.98,2042.41974,21.763832,12.72064,0.353509
1598,7.985,2040.35958,21.767615,12.722404,0.352097
1599,7.99,2037.72716,21.771342,12.724161,0.350701
1600,7.995,2035.8959,21.775004,12.725911,0.349324
1601,8,2034.52246,21.778561,12.727654,0.347982
1602,8.005,2033.14902,21.782104,12.729391,0.346641
1603,8.01,2031.77558,21.785633,12.731121,0.3453
1604,8.015,2031.08886,21.789099,12.732844,0.343978
1605,8.02,2030.85996,21.792522,12.734561,0.342668
1606,8.025,2030.85996,21.795923,12.736271,0.341362
1607,8.03,2031.08886,21.799339,12.737974,0.340044
1608,8.035,2031.54668,21.802772,12.739671,0.338715
1609,8.04,2031.66113,21.806181,12.741361,0.337389
1610,8.045,2031.54668,21.809597,12.743045,0.336056
1611,8.05,2030.63105,21.812999,12.744722,0.334722
1612,8.055,2029.94433,21.816359,12.746392,0.3334
1613,8.06,2029.0287,21.819686,12.748056,0.332087
1614,8.065,2027.76972,21.822981,12.749713,0.330781
1615,8.07,2025.82401,21.826272,12.751364,0.329471
1616,8.075,2023.8783,21.829541,12.753008,0.328165
1617,8.08,2022.1615,21.832788,12.754645,0.326863
1618,8.085,2020.90252,21.835984,12.756276,0.325577
1619,8.09,2019.30017,21.83913,12.757901,0.324306
1620,8.095,2017.81228,21.842291,12.759519,0.323024
1621,8.1,2016.32438,21.84544,12.761131,0.321741
1622,8.105,2015.52321,21.848577,12.762737,0.320459
1623,8.11,2014.83649,21.851719,12.764336,0.319169
1624,8.115,2014.03532,21.854895,12.765929,0.317859
1625,8.12,2012.66188,21.858058,12.767515,0.316549
1626,8.125,2011.05953,21.861207,12.769094,0.315239
1627,8.13,2009.45718,21.864389,12.770667,0.31391
1628,8.135,2007.51148,21.867503,12.772233,0.312604
1629,8.14,2005.33686,21.870533,12.773793,0.311329
1630,8.145,2003.16225,21.873549,12.775346,0.310055
1631,8.15,2000.30092,21.876581,12.776894,0.308769
1632,8.155,1998.46966,21.879617,12.778434,0.307475
1633,8.16,1995.72278,21.882658,12.779968,0.306173
1634,8.165,1994.00598,21.885678,12.781496,0.304875
1635,8.17,1992.06028,21.888641,12.783017,0.303596
1636,8.175,1990.45793,21.891609,12.784532,0.30231
1637,8.18,1989.19894,21.894608,12.78604,0.301004
1638,8.185,1988.28332,21.897594,12.787542,0.299698
1639,8.19,1986.22316,21.90055,12.789037,0.2984
1640,8.195,1985.07862,21.903467,12.790526,0.297114
1641,8.2,1983.24737,21.906422,12.792008,0.295804
1642,8.205,1981.64502,21.909391,12.793484,0.294482
1643,8.21,1979.81377,21.912312,12.794953,0.293176
1644,8.215,1977.5247,21.915178,12.796416,0.29189
1645,8.22,1974.89228,21.917989,12.797872,0.290623
1646,8.225,1972.71766,21.920805,12.799322,0.289349
1647,8.23,1970.31414,21.923617,12.800765,0.288071
1648,8.235,1967.33836,21.926408,12.802203,0.286796
1649,8.24,1964.47702,21.929178,12.803633,0.285526
1650,8.245,1961.61569,21.931953,12.805058,0.284247
1651,8.25,1959.66998,21.934764,12.806476,0.282945
1652,8.255,1958.29654,21.937587,12.807887,0.281632
1653,8.26,1956.23638,21.940388,12.809292,0.280322
1654,8.265,1954.51958,21.943168,12.810691,0.279016
1655,8.27,1952.80278,21.945976,12.812082,0.27769
1656,8.275,1951.42934,21.948786,12.813467,0.276357
1657,8.28,1950.28481,21.951566,12.814846,0.275031
1658,8.285,1948.45356,21.954357,12.816218,0.273694
1659,8.29,1946.73676,21.957135,12.817583,0.272356
1660,8.295,1945.13441,21.959906,12.818941,0.271015
1661,8.3,1943.07425,21.962625,12.820293,0.269693
1662,8.305,1941.4719,21.965269,12.821638,0.268403
1663,8.31,1939.5262,21.967915,12.822977,0.267105
1664,8.315,1937.8094,21.970549,12.824309,0.265807
1665,8.32,1936.66486,21.973147,12.825635,0.264521
1666,8.325,1934.94806,21.975701,12.826955,0.26325
1667,8.33,1933.46017,21.978221,12.828268,0.261991
1668,8.335,1932.43009,21.980751,12.829574,0.260721
1669,8.34,1931.97228,21.983284,12.830875,0.259442
1670,8.345,1931.51446,21.98579,12.832169,0.258172
1671,8.35,1930.14102,21.988276,12.833457,0.256905
1672,8.355,1928.76758,21.990764,12.834738,0.255631
1673,8.36,1926.82188,21.993248,12.836013,0.254353
1674,8.365,1925.33398,21.995741,12.837281,0.253062
1675,8.37,1923.61718,21.998214,12.838544,0.251776
1676,8.375,1922.24374,22.000638,12.839799,0.25051
1677,8.38,1920.29804,22.003035,12.841049,0.249251
1678,8.385,1918.12342,22.005413,12.842292,0.247996
1679,8.39,1916.63553,22.00778,12.843529,0.246742
1680,8.395,1915.491,22.010148,12.844759,0.245479
1681,8.4,1914.0031,22.01249,12.845983,0.244224
1682,8.405,1912.51521,22.014828,12.847201,0.242966
1683,8.41,1910.68396,22.017146,12.848413,0.241711
1684,8.415,1908.73825,22.019431,12.849619,0.240468
1685,8.42,1906.907,22.021732,12.850818,0.239209
1686,8.425,1905.1902,22.024001,12.852011,0.237962
1687,8.43,1902.90113,22.026271,12.853197,0.236708
1688,8.435,1900.61206,22.028577,12.854378,0.235425
1689,8.44,1898.09409,22.030857,12.855552,0.234151
1690,8.445,1895.34721,22.033104,12.856719,0.232888
1691,8.45,1892.82924,22.035326,12.85788,0.231634
1692,8.455,1889.739,22.037529,12.859036,0.230383
1693,8.46,1886.99212,22.039733,12.860184,0.229124
1694,8.465,1884.13078,22.041906,12.861327,0.227877
1695,8.47,1882.29953,22.044047,12.862463,0.226642
1696,8.475,1880.35382,22.046176,12.863593,0.225407
1697,8.48,1878.52257,22.048288,12.864717,0.224176
1698,8.485,1876.46241,22.050381,12.865835,0.222949
1699,8.49,1874.05889,22.052437,12.866947,0.221738
1700,8.495,1872.11318,22.054463,12.868052,0.220538
1701,8.5,1869.93857,22.056497,12.869152,0.219327
1702,8.505,1867.53505,22.058545,12.870246,0.218099
1703,8.51,1864.90262,22.060575,12.871333,0.216876
1704,8.515,1862.2702,22.062575,12.872414,0.215665
1705,8.52,1859.40886,22.064551,12.87349,0.214461
1706,8.525,1855.97526,22.066517,12.874559,0.213258
1707,8.53,1853.11393,22.068496,12.875622,0.212038
1708,8.535,1850.02369,22.070457,12.876679,0.210823
1709,8.54,1847.0479,22.072395,12.877731,0.209616
1710,8.545,1844.07212,22.074328,12.878776,0.208404
1711,8.55,1840.40961,22.076244,12.879815,0.207197
1712,8.555,1838.12054,22.078148,12.880848,0.205989
1713,8.56,1836.28929,22.08003,12.881874,0.20479
1714,8.565,1833.65686,22.081883,12.882895,0.203602
1715,8.57,1830.90998,22.083754,12.88391,0.202394
1716,8.575,1828.73537,22.08562,12.884919,0.201183
1717,8.58,1826.4463,22.087452,12.885922,0.199987
1718,8.585,1824.38614,22.089302,12.886919,0.198772
1719,8.59,1821.75372,22.091168,12.88791,0.197537
1720,8.595,1819.00684,22.093029,12.888895,0.196298
1721,8.6,1816.60332,22.09485,12.889873,0.195079
1722,8.605,1814.4287,22.096615,12.890845,0.193891
1723,8.61,1811.91073,22.098342,12.891812,0.192723
1724,8.615,1809.0494,22.100063,12.892773,0.191551
1725,8.62,1805.6158,22.101812,12.893727,0.190351
1726,8.625,1803.44118,22.103556,12.894676,0.189148
1727,8.63,1801.38102,22.105278,12.895619,0.187952
1728,8.635,1799.32086,22.106978,12.896556,0.186764
1729,8.64,1797.0318,22.108657,12.897487,0.185584
1730,8.645,1794.74273,22.11033,12.898412,0.184401
1731,8.65,1792.45366,22.111993,12.899331,0.183217
1732,8.655,1790.50796,22.113645,12.900244,0.182033
1733,8.66,1788.10444,22.115281,12.901151,0.180853
1734,8.665,1786.50209,22.116896,12.902052,0.179681
1735,8.67,1783.98412,22.118495,12.902948,0.178513
1736,8.675,1781.5806,22.120069,12.903837,0.177357
1737,8.68,1779.29153,22.121622,12.904721,0.176208
1738,8.685,1777.11692,22.123165,12.905599,0.17506
1739,8.69,1774.48449,22.124688,12.906472,0.173919
1740,8.695,1772.19542,22.126171,12.907339,0.172803
1741,8.7,1770.02081,22.127629,12.9082,0.171698
1742,8.705,1767.61729,22.129093,12.909056,0.170581
1743,8.71,1764.98486,22.130552,12.909906,0.16946
1744,8.715,1762.6958,22.131992,12.91075,0.168347
1745,8.72,1760.75009,22.133437,12.911589,0.167222
1746,8.725,1758.23212,22.134887,12.912423,0.166086
1747,8.73,1756.40086,22.136336,12.91325,0.164941
1748,8.735,1754.3407,22.137776,12.914072,0.163797
1749,8.74,1752.16609,22.139177,12.914888,0.162676
1750,8.745,1749.76257,22.140568,12.915699,0.161555
1751,8.75,1747.01569,22.141969,12.916504,0.160419
1752,8.755,1744.15436,22.143368,12.917303,0.159274
1753,8.76,1741.52193,22.144753,12.918096,0.158134
1754,8.765,1738.6606,22.146115,12.918884,0.157005
1755,8.77,1736.37153,22.147453,12.919666,0.155888
1756,8.775,1734.19692,22.148773,12.920443,0.154779
1757,8.78,1731.56449,22.150092,12.921214,0.153662
1758,8.785,1728.47425,22.151406,12.92198,0.152541
1759,8.79,1726.07073,22.152719,12.92274,0.151413
1760,8.795,1723.78166,22.154027,12.923494,0.15028
1761,8.8,1721.14924,22.155304,12.924242,0.149167
1762,8.805,1718.51681,22.156575,12.924985,0.14805
1763,8.81,1715.76993,22.157871,12.925723,0.146902
1764,8.815,1713.48086,22.159152,12.926455,0.145757
1765,8.82,1710.84844,22.16039,12.927181,0.144644
1766,8.825,1707.30038,22.161622,12.927901,0.143528
1767,8.83,1704.78241,22.162845,12.928616,0.142411
1768,8.835,1702.03553,22.164051,12.929325,0.141302
1769,8.84,1698.60193,22.165247,12.930029,0.140193
1770,8.845,1695.7406,22.166417,12.930727,0.139099
1771,8.85,1692.5359,22.167578,12.93142,0.138006
1772,8.855,1689.56012,22.168746,12.932107,0.136897
1773,8.86,1686.46988,22.169908,12.932789,0.135784
1774,8.865,1683.9519,22.171042,12.933465,0.134691
1775,8.87,1680.97612,22.172147,12.934136,0.133618
1776,8.875,1678.11478,22.173262,12.934801,0.132524
1777,8.88,1675.139,22.174395,12.935461,0.131404
1778,8.885,1672.27766,22.175514,12.936115,0.130287
1779,8.89,1669.53078,22.176612,12.936764,0.129182
1780,8.895,1666.89836,22.177694,12.937407,0.128084
1781,8.9,1664.03702,22.178774,12.938045,0.126979
1782,8.905,1661.4046,22.179848,12.938677,0.12587
1783,8.91,1658.54326,22.180913,12.939303,0.124761
1784,8.915,1655.45302,22.181975,12.939924,0.123644
1785,8.92,1652.01942,22.183014,12.94054,0.122543
1786,8.925,1648.92918,22.184033,12.94115,0.121454
1787,8.93,1646.29676,22.185039,12.941754,0.120369
1788,8.935,1643.89324,22.18605,12.942353,0.119268
1789,8.94,1641.37526,22.187066,12.942947,0.118151
1790,8.945,1638.97174,22.188062,12.943535,0.117046
1791,8.95,1636.79713,22.189052,12.944117,0.115937
1792,8.955,1634.27916,22.190022,12.944694,0.114839
1793,8.96,1631.99009,22.190967,12.945266,0.113762
1794,8.965,1630.27329,22.191912,12.945832,0.112673
1795,8.97,1628.55649,22.192858,12.946393,0.111572
1796,8.975,1626.26742,22.193779,12.946948,0.11049
1797,8.98,1623.63499,22.194694,12.947497,0.109405
1798,8.985,1621.00257,22.19561,12.948042,0.108308
1799,8.99,1618.37014,22.196504,12.948581,0.107226
1800,8.995,1616.08107,22.197367,12.949114,0.106172
1801,9,1614.24982,22.198198,12.949642,0.10515
1802,9.005,1612.64747,22.199017,12.950166,0.104132
1803,9.01,1610.70177,22.199844,12.950684,0.103094
1804,9.015,1608.64161,22.200659,12.951197,0.102059
1805,9.02,1606.6959,22.201466,12.951704,0.101025
1806,9.025,1604.63574,22.202276,12.952207,0.099975
1807,9.03,1602.80449,22.20307,12.952704,0.098937
1808,9.035,1600.51542,22.203843,12.953196,0.097915
1809,9.04,1598.56971,22.204612,12.953683,0.096889
1810,9.045,1596.16619,22.205386,12.954165,0.095843
1811,9.05,1594.33494,22.206149,12.954642,0.094801
1812,9.055,1592.61814,22.206893,12.955113,0.093774
1813,9.06,1590.32907,22.207626,12.955579,0.092752
1814,9.065,1587.58219,22.208354,12.956041,0.091726
1815,9.07,1585.17867,22.209068,12.956497,0.090707
1816,9.075,1583.00406,22.209759,12.956948,0.089713
1817,9.08,1580.48609,22.210447,12.957394,0.08871
1818,9.085,1578.88374,22.211136,12.957835,0.087695
1819,9.09,1577.16694,22.211808,12.958271,0.086693
1820,9.095,1575.33569,22.212483,12.958702,0.085674
1821,9.1,1573.50443,22.213158,12.959127,0.084644
1822,9.105,1571.55873,22.213809,12.959548,0.083638
1823,9.11,1568.9263,22.214437,12.959964,0.082659
1824,9.115,1566.75169,22.215054,12.960375,0.081684
1825,9.12,1564.57707,22.215669,12.960781,0.080701
1826,9.125,1562.74582,22.216285,12.961182,0.079702
1827,9.13,1559.99894,22.216896,12.961578,0.078699
1828,9.135,1556.79425,22.217495,12.961969,0.077704
1829,9.14,1553.93291,22.218087,12.962355,0.07671
1830,9.145,1550.95713,22.21867,12.962736,0.075715
1831,9.15,1548.21025,22.219246,12.963112,0.07472
1832,9.155,1545.46337,22.219815,12.963483,0.073725
1833,9.16,1542.71649,22.220376,12.963849,0.072731
1834,9.165,1540.08406,22.220918,12.96421,0.071756
1835,9.17,1536.99382,22.22144,12.964567,0.070808
1836,9.175,1534.24694,22.221952,12.964918,0.069864
1837,9.18,1531.61451,22.222465,12.965265,0.068905
1838,9.185,1529.55435,22.222979,12.965607,0.06793
1839,9.19,1526.46411,22.223488,12.965945,0.066951
1840,9.195,1523.14497,22.223985,12.966277,0.06598
1841,9.2,1519.94027,22.22447,12.966605,0.065021
1842,9.205,1516.16331,22.22494,12.966927,0.064077
1843,9.21,1513.41643,22.225407,12.967245,0.063126
1844,9.215,1510.5551,22.225881,12.967558,0.062143
1845,9.22,1507.35041,22.226353,12.967867,0.061148
1846,9.225,1504.71798,22.226814,12.96817,0.060161
1847,9.23,1502.08555,22.227259,12.968468,0.059194
1848,9.235,1499.33867,22.227695,12.968762,0.058231
1849,9.24,1496.93515,22.228124,12.969051,0.057267
1850,9.245,1494.53163,22.228541,12.969335,0.056316
1851,9.25,1492.47147,22.228962,12.969614,0.055337
1852,9.255,1490.64022,22.229391,12.969888,0.054318
1853,9.26,1488.69451,22.229814,12.970157,0.053296
1854,9.265,1485.83318,22.230222,12.970421,0.052293
1855,9.27,1483.65857,22.230617,12.97068,0.051303
1856,9.275,1481.48395,22.231,12.970934,0.050324
1857,9.28,1478.96598,22.231375,12.971183,0.049349
1858,9.285,1476.90582,22.231742,12.971427,0.048374
1859,9.29,1474.84566,22.232102,12.971667,0.047398
1860,9.295,1472.55659,22.232456,12.971901,0.046419
1861,9.3,1470.03862,22.232805,12.972131,0.045433
1862,9.305,1468.20737,22.233147,12.972356,0.044442
1863,9.31,1466.37611,22.233479,12.972575,0.043463
1864,9.315,1464.43041,22.233802,12.97279,0.042488
1865,9.32,1462.59915,22.234115,12.973,0.04152
1866,9.325,1461.11126,22.234418,12.973206,0.040565
1867,9.33,1459.62337,22.234713,12.973406,0.03961
1868,9.335,1457.90657,22.235007,12.973602,0.038635
1869,9.34,1455.96086,22.235299,12.973792,0.03764
1870,9.345,1454.58742,22.235581,12.973978,0.036653
1871,9.35,1452.52726,22.235851,12.974159,0.035686
1872,9.355,1450.35265,22.236113,12.974335,0.034722
1873,9.36,1448.29249,22.236364,12.974506,0.033771
1874,9.365,1446.69014,22.236607,12.974673,0.032824
1875,9.37,1444.97334,22.236843,12.974834,0.03188
1876,9.375,1443.14209,22.23707,12.974991,0.030944
1877,9.38,1440.96747,22.23729,12.975144,0.030009
1878,9.385,1439.47958,22.237499,12.975292,0.029093
1879,9.39,1438.10614,22.237701,12.975435,0.028185
1880,9.395,1436.84715,22.237895,12.975573,0.02728
1881,9.4,1434.90145,22.238081,12.975708,0.02638
1882,9.405,1432.84129,22.238265,12.975837,0.025464
1883,9.41,1431.12449,22.238443,12.975962,0.024544
1884,9.415,1429.06433,22.238615,12.976083,0.02362
1885,9.42,1427.57643,22.238779,12.976198,0.0227
1886,9.425,1426.4319,22.238934,12.97631,0.0218
1887,9.43,1425.17291,22.239083,12.976416,0.020896
1888,9.435,1423.34166,22.239229,12.976519,0.019972
1889,9.44,1420.93814,22.239369,12.976616,0.019048
1890,9.445,1418.87798,22.239498,12.976709,0.018152
1891,9.45,1416.58891,22.239618,12.976798,0.017271
1892,9.455,1414.98657,22.239732,12.976882,0.016403
1893,9.46,1413.84203,22.23984,12.976962,0.01553
1894,9.465,1412.01078,22.239943,12.977037,0.014646
1895,9.47,1409.60726,22.24004,12.977108,0.013765
1896,9.475,1407.20374,22.240133,12.977175,0.012865
1897,9.48,1404.91467,22.240219,12.977237,0.011965
1898,9.485,1403.19787,22.240299,12.977294,0.011064
1899,9.49,1401.02326,22.240375,12.977347,0.010144
1900,9.495,1399.42091,22.240443,12.977396,0.009228
1901,9.5,1397.81857,22.240505,12.97744,0.008328
1902,9.505,1395.30059,22.240559,12.977479,0.00744
1903,9.51,1392.55371,22.240607,12.977514,0.006551
1904,9.515,1390.3791,22.240648,12.977545,0.005679
1905,9.52,1388.09003,22.240683,12.977571,0.004818
1906,9.525,1385.91542,22.240713,12.977593,0.003933
1907,9.53,1383.85526,22.240737,12.97761,0.003045
1908,9.535,1381.56619,22.240755,12.977623,0.002164
1909,9.54,1379.62049,22.240767,12.977632,0.001284
1910,9.545,1377.67478,22.240773,12.977636,0.000407
1911,9.55,1375.50017,22.240772,12.977636,-0.000473
1912,9.555,1373.44001,22.240766,12.977631,-0.001366
1913,9.56,1371.26539,22.240753,12.977622,-0.002266
1914,9.565,1369.09078,22.240735,12.977609,-0.003158
1915,9.57,1366.80171,22.24071,12.977591,-0.004055
1916,9.575,1364.74155,22.240678,12.977568,-0.004959
1917,9.58,1362.68139,22.240641,12.977541,-0.005851
1918,9.585,1360.39233,22.240597,12.97751,-0.006743
1919,9.59,1357.87435,22.240548,12.977474,-0.007632
1920,9.595,1354.78411,22.240492,12.977433,-0.00852
1921,9.6,1352.15169,22.24043,12.977389,-0.00942
1922,9.605,1349.86262,22.240362,12.977339,-0.010305
1923,9.61,1347.68801,22.240291,12.977286,-0.011166
1924,9.615,1345.97121,22.240214,12.977228,-0.012019
1925,9.62,1344.0255,22.240131,12.977165,-0.01288
1926,9.625,1342.3087,22.240042,12.977099,-0.01374
1927,9.63,1340.47745,22.239947,12.977028,-0.014601
1928,9.635,1338.64619,22.239845,12.976953,-0.015478
1929,9.64,1337.50166,22.239735,12.976873,-0.016374
1930,9.645,1336.35713,22.239617,12.976789,-0.017278
1931,9.65,1334.98369,22.239496,12.9767,-0.018163
1932,9.655,1333.7247,22.239372,12.976607,-0.01902
1933,9.66,1332.35126,22.239242,12.97651,-0.019885
1934,9.665,1330.86337,22.239105,12.976409,-0.020749
1935,9.67,1328.68875,22.238965,12.976303,-0.021602
1936,9.675,1327.31531,22.238819,12.976193,-0.022459
1937,9.68,1325.82742,22.238666,12.976078,-0.02332
1938,9.685,1324.33953,22.238509,12.975959,-0.024173
1939,9.69,1322.16491,22.23835,12.975836,-0.025002
1940,9.695,1320.33366,22.238187,12.975709,-0.025828
1941,9.7,1319.41803,22.23802,12.975578,-0.026649
1942,9.705,1318.15905,22.237846,12.975443,-0.027475
1943,9.71,1317.01451,22.237662,12.975303,-0.028324
1944,9.715,1315.52662,22.237473,12.97516,-0.029173
1945,9.72,1314.49654,22.237281,12.975012,-0.03001
1946,9.725,1313.46646,22.237084,12.97486,-0.030839
1947,9.73,1311.17739,22.236884,12.974703,-0.031665
1948,9.735,1309.11723,22.236677,12.974543,-0.032494
1949,9.74,1306.71371,22.236465,12.974378,-0.033323
1950,9.745,1304.76801,22.236247,12.97421,-0.034157
1951,9.75,1302.8223,22.236021,12.974037,-0.034998
1952,9.755,1301.33441,22.235791,12.97386,-0.035835
1953,9.76,1299.84651,22.235555,12.973678,-0.036672
1954,9.765,1298.35862,22.235309,12.973493,-0.037525
1955,9.77,1296.87073,22.235059,12.973303,-0.038374
1956,9.775,1294.92502,22.234807,12.973109,-0.039211
1957,9.78,1292.75041,22.234551,12.972911,-0.040045
1958,9.785,1291.03361,22.234291,12.972709,-0.04087
1959,9.79,1288.97345,22.234025,12.972502,-0.041699
1960,9.795,1287.02774,22.23375,12.972292,-0.04254
1961,9.8,1284.96758,22.23347,12.972077,-0.043378
1962,9.805,1282.79297,22.233184,12.971858,-0.044219
1963,9.81,1280.61835,22.232892,12.971635,-0.045064
1964,9.815,1278.67265,22.232598,12.971407,-0.045893
1965,9.82,1276.38358,22.232303,12.971176,-0.046715
1966,9.825,1273.86561,22.232003,12.97094,-0.047532
1967,9.83,1271.11873,22.2317,12.970701,-0.048346
1968,9.835,1268.71521,22.231394,12.970457,-0.049151
1969,9.84,1265.96833,22.231082,12.970209,-0.049961
1970,9.845,1263.45035,22.230767,12.969957,-0.050763
1971,9.85,1261.04683,22.230453,12.969701,-0.051553
1972,9.855,1258.29995,22.23013,12.969442,-0.052351
1973,9.86,1256.69761,22.229797,12.969178,-0.05316
1974,9.865,1254.7519,22.229457,12.96891,-0.053978
1975,9.87,1252.80619,22.229109,12.968638,-0.054799
1976,9.875,1250.86049,22.228758,12.968362,-0.055617
1977,9.88,1249.02923,22.228404,12.968082,-0.05643
1978,9.885,1247.19798,22.228046,12.967798,-0.05724
1979,9.89,1244.90891,22.227681,12.967509,-0.058054
1980,9.895,1241.93313,22.227304,12.967217,-0.058883
1981,9.9,1238.95734,22.226927,12.966921,-0.0597
1982,9.905,1236.55382,22.226548,12.96662,-0.06051
1983,9.91,1234.49366,22.226158,12.966316,-0.061335
1984,9.915,1231.86123,22.225763,12.966007,-0.062157
1985,9.92,1229.80107,22.225375,12.965694,-0.062955
1986,9.925,1227.62646,22.224981,12.965377,-0.063753
1987,9.93,1225.5663,22.224581,12.965057,-0.064554
1988,9.935,1223.39169,22.224175,12.964732,-0.065356
1989,9.94,1221.67489,22.223766,12.964403,-0.066154
1990,9.945,1220.18699,22.223359,12.96407,-0.06694
1991,9.95,1218.58465,22.222938,12.963734,-0.067742
1992,9.955,1216.9823,22.222511,12.963393,-0.068547
1993,9.96,1214.69323,22.222089,12.963048,-0.069333
1994,9.965,1212.06081,22.221664,12.962699,-0.070115
1995,9.97,1209.88619,22.221225,12.962347,-0.070913
1996,9.975,1207.82603,22.220776,12.96199,-0.071723
1997,9.98,1205.99478,22.220334,12.96163,-0.072509
1998,9.985,1203.82017,22.219907,12.961265,-0.07326
1999,9.99,1201.76001,22.219477,12.960897,-0.074006
2000,9.995,1200.04321,22.21903,12.960525,-0.074776
2001,10,1197.98305,22.218571,12.960149,-0.075558
2002,10.005,1196.3807,22.218108,12.95977,-0.076341
2003,10.01,1194.54945,22.217638,12.959386,-0.077127
2004,10.015,1192.48929,22.217163,12.958998,-0.077913
2005,10.02,1190.31467,22.216693,12.958607,-0.078683
2006,10.025,1188.14006,22.216233,12.958212,-0.079425
2007,10.03,1185.62209,22.21577,12.957813,-0.080168
2008,10.035,1183.56193,22.215295,12.95741,-0.080923
2009,10.04,1181.15841,22.214818,12.957003,-0.081673
2010,10.045,1178.98379,22.214341,12.956593,-0.082416
2011,10.05,1176.69473,22.213863,12.956179,-0.083155
2012,10.055,1174.63457,22.213383,12.955762,-0.083889
2013,10.06,1172.11659,22.212893,12.95534,-0.084632
2014,10.065,1169.82753,22.212389,12.954915,-0.085391
2015,10.07,1167.30955,22.211889,12.954486,-0.086137
2016,10.075,1164.67713,22.211394,12.954054,-0.086868
2017,10.08,1162.38806,22.2109,12.953618,-0.087591
2018,10.085,1160.44235,22.210407,12.953178,-0.088306
2019,10.09,1158.38219,22.20991,12.952735,-0.089021
2020,10.095,1155.97867,22.209414,12.952288,-0.089728
2021,10.1,1154.49078,22.208906,12.951837,-0.090447
2022,10.105,1152.43062,22.208392,12.951383,-0.09117
2023,10.11,1150.14155,22.207865,12.950926,-0.091905
2024,10.115,1147.96694,22.207332,12.950464,-0.092644
2025,10.12,1145.67787,22.206808,12.949999,-0.093363
2026,10.125,1142.93099,22.206274,12.949531,-0.09409
2027,10.13,1140.52747,22.205734,12.949058,-0.094821
2028,10.135,1138.0095,22.205186,12.948582,-0.095556
2029,10.14,1135.72043,22.204635,12.948103,-0.09629
2030,10.145,1132.8591,22.204093,12.94762,-0.097006
2031,10.15,1130.11222,22.203558,12.947133,-0.097705
2032,10.155,1128.16651,22.20302,12.946643,-0.098404
2033,10.16,1125.64854,22.202475,12.946149,-0.099108
2034,10.165,1122.44385,22.201926,12.945651,-0.099811
2035,10.17,1120.26923,22.201373,12.945151,-0.100514
2036,10.175,1118.43798,22.200813,12.944646,-0.101221
2037,10.18,1116.26337,22.200247,12.944138,-0.101933
2038,10.185,1113.51649,22.199673,12.943627,-0.102648
2039,10.19,1110.76961,22.199093,12.943112,-0.103367
2040,10.195,1108.48054,22.198508,12.942593,-0.104086
2041,10.2,1106.19147,22.197919,12.942071,-0.104805
2042,10.205,1103.21569,22.197333,12.941545,-0.105516
2043,10.21,1100.81217,22.196758,12.941016,-0.106207
2044,10.215,1098.40865,22.196188,12.940483,-0.106887
2045,10.22,1095.89067,22.195612,12.939947,-0.107571
2046,10.225,1093.14379,22.195025,12.939408,-0.108262
2047,10.23,1090.28246,22.194432,12.938864,-0.108958
2048,10.235,1088.45121,22.193842,12.938318,-0.109645
2049,10.24,1086.39105,22.19325,12.937768,-0.110329
2050,10.245,1084.67425,22.192643,12.937215,-0.111028
2051,10.25,1082.38518,22.192028,12.936658,-0.111731
2052,10.255,1079.98166,22.191399,12.936097,-0.112446
2053,10.26,1077.46369,22.190764,12.935533,-0.113165
2054,10.265,1074.94571,22.190137,12.934966,-0.113869
2055,10.27,1072.42774,22.189503,12.934395,-0.114576
2056,10.275,1070.25313,22.188872,12.93382,-0.115275
2057,10.28,1068.53633,22.188258,12.933242,-0.115951
2058,10.285,1066.70507,22.187639,12.93266,-0.116627
2059,10.29,1064.64491,22.187021,12.932076,-0.117299
2060,10.295,1062.12694,22.186398,12.931487,-0.11797
2061,10.3,1060.41014,22.185759,12.930896,-0.118658
2062,10.305,1058.69334,22.185116,12.930301,-0.119345
2063,10.31,1057.3199,22.184473,12.929702,-0.120029
2064,10.315,1055.37419,22.183829,12.929101,-0.120709
2065,10.32,1053.08513,22.183196,12.928495,-0.121373
2066,10.325,1051.02497,22.182577,12.927887,-0.122017
2067,10.33,1049.07926,22.181951,12.927275,-0.122665
2068,10.335,1047.47691,22.181304,12.92666,-0.123333
2069,10.34,1045.64566,22.180654,12.926042,-0.124001
2070,10.345,1043.81441,22.180011,12.92542,-0.124657
2071,10.35,1042.09761,22.179353,12.924795,-0.125324
2072,10.355,1039.80854,22.178692,12.924167,-0.125992
2073,10.36,1037.97729,22.178046,12.923535,-0.12664
2074,10.365,1035.0015,22.177389,12.922901,-0.127296
2075,10.37,1033.05579,22.176722,12.922262,-0.12796
2076,10.375,1031.11009,22.176066,12.921621,-0.128609
2077,10.38,1028.93547,22.175414,12.920976,-0.129249
2078,10.385,1026.53195,22.174754,12.920328,-0.129893
2079,10.39,1024.12843,22.174092,12.919677,-0.130537
2080,10.395,1021.72491,22.173434,12.919023,-0.131174
2081,10.4,1019.77921,22.172773,12.918366,-0.13181
2082,10.405,1017.8335,22.172089,12.917705,-0.132466
2083,10.41,1015.88779,22.171402,12.917041,-0.133122
2084,10.415,1013.59873,22.170739,12.916374,-0.13375
2085,10.42,1011.99638,22.170065,12.915703,-0.134387
2086,10.425,1010.05067,22.169364,12.91503,-0.135047
2087,10.43,1007.99051,22.16866,12.914353,-0.135707
2088,10.435,1005.93035,22.16798,12.913673,-0.136339
2089,10.44,1004.0991,22.167317,12.91299,-0.136952
2090,10.445,1001.81003,22.166638,12.912303,-0.137576
2091,10.45,999.17761,22.165953,12.911614,-0.138205
2092,10.455,996.65963,22.165272,12.910921,-0.138825
2093,10.46,994.82838,22.164589,12.910226,-0.139446
2094,10.465,993.11158,22.163902,12.909527,-0.140066
2095,10.47,991.28033,22.163221,12.908825,-0.140679
2096,10.475,989.44907,22.162532,12.90812,-0.141296
2097,10.48,987.38891,22.16184,12.907412,-0.141912
2098,10.485,985.78657,22.161138,12.906701,-0.142537
2099,10.49,984.18422,22.16044,12.905987,-0.143153
2100,10.495,982.23851,22.159739,12.905269,-0.14377
2101,10.5,980.17835,22.159019,12.904549,-0.144403
2102,10.505,977.66038,22.158308,12.903825,-0.145023
2103,10.51,975.14241,22.157602,12.903099,-0.145636
2104,10.515,972.50998,22.156894,12.902369,-0.146248
2105,10.52,970.10646,22.156182,12.901636,-0.146861
2106,10.525,967.58849,22.155472,12.9009,-0.14747
2107,10.53,965.41387,22.154759,12.900162,-0.148079
2108,10.535,963.69707,22.15403,12.89942,-0.148699
2109,10.54,961.98027,22.153298,12.898675,-0.14932
2110,10.545,961.06465,22.152593,12.897927,-0.149913
2111,10.55,959.23339,22.151881,12.897175,-0.15051
2112,10.555,957.05878,22.15114,12.896421,-0.15113
2113,10.56,954.88417,22.150387,12.895664,-0.151759
2114,10.565,952.5951,22.149631,12.894904,-0.152387
2115,10.57,950.53494,22.14889,12.89414,-0.153
2116,10.575,949.04705,22.148163,12.893374,-0.153597
2117,10.58,947.4447,22.147438,12.892604,-0.15419
2118,10.585,945.7279,22.146702,12.891832,-0.154791
2119,10.59,943.78219,22.145967,12.891056,-0.155388
2120,10.595,941.60758,22.145238,12.890278,-0.155977
2121,10.6,940.11969,22.144511,12.889497,-0.156562
2122,10.605,937.94507,22.143786,12.888712,-0.157143
2123,10.61,935.99937,22.143058,12.887925,-0.157724
2124,10.615,934.74038,22.142341,12.887135,-0.158294
2125,10.62,933.13803,22.141621,12.886342,-0.158863
2126,10.625,931.53569,22.140881,12.885547,-0.159448
2127,10.63,930.16225,22.140137,12.884748,-0.160033
2128,10.635,928.5599,22.139405,12.883946,-0.160607
2129,10.64,926.72865,22.138675,12.883142,-0.161176
2130,10.645,925.1263,22.137943,12.882334,-0.161745
2131,10.65,923.52395,22.137212,12.881524,-0.162311
2132,10.655,921.46379,22.136479,12.880711,-0.162876
2133,10.66,918.94582,22.135744,12.879896,-0.163442
2134,10.665,917.34347,22.135015,12.879077,-0.163999
2135,10.67,915.97003,22.13427,12.878256,-0.164569
2136,10.675,913.90987,22.133507,12.877431,-0.16515
2137,10.68,911.73526,22.132757,12.876604,-0.165719
2138,10.685,909.6751,22.132004,12.875774,-0.166288
2139,10.69,908.30166,22.131233,12.874941,-0.16687
2140,10.695,906.92822,22.130465,12.874105,-0.167447
2141,10.7,905.21142,22.129729,12.873267,-0.167997
2142,10.705,903.72352,22.128999,12.872425,-0.168538
2143,10.71,901.89227,22.128243,12.871581,-0.1691
2144,10.715,899.94656,22.127474,12.870734,-0.169669
2145,10.72,898.57312,22.126718,12.869885,-0.170227
2146,10.725,896.51296,22.125959,12.869032,-0.170784
2147,10.73,894.79616,22.125198,12.868177,-0.171342
2148,10.735,893.19382,22.124419,12.867319,-0.171911
2149,10.74,891.13366,22.123628,12.866458,-0.172488
2150,10.745,889.87467,22.122854,12.865594,-0.17305
2151,10.75,888.04342,22.122078,12.864727,-0.173611
2152,10.755,886.55552,22.121319,12.863858,-0.174157
2153,10.76,885.29654,22.120563,12.862986,-0.174699
2154,10.765,883.9231,22.119804,12.862111,-0.175241
2155,10.77,882.54966,22.119059,12.861233,-0.175771
2156,10.775,880.94731,22.118301,12.860353,-0.176309
2157,10.78,879.0016,22.11754,12.85947,-0.176846
2158,10.785,876.94144,22.116772,12.858585,-0.177388
2159,10.79,874.30902,22.115982,12.857696,-0.177946
2160,10.795,872.36331,22.115157,12.856805,-0.178527
2161,10.8,871.10432,22.114336,12.855911,-0.179104
2162,10.805,869.15862,22.113548,12.855014,-0.179654
2163,10.81,867.44182,22.112773,12.854114,-0.180192
2164,10.815,865.38166,22.112007,12.853212,-0.180722
2165,10.82,863.5504,22.111238,12.852307,-0.181252
2166,10.825,861.37579,22.110451,12.8514,-0.181794
2167,10.83,859.77344,22.109667,12.850489,-0.182331
2168,10.835,857.82774,22.108886,12.849576,-0.182865
2169,10.84,856.11094,22.108092,12.848661,-0.183407
2170,10.845,854.27968,22.107317,12.847742,-0.183933
2171,10.85,852.67734,22.106534,12.846821,-0.184463
2172,10.855,850.96054,22.105734,12.845898,-0.185005
2173,10.86,849.70155,22.104952,12.844971,-0.185531
2174,10.865,848.21366,22.104152,12.844042,-0.186069
2175,10.87,847.06912,22.103323,12.843111,-0.186626
2176,10.875,845.35232,22.102496,12.842176,-0.18718
2177,10.88,843.52107,22.101678,12.841239,-0.187726
2178,10.885,841.91872,22.100869,12.840299,-0.188264
2179,10.89,840.77419,22.100073,12.839356,-0.18879
2180,10.895,839.74411,22.099275,12.838411,-0.189316
2181,10.9,838.37067,22.098476,12.837463,-0.189842
2182,10.905,837.11168,22.097696,12.836513,-0.190352
2183,10.91,835.50934,22.09693,12.83556,-0.19085
2184,10.915,834.25035,22.09614,12.834604,-0.191365
2185,10.92,832.87691,22.095332,12.833646,-0.191891
2186,10.925,831.50347,22.094532,12.832685,-0.192409
2187,10.93,830.35894,22.093736,12.831722,-0.192923
2188,10.935,828.9855,22.092937,12.830756,-0.193437
2189,10.94,827.38315,22.092137,12.829787,-0.193952
2190,10.945,825.20854,22.091329,12.828816,-0.19447
2191,10.95,823.8351,22.090518,12.827843,-0.194988
2192,10.955,823.14838,22.089706,12.826866,-0.195506
2193,10.96,822.00384,22.088908,12.825888,-0.196012
2194,10.965,820.17259,22.088131,12.824906,-0.196503
2195,10.97,818.79915,22.087329,12.823923,-0.197009
2196,10.975,817.54016,22.086543,12.822936,-0.197504
2197,10.98,815.70891,22.085765,12.821948,-0.197991
2198,10.985,814.67883,22.084963,12.820956,-0.198493
2199,10.99,812.96203,22.084165,12.819963,-0.198991
2200,10.995,811.13078,22.083359,12.818966,-0.199494
2201,11,809.18507,22.082539,12.817968,-0.200004
2202,11.005,807.58272,22.081706,12.816966,-0.200522
2203,11.01,806.32374,22.080859,12.815962,-0.201048
2204,11.015,805.1792,22.080015,12.814956,-0.20157
2205,11.02,804.03467,22.079175,12.813947,-0.202089
2206,11.025,802.89014,22.078345,12.812935,-0.202599
2207,11.03,801.40224,22.077548,12.811921,-0.203086
2208,11.035,800.25771,22.076772,12.810904,-0.203556
2209,11.04,798.65536,22.076012,12.809885,-0.204016
2210,11.045,796.48075,22.075245,12.808864,-0.204479
2211,11.05,794.53504,22.074446,12.80784,-0.204961
2212,11.055,793.04715,22.07364,12.806814,-0.205448
2213,11.06,791.4448,22.072819,12.805786,-0.205942
2214,11.065,789.728,22.071991,12.804755,-0.206441
2215,11.07,788.46902,22.071167,12.803722,-0.206935
2216,11.075,786.86667,22.07037,12.802686,-0.20741
2217,11.08,785.26432,22.069584,12.801647,-0.207877
2218,11.085,784.00534,22.06879,12.800607,-0.208348
2219,11.09,782.28854,22.067989,12.799564,-0.208823
2220,11.095,780.68619,22.067185,12.798519,-0.209298
2221,11.1,779.65611,22.066386,12.797471,-0.209769
2222,11.105,777.82486,22.065585,12.796421,-0.21024
2223,11.11,776.22251,22.06477,12.795369,-0.210718
2224,11.115,774.84907,22.06394,12.794314,-0.211205
2225,11.12,773.24672,22.063122,12.793257,-0.211684
2226,11.125,770.95766,22.062313,12.792197,-0.212155
2227,11.13,768.78304,22.061515,12.791135,-0.212618
2228,11.135,766.72288,22.06071,12.790071,-0.213085
2229,11.14,764.43382,22.059883,12.789004,-0.213563
2230,11.145,762.71702,22.059031,12.787935,-0.214058
2231,11.15,760.65686,22.058188,12.786864,-0.214545
2232,11.155,759.16896,22.057363,12.78579,-0.215019
2233,11.16,757.90998,22.056548,12.784713,-0.215486
2234,11.165,756.53654,22.055731,12.783635,-0.215953
2235,11.17,755.1631,22.054913,12.782554,-0.21642
2236,11.175,753.78966,22.05408,12.781471,-0.216895
2237,11.18,751.84395,22.053214,12.780385,-0.21739
2238,11.185,750.12715,22.052365,12.779297,-0.217872
2239,11.19,748.41035,22.051539,12.778206,-0.218339
2240,11.195,746.808,22.050737,12.777113,-0.218791
2241,11.2,744.8623,22.049927,12.776018,-0.219246
2242,11.205,743.3744,22.049077,12.774921,-0.219724
2243,11.21,741.77206,22.048225,12.773821,-0.220203
2244,11.215,740.28416,22.047403,12.772719,-0.220662
2245,11.22,738.91072,22.04658,12.771614,-0.221121
2246,11.225,737.19392,22.045742,12.770508,-0.221588
2247,11.23,736.62166,22.044928,12.769399,-0.22204
2248,11.235,735.36267,22.044099,12.768287,-0.222499
2249,11.24,734.21814,22.043243,12.767174,-0.222974
2250,11.245,732.73024,22.042417,12.766058,-0.223429
2251,11.25,731.1279,22.041629,12.764939,-0.22386
2252,11.255,729.52555,22.040826,12.763819,-0.2243
2253,11.26,727.6943,22.040008,12.762696,-0.224747
2254,11.265,725.86304,22.03917,12.761571,-0.225206
2255,11.27,724.14624,22.038323,12.760444,-0.225669
2256,11.275,722.65835,22.037494,12.759315,-0.22612
2257,11.28,721.74272,22.036669,12.758183,-0.226567
2258,11.285,720.48374,22.035844,12.757049,-0.227015
2259,11.29,719.22475,22.035016,12.755913,-0.227462
2260,11.295,718.53803,22.03422,12.754775,-0.227889
2261,11.3,717.27904,22.033403,12.753634,-0.228329
2262,11.305,715.9056,22.03255,12.752491,-0.228788
2263,11.31,714.87552,22.031723,12.751346,-0.229231
2264,11.315,713.73099,22.030928,12.750199,-0.229655
2265,11.32,712.12864,22.030124,12.74905,-0.230082
2266,11.325,710.64075,22.029312,12.747898,-0.230514
2267,11.33,709.49622,22.028498,12.746744,-0.230945
2268,11.335,708.46614,22.02767,12.745589,-0.231385
2269,11.34,708.00832,22.026853,12.744431,-0.231816
2270,11.345,706.74934,22.026042,12.74327,-0.232244
2271,11.35,705.6048,22.025216,12.742108,-0.232679
2272,11.355,704.23136,22.024394,12.740944,-0.233111
2273,11.36,702.97238,22.023585,12.739777,-0.233535
2274,11.365,701.48448,22.022775,12.738608,-0.233958
2275,11.37,699.88214,22.021942,12.737437,-0.234394
2276,11.375,698.39424,22.021129,12.736264,-0.234817
2277,11.38,697.36416,22.020354,12.735089,-0.235217
2278,11.385,696.21963,22.019579,12.733912,-0.235617
2279,11.39,694.38838,22.018822,12.732733,-0.236005
2280,11.395,692.44267,22.018065,12.731552,-0.236394
2281,11.4,690.49696,22.017292,12.730369,-0.23679
2282,11.405,688.78016,22.016504,12.729184,-0.237194
2283,11.41,687.06336,22.015695,12.727997,-0.237609
2284,11.415,685.23211,22.014898,12.726808,-0.238017
2285,11.42,683.62976,22.014078,12.725617,-0.238437
2286,11.425,682.48523,22.013237,12.724424,-0.238868
2287,11.43,680.65398,22.012442,12.723228,-0.239272
2288,11.435,678.59382,22.011674,12.722031,-0.239661
2289,11.44,676.76256,22.010891,12.720832,-0.240057
2290,11.445,675.04576,22.010099,12.719631,-0.240457
2291,11.45,673.90123,22.009314,12.718427,-0.240853
2292,11.455,672.06998,22.008519,12.717222,-0.241253
2293,11.46,670.12427,22.007703,12.716015,-0.241664
2294,11.465,668.86528,22.006906,12.714805,-0.242064
2295,11.47,667.6063,22.006122,12.713594,-0.242457
2296,11.475,665.77504,22.005323,12.712381,-0.242857
2297,11.48,664.1727,22.004494,12.711166,-0.243272
2298,11.485,663.25707,22.003649,12.709948,-0.243696
2299,11.49,661.65472,22.00281,12.708729,-0.244116
2300,11.495,659.59456,22.001991,12.707507,-0.244524
2301,11.5,658.45003,22.001192,12.706283,-0.24492
2302,11.505,656.73323,22.000385,12.705058,-0.24532
2303,11.51,655.24534,21.999576,12.70383,-0.24572
2304,11.515,653.07072,21.998766,12.702601,-0.24612
2305,11.52,650.78166,21.997954,12.701369,-0.24652
2306,11.525,649.40822,21.997127,12.700135,-0.246927
2307,11.53,647.69142,21.996263,12.6989,-0.247355
2308,11.535,646.08907,21.995426,12.697662,-0.247767
2309,11.54,644.14336,21.994638,12.696422,-0.248151
2310,11.545,642.65547,21.993834,12.69518,-0.248543
2311,11.55,641.39648,21.993021,12.693937,-0.248939
2312,11.555,639.45078,21.992215,12.692691,-0.249331
2313,11.56,637.27616,21.991386,12.691443,-0.249735
2314,11.565,635.67382,21.990526,12.690194,-0.250155
2315,11.57,634.30038,21.989694,12.688942,-0.250559
2316,11.575,632.58358,21.98889,12.687688,-0.250947
2317,11.58,631.5535,21.988091,12.686432,-0.251331
2318,11.585,629.8367,21.987277,12.685175,-0.251723
2319,11.59,628.23435,21.986411,12.683915,-0.252143
2320,11.595,626.74646,21.98555,12.682653,-0.252559
2321,11.6,625.37302,21.984732,12.681389,-0.252951
2322,11.605,623.54176,21.983927,12.680124,-0.253335
2323,11.61,621.93942,21.983129,12.678856,-0.253716
2324,11.615,620.33707,21.982322,12.677587,-0.2541
2325,11.62,618.39136,21.981521,12.676315,-0.25448
2326,11.625,616.1023,21.980733,12.675042,-0.254853
2327,11.63,614.84331,21.979922,12.673767,-0.255237
2328,11.635,613.92768,21.979103,12.672489,-0.255625
2329,11.64,612.78315,21.978327,12.67121,-0.25599
2330,11.645,611.98198,21.977579,12.66993,-0.256338
2331,11.65,610.37963,21.976808,12.668647,-0.256699
2332,11.655,609.2351,21.976036,12.667363,-0.25706
2333,11.66,607.63275,21.97527,12.666076,-0.257416
2334,11.665,606.0304,21.974526,12.664788,-0.257761
2335,11.67,604.3136,21.973773,12.663499,-0.25811
2336,11.675,601.91008,21.972974,12.662207,-0.258482
2337,11.68,600.30774,21.972174,12.660914,-0.258855
2338,11.685,599.04875,21.971396,12.659619,-0.259215
2339,11.69,598.01867,21.970639,12.658322,-0.259564
2340,11.695,596.53078,21.969888,12.657023,-0.259909
2341,11.7,594.92843,21.969122,12.655723,-0.260262
2342,11.705,593.55499,21.968354,12.654421,-0.260614
2343,11.71,591.83819,21.967593,12.653117,-0.260963
2344,11.715,590.12139,21.966793,12.651811,-0.261332
2345,11.72,588.51904,21.965984,12.650503,-0.261704
2346,11.725,586.9167,21.965212,12.649194,-0.262057
2347,11.73,584.97099,21.964447,12.647883,-0.262406
2348,11.735,582.91083,21.96365,12.64657,-0.26277
2349,11.74,581.42294,21.962837,12.645255,-0.263143
2350,11.745,579.24832,21.962068,12.643938,-0.263491
2351,11.75,577.53152,21.961306,12.64262,-0.263836
2352,11.755,576.04363,21.960566,12.6413,-0.264169
2353,11.76,574.78464,21.959833,12.639978,-0.264498
2354,11.765,573.29675,21.959114,12.638655,-0.26482
2355,11.77,572.03776,21.958425,12.63733,-0.265125
2356,11.775,570.43542,21.957673,12.636004,-0.265462
2357,11.78,568.71862,21.956906,12.634676,-0.265807
2358,11.785,566.42955,21.95616,12.633346,-0.26614
2359,11.79,564.5983,21.955429,12.632014,-0.266465
2360,11.795,562.42368,21.954689,12.630681,-0.266794
2361,11.8,560.93579,21.953941,12.629346,-0.267127
2362,11.805,559.4479,21.953199,12.62801,-0.267456
2363,11.81,557.84555,21.95248,12.626672,-0.267774
2364,11.815,555.78539,21.951768,12.625332,-0.268087
2365,11.82,553.83968,21.951039,12.623991,-0.268408
2366,11.825,552.23734,21.950309,12.622648,-0.268729
2367,11.83,550.63499,21.949548,12.621303,-0.269066
2368,11.835,549.26155,21.948785,12.619957,-0.269403
2369,11.84,547.08694,21.948045,12.618609,-0.269729
2370,11.845,544.45451,21.947304,12.61726,-0.270054
2371,11.85,542.85216,21.946554,12.615909,-0.270383
2372,11.855,541.36427,21.945812,12.614556,-0.270708
2373,11.86,539.64747,21.945092,12.613202,-0.271021
2374,11.865,538.04512,21.944371,12.611846,-0.271335
2375,11.87,536.21387,21.943672,12.610489,-0.271636
2376,11.875,534.95488,21.942997,12.60913,-0.271926
2377,11.88,533.46699,21.942297,12.607769,-0.272227
2378,11.885,531.17792,21.941549,12.606407,-0.272553
2379,11.89,529.34667,21.940793,12.605044,-0.272882
2380,11.895,528.31659,21.940051,12.603679,-0.273203
2381,11.9,527.0576,21.93934,12.602312,-0.273508
2382,11.905,525.56971,21.938636,12.600943,-0.27381
2383,11.91,524.19627,21.937915,12.599574,-0.274119
2384,11.915,522.70838,21.937202,12.598202,-0.274425
2385,11.92,521.79275,21.936512,12.596829,-0.274718
2386,11.925,520.30486,21.935853,12.595455,-0.274996
2387,11.93,518.70251,21.935161,12.594079,-0.27529
2388,11.935,517.44352,21.934444,12.592702,-0.275595
2389,11.94,516.64235,21.933719,12.591323,-0.275905
2390,11.945,515.49782,21.932993,12.589943,-0.276214
2391,11.95,513.89547,21.932298,12.588561,-0.276508
2392,11.955,511.83531,21.931603,12.587178,-0.276801
2393,11.96,510.23296,21.930906,12.585793,-0.277095
2394,11.965,508.51616,21.930209,12.584407,-0.277389
2395,11.97,506.456,21.929528,12.583019,-0.277675
2396,11.975,504.96811,21.928853,12.58163,-0.277956
2397,11.98,503.59467,21.928186,12.58024,-0.278234
2398,11.985,502.33568,21.927518,12.578848,-0.278512
2399,11.99,500.27552,21.926802,12.577455,-0.278814
2400,11.995,498.78763,21.9261,12.57606,-0.279107
2401,12,497.75755,21.925439,12.574664,-0.279381
2402,12.005,495.9263,21.924752,12.573266,-0.279667
2403,12.01,495.01067,21.924024,12.571867,-0.279973
2404,12.015,493.29387,21.923296,12.570466,-0.280278
2405,12.02,492.4927,21.922566,12.569064,-0.280583
2406,12.025,491.57707,21.921844,12.567661,-0.280885
2407,12.03,489.97472,21.921137,12.566255,-0.281179
2408,12.035,488.37238,21.920438,12.564849,-0.281468
2409,12.04,487.11339,21.919779,12.563441,-0.281738
2410,12.045,486.31222,21.919168,12.562031,-0.281985
2411,12.05,484.70987,21.918516,12.560621,-0.282251
2412,12.055,482.87862,21.917806,12.559209,-0.282544
2413,12.06,481.73408,21.917112,12.557795,-0.28283
2414,12.065,480.81846,21.916433,12.556381,-0.283108
2415,12.07,479.21611,21.915745,12.554964,-0.28339
2416,12.075,477.61376,21.915057,12.553547,-0.283672
2417,12.08,476.35478,21.914376,12.552128,-0.28395
2418,12.085,474.75243,21.913686,12.550707,-0.284232
2419,12.09,473.49344,21.913021,12.549285,-0.284502
2420,12.095,472.23446,21.912387,12.547862,-0.284756
2421,12.1,471.20438,21.911721,12.546438,-0.285026
2422,12.105,469.83094,21.91102,12.545012,-0.285312
2423,12.11,468.6864,21.910344,12.543585,-0.285586
2424,12.115,467.31296,21.909683,12.542156,-0.285852
2425,12.12,466.51179,21.909022,12.540726,-0.286118
2426,12.125,465.48171,21.908343,12.539295,-0.286392
2427,12.13,464.33718,21.907656,12.537862,-0.28667
2428,12.135,463.3071,21.907018,12.536428,-0.286924
2429,12.14,462.04811,21.906396,12.534993,-0.28717
2430,12.145,460.67467,21.905732,12.533556,-0.287436
2431,12.15,459.30123,21.905058,12.532119,-0.287706
2432,12.155,458.27115,21.904393,12.530679,-0.287972
2433,12.16,456.89771,21.903735,12.529239,-0.288234
2434,12.165,455.29536,21.903085,12.527797,-0.288493
2435,12.17,454.03638,21.902426,12.526354,-0.288755
2436,12.175,453.0063,21.901758,12.52491,-0.289021
2437,12.18,452.09067,21.90109,12.523464,-0.289287
2438,12.185,450.83168,21.900404,12.522017,-0.289561
2439,12.19,449.5727,21.899684,12.520568,-0.289851
2440,12.195,447.97035,21.89898,12.519118,-0.290132
2441,12.2,446.94027,21.898342,12.517667,-0.290383
2442,12.205,446.25355,21.897755,12.516214,-0.290609
2443,12.21,445.45238,21.897167,12.514761,-0.290836
2444,12.215,444.53675,21.896561,12.513306,-0.291071
2445,12.22,443.50667,21.895947,12.51185,-0.291309
2446,12.225,442.36214,21.895307,12.510393,-0.29156
2447,12.23,441.10315,21.894658,12.508934,-0.291814
2448,12.235,439.95862,21.894,12.507475,-0.292072
2449,12.24,438.81408,21.893358,12.506014,-0.292322
2450,12.245,437.21174,21.892716,12.504552,-0.292573
2451,12.25,436.52502,21.892047,12.503088,-0.292835
2452,12.255,435.8383,21.891412,12.501623,-0.293081
2453,12.26,434.57931,21.890794,12.500157,-0.29332
2454,12.265,433.43478,21.890175,12.49869,-0.293558
2455,12.27,432.51915,21.889564,12.497222,-0.293793
2456,12.275,431.48907,21.888927,12.495752,-0.294039
2457,12.28,430.11563,21.888281,12.494281,-0.294289
2458,12.285,428.62774,21.887668,12.492809,-0.294524
2459,12.29,427.36875,21.887055,12.491336,-0.294759
2460,12.295,426.33867,21.886399,12.489862,-0.295013
2461,12.3,425.7664,21.885759,12.488386,-0.295259
2462,12.305,423.93515,21.885187,12.486909,-0.295474
2463,12.31,422.1039,21.884589,12.485431,-0.295701
2464,12.315,420.50155,21.883948,12.483952,-0.295947
2465,12.32,419.24256,21.883349,12.482472,-0.296174
2466,12.325,418.21248,21.882784,12.48099,-0.296385
2467,12.33,417.06795,21.882193,12.479508,-0.296608
2468,12.335,416.03787,21.881567,12.478024,-0.296846
2469,12.34,414.32107,21.88094,12.476539,-0.297085
2470,12.345,413.17654,21.880313,12.475053,-0.297323
2471,12.35,412.60427,21.879669,12.473566,-0.297569
2472,12.355,411.00192,21.879023,12.472078,-0.297816
2473,12.36,409.62848,21.878395,12.470588,-0.298054
2474,12.365,408.3695,21.877792,12.469097,-0.298281
2475,12.37,407.11051,21.877162,12.467605,-0.298519
2476,12.375,405.96598,21.876532,12.466112,-0.298758
2477,12.38,404.82144,21.875953,12.464618,-0.298973
2478,12.385,403.10464,21.875348,12.463122,-0.2992
2479,12.39,402.30347,21.8747,12.461626,-0.299446
2480,12.395,401.04448,21.874068,12.460128,-0.299684
2481,12.4,399.67104,21.873461,12.458629,-0.299911
2482,12.405,397.95424,21.872863,12.457129,-0.300134
2483,12.41,396.5808,21.872273,12.455627,-0.300353
2484,12.415,395.43627,21.871708,12.454125,-0.30056
2485,12.42,394.864,21.871144,12.452622,-0.300767
2486,12.425,394.06283,21.870561,12.451117,-0.300982
2487,12.43,393.26166,21.869987,12.449612,-0.301192
2488,12.435,392.00267,21.869395,12.448105,-0.301411
2489,12.44,390.28587,21.868802,12.446598,-0.30163
2490,12.445,388.68352,21.868227,12.445089,-0.301841
2491,12.45,387.19563,21.867633,12.443579,-0.30206
2492,12.455,386.0511,21.867004,12.442069,-0.302294
2493,12.46,384.79211,21.866358,12.440556,-0.302537
2494,12.465,383.53312,21.865728,12.439043,-0.302771
2495,12.47,382.27414,21.865115,12.437529,-0.302998
2496,12.475,381.58742,21.864537,12.436013,-0.303209
2497,12.48,380.67179,21.863985,12.434497,-0.303408
2498,12.485,379.06944,21.863441,12.432979,-0.303603
2499,12.49,377.696,21.862888,12.431461,-0.303802
2500,12.495,376.66592,21.862317,12.429941,-0.304009
2501,12.5,375.40694,21.861728,12.428421,-0.304224
2502,12.505,374.0335,21.861113,12.426899,-0.304451
2503,12.51,372.88896,21.860514,12.425376,-0.30467
2504,12.515,371.51552,21.859906,12.423852,-0.304893
2505,12.52,370.48544,21.859272,12.422327,-0.305127
2506,12.525,369.34091,21.858628,12.420801,-0.305366
2507,12.53,367.85302,21.858028,12.419274,-0.305584
2508,12.535,366.36512,21.85748,12.417745,-0.30578
2509,12.54,365.56395,21.856932,12.416216,-0.305975
2510,12.545,364.41942,21.856392,12.414685,-0.306166
2511,12.55,362.70262,21.855852,12.413154,-0.306357
2512,12.555,361.55808,21.85533,12.411622,-0.306541
2513,12.56,360.98582,21.854842,12.410089,-0.306708
2514,12.565,360.07019,21.854355,12.408555,-0.306876
2515,12.57,358.5823,21.85384,12.40702,-0.307055
2516,12.575,357.55222,21.853272,12.405484,-0.307258
2517,12.58,356.40768,21.852695,12.403947,-0.307465
2518,12.585,355.1487,21.852126,12.402409,-0.307668
2519,12.59,353.88971,21.851592,12.400871,-0.307856
2520,12.595,353.08854,21.851094,12.399331,-0.308027
2521,12.6,352.17291,21.850542,12.39779,-0.308222
2522,12.605,350.91392,21.849989,12.396249,-0.308418
2523,12.61,349.76939,21.849463,12.394706,-0.308601
2524,12.615,348.62486,21.848937,12.393163,-0.308784
2525,12.62,347.59478,21.848419,12.391618,-0.308964
2526,12.625,345.99243,21.847892,12.390073,-0.309147
2527,12.63,345.0768,21.847338,12.388527,-0.309342
2528,12.635,344.16118,21.84682,12.38698,-0.309522
2529,12.64,342.67328,21.846327,12.385432,-0.309689
2530,12.645,341.18539,21.845817,12.383883,-0.309865
2531,12.65,339.81195,21.845307,12.382333,-0.31004
2532,12.655,338.66742,21.844823,12.380782,-0.310204
2533,12.66,337.17952,21.844347,12.379231,-0.310364
2534,12.665,335.80608,21.843836,12.377679,-0.310539
2535,12.67,335.00491,21.84327,12.376126,-0.310738
2536,12.675,333.51702,21.842669,12.374571,-0.310953
2537,12.68,332.60139,21.842075,12.373016,-0.311164
2538,12.685,331.57131,21.841518,12.37146,-0.311359
2539,12.69,330.42678,21.841013,12.369903,-0.311531
2540,12.695,329.28224,21.8405,12.368344,-0.311706
2541,12.7,328.59552,21.839987,12.366785,-0.311882
2542,12.705,327.9088,21.839509,12.365226,-0.312041
2543,12.71,326.64981,21.839067,12.363665,-0.312185
2544,12.715,325.16192,21.838634,12.362104,-0.312325
2545,12.72,324.01739,21.838182,12.360542,-0.312473
2546,12.725,323.21621,21.837676,12.358979,-0.312645
2547,12.73,322.64395,21.837116,12.357415,-0.31284
2548,12.735,322.07168,21.836619,12.355851,-0.313008
2549,12.74,321.61387,21.836148,12.354285,-0.313163
2550,12.745,320.81269,21.83565,12.352719,-0.313331
2551,12.75,319.66816,21.835143,12.351152,-0.313503
2552,12.755,318.18027,21.834636,12.349584,-0.313674
2553,12.76,316.69237,21.834155,12.348015,-0.313834
2554,12.765,315.20448,21.833692,12.346446,-0.313986
2555,12.77,313.71659,21.83322,12.344875,-0.314141
2556,12.775,312.68651,21.832739,12.343304,-0.314301
2557,12.78,311.19861,21.832267,12.341732,-0.314457
2558,12.785,310.62635,21.831812,12.34016,-0.314605
2559,12.79,309.48181,21.831339,12.338586,-0.314761
2560,12.795,307.99392,21.830839,12.337012,-0.314928
2561,12.8,306.84939,21.830365,12.335437,-0.315084
2562,12.805,305.70485,21.82991,12.333861,-0.315232
2563,12.81,305.13259,21.829436,12.332285,-0.315388
2564,12.815,304.56032,21.828916,12.330707,-0.315563
2565,12.82,304.44587,21.828424,12.329129,-0.315727
2566,12.825,303.98805,21.827986,12.32755,-0.315867
2567,12.83,302.84352,21.827557,12.32597,-0.316003
2568,12.835,302.38571,21.827118,12.32439,-0.316143
2569,12.84,301.92789,21.826652,12.322809,-0.316295
2570,12.845,301.58453,21.826149,12.321227,-0.316463
2571,12.85,301.01227,21.825619,12.319644,-0.316642
2572,12.855,299.98219,21.825106,12.318061,-0.316814
2573,12.86,299.06656,21.824612,12.316476,-0.316977
2574,12.865,298.15093,21.824126,12.314891,-0.317137
2575,12.87,297.23531,21.823658,12.313305,-0.317289
2576,12.875,296.20523,21.8232,12.311718,-0.317437
2577,12.88,295.0607,21.822732,12.31013,-0.317589
2578,12.885,293.91616,21.822264,12.308542,-0.31774
2579,12.89,293.5728,21.821814,12.306953,-0.317884
2580,12.895,292.65717,21.821363,12.305363,-0.318028
2581,12.9,291.856,21.820922,12.303773,-0.318168
2582,12.905,290.94037,21.820481,12.302182,-0.318308
2583,12.91,290.36811,21.820057,12.30059,-0.318441
2584,12.915,289.68139,21.819662,12.298997,-0.318561
2585,12.92,288.65131,21.819238,12.297404,-0.318693
2586,12.925,286.93451,21.818824,12.29581,-0.318821
2587,12.93,285.67552,21.8184,12.294216,-0.318953
2588,12.935,284.7599,21.817948,12.292621,-0.319097
2589,12.94,283.95872,21.817496,12.291025,-0.319241
2590,12.945,283.50091,21.817053,12.289428,-0.319381
2591,12.95,282.47083,21.816591,12.287831,-0.319529
2592,12.955,281.21184,21.816074,12.286233,-0.319701
2593,12.96,280.52512,21.815566,12.284634,-0.319868
2594,12.965,280.18176,21.815103,12.283034,-0.320016
2595,12.97,279.6095,21.81465,12.281434,-0.32016
2596,12.975,278.69387,21.81416,12.279833,-0.32032
2597,12.98,276.86262,21.81366,12.278231,-0.320484
2598,12.985,275.48918,21.813169,12.276628,-0.320643
2599,12.99,274.91691,21.812677,12.275024,-0.320803
2600,12.995,273.42902,21.812195,12.27342,-0.320959
2601,13,272.7423,21.81175,12.271815,-0.321099
2602,13.005,271.71222,21.811342,12.270209,-0.321223
2603,13.01,270.91104,21.810933,12.268602,-0.321348
2604,13.015,270.68214,21.810543,12.266995,-0.321464
2605,13.02,270.10987,21.810143,12.265388,-0.321584
2606,13.025,268.85088,21.809679,12.26378,-0.321732
2607,13.03,268.27862,21.809204,12.262171,-0.321884
2608,13.035,267.47744,21.808739,12.260561,-0.322032
2609,13.04,266.79072,21.808302,12.25895,-0.322168
2610,13.045,265.53174,21.807938,12.257339,-0.322273
2611,13.05,264.27275,21.807584,12.255728,-0.322373
2612,13.055,263.92939,21.807202,12.254115,-0.322486
2613,13.06,262.89931,21.806792,12.252503,-0.32261
2614,13.065,261.52587,21.806373,12.250889,-0.322738
2615,13.07,260.26688,21.805915,12.249275,-0.322882
2616,13.075,259.69462,21.805421,12.24766,-0.323042
2617,13.08,258.89344,21.804954,12.246045,-0.32319
2618,13.085,258.20672,21.804477,12.244428,-0.323342
2619,13.09,257.2911,21.803954,12.242811,-0.323513
2620,13.095,256.03211,21.803458,12.241193,-0.323673
2621,13.1,254.42976,21.803009,12.239575,-0.323813
2622,13.105,253.05632,21.80256,12.237955,-0.323953
2623,13.11,252.02624,21.802139,12.236335,-0.324081
2624,13.115,250.88171,21.801736,12.234714,-0.324202
2625,13.12,249.96608,21.801333,12.233093,-0.324322
2626,13.125,249.27936,21.800949,12.231471,-0.324434
2627,13.13,248.13483,21.800573,12.229849,-0.324543
2628,13.135,246.87584,21.800179,12.228226,-0.324659
2629,13.14,245.5024,21.799757,12.226602,-0.324787
2630,13.145,244.12896,21.799344,12.224978,-0.324912
2631,13.15,242.98443,21.79895,12.223353,-0.325028
2632,13.155,242.75552,21.798555,12.221728,-0.325145
2633,13.16,241.95435,21.79817,12.220102,-0.325257
2634,13.165,241.49654,21.797775,12.218475,-0.325373
2635,13.17,240.80982,21.79738,12.216848,-0.32549
2636,13.175,240.1231,21.797013,12.21522,-0.325594
2637,13.18,239.77974,21.796627,12.213592,-0.325707
2638,13.185,238.6352,21.796185,12.211963,-0.325843
2639,13.19,237.60512,21.795742,12.210334,-0.325979
2640,13.195,236.57504,21.795318,12.208703,-0.326107
2641,13.2,235.65942,21.794903,12.207072,-0.326232
2642,13.205,234.62934,21.794554,12.205441,-0.326328
2643,13.21,232.91254,21.794215,12.203809,-0.326421
2644,13.215,232.11136,21.793837,12.202177,-0.32653
2645,13.22,231.42464,21.79346,12.200544,-0.326638
2646,13.225,230.28011,21.79311,12.19891,-0.326735
2647,13.23,228.90667,21.792808,12.197277,-0.326812
2648,13.235,228.1055,21.792487,12.195642,-0.326897
2649,13.24,226.84651,21.792128,12.194008,-0.326997
2650,13.245,225.81643,21.791807,12.192372,-0.327082
2651,13.25,224.44299,21.791466,12.190737,-0.327175
2652,13.255,223.64182,21.791079,12.189101,-0.327287
2653,13.26,222.72619,21.7907,12.187464,-0.327396
2654,13.265,221.81056,21.790284,12.185827,-0.32752
2655,13.27,221.2383,21.789867,12.184189,-0.327644
2656,13.275,220.43712,21.789526,12.18255,-0.327737
2657,13.28,219.06368,21.789176,12.180911,-0.327834
2658,13.285,218.26251,21.788797,12.179272,-0.327942
2659,13.29,217.23243,21.788446,12.177632,-0.328039
2660,13.295,216.20235,21.788114,12.175991,-0.328128
2661,13.3,215.63008,21.787801,12.174351,-0.328209
2662,13.305,215.05782,21.787441,12.172709,-0.32831
2663,13.31,214.14219,21.78708,12.171068,-0.32841
2664,13.315,213.11211,21.786786,12.169425,-0.328483
2665,13.32,212.19648,21.786463,12.167783,-0.328568
2666,13.325,211.05195,21.786102,12.16614,-0.328669
2667,13.33,209.67851,21.78576,12.164496,-0.328762
2668,13.335,208.87734,21.785437,12.162852,-0.328847
2669,13.34,207.84726,21.785114,12.161208,-0.328931
2670,13.345,206.35936,21.78481,12.159563,-0.329008
2671,13.35,205.32928,21.784525,12.157917,-0.329078
2672,13.355,204.64256,21.78422,12.156272,-0.329155
2673,13.36,203.72694,21.783887,12.154626,-0.329243
2674,13.365,202.92576,21.783554,12.152979,-0.329332
2675,13.37,202.46795,21.783221,12.151333,-0.329421
2676,13.375,202.23904,21.782869,12.149685,-0.329518
2677,13.38,201.89568,21.782545,12.148037,-0.329603
2678,13.385,201.43787,21.782259,12.146389,-0.329672
2679,13.39,200.75115,21.781992,12.144741,-0.329733
2680,13.395,199.94998,21.781754,12.143092,-0.329782
2681,13.4,199.60662,21.781497,12.141443,-0.32984
2682,13.405,199.1488,21.781154,12.139793,-0.329933
2683,13.41,198.57654,21.780782,12.138144,-0.330037
2684,13.415,198.00427,21.780448,12.136493,-0.330126
2685,13.42,197.432,21.780133,12.134842,-0.330207
2686,13.425,196.40192,21.779808,12.133191,-0.330292
2687,13.43,195.4863,21.779465,12.131539,-0.330385
2688,13.435,194.57067,21.77915,12.129887,-0.330465
2689,13.44,193.08278,21.778863,12.128235,-0.330535
2690,13.445,192.16715,21.778567,12.126582,-0.330608
2691,13.45,191.13707,21.778271,12.124929,-0.330681
2692,13.455,190.5648,21.777955,12.123275,-0.330762
2693,13.46,190.67926,21.777649,12.121621,-0.330839
2694,13.465,190.3359,21.777334,12.119967,-0.33092
2695,13.47,189.76363,21.77698,12.118312,-0.331016
2696,13.475,189.07691,21.776664,12.116657,-0.331097
2697,13.48,188.73355,21.776368,12.115001,-0.33117
2698,13.485,188.27574,21.776033,12.113345,-0.331259
2699,13.49,188.16128,21.775697,12.111688,-0.331348
2700,13.495,187.70347,21.775381,12.110031,-0.331429
2701,13.5,187.70347,21.775084,12.108374,-0.331502
2702,13.505,186.9023,21.774807,12.106716,-0.331567
2703,13.51,186.10112,21.774529,12.105058,-0.331632
2704,13.515,185.1855,21.77426,12.1034,-0.331694
2705,13.52,183.81206,21.773982,12.101741,-0.331759
2706,13.525,183.01088,21.773685,12.100082,-0.331832
2707,13.53,182.55307,21.773388,12.098423,-0.331905
2708,13.535,181.7519,21.773081,12.096763,-0.331982
2709,13.54,181.06518,21.772754,12.095103,-0.332067
2710,13.545,180.72182,21.772476,12.093443,-0.332132
2711,13.55,180.14955,21.772236,12.091782,-0.332182
2712,13.555,179.92064,21.771967,12.090121,-0.332243
2713,13.56,179.23392,21.771698,12.08846,-0.332304
2714,13.565,179.23392,21.771439,12.086798,-0.332361
2715,13.57,179.00502,21.77117,12.085136,-0.332423
2716,13.575,177.86048,21.770872,12.083474,-0.332496
2717,13.58,177.63158,21.770574,12.081811,-0.332569
2718,13.585,177.28822,21.770276,12.080148,-0.332642
2719,13.59,176.94486,21.76994,12.078484,-0.332731
2720,13.595,176.6015,21.769613,12.076821,-0.332816
2721,13.6,176.37259,21.769315,12.075156,-0.332889
2722,13.605,176.37259,21.768997,12.073492,-0.33297
2723,13.61,176.14368,21.76867,12.071827,-0.333055
2724,13.615,175.34251,21.768381,12.070161,-0.333124
2725,13.62,174.8847,21.768073,12.068495,-0.333201
2726,13.625,174.31243,21.767717,12.066829,-0.333297
2727,13.63,173.3968,21.76737,12.065162,-0.33339
2728,13.635,172.82454,21.767052,12.063495,-0.333471
2729,13.64,172.59563,21.766744,12.061828,-0.333548
2730,13.645,172.48118,21.766435,12.06016,-0.333625
2731,13.65,172.59563,21.766107,12.058491,-0.33371
2732,13.655,172.71008,21.76577,12.056823,-0.333799
2733,13.66,171.4511,21.765451,12.055153,-0.33388
2734,13.665,170.87883,21.765152,12.053484,-0.333953
2735,13.67,170.30656,21.764843,12.051814,-0.33403
2736,13.675,169.61984,21.764573,12.050144,-0.334091
2737,13.68,168.81867,21.764361,12.048473,-0.334129
2738,13.685,168.13195,21.764119,12.046802,-0.334178
2739,13.69,168.0175,21.763868,12.045131,-0.334232
2740,13.695,167.44523,21.763617,12.04346,-0.334285
2741,13.7,166.64406,21.763346,12.041788,-0.334346
2742,13.705,165.84288,21.763056,12.040117,-0.334415
2743,13.71,164.69835,21.762737,12.038444,-0.334496
2744,13.715,164.5839,21.762409,12.036772,-0.334581
2745,13.72,163.55382,21.762099,12.035098,-0.334658
2746,13.725,162.98155,21.761819,12.033425,-0.334723
2747,13.73,162.40928,21.761548,12.031751,-0.334785
2748,13.735,161.72256,21.761306,12.030077,-0.334834
2749,13.74,160.92139,21.761025,12.028403,-0.334899
2750,13.745,160.46358,21.760706,12.026728,-0.33498
2751,13.75,160.00576,21.760416,12.025053,-0.335049
2752,13.755,159.77686,21.760135,12.023378,-0.335115
2753,13.76,159.09014,21.759873,12.021702,-0.335172
2754,13.765,158.51787,21.759631,12.020026,-0.335221
2755,13.77,157.9456,21.759398,12.01835,-0.335267
2756,13.775,157.48779,21.759156,12.016673,-0.335316
2757,13.78,156.57216,21.758914,12.014997,-0.335366
2758,13.785,155.77099,21.758662,12.01332,-0.335419
2759,13.79,154.96982,21.7584,12.011642,-0.335476
2760,13.795,153.82528,21.758129,12.009965,-0.335538
2761,13.8,153.13856,21.757867,12.008287,-0.335595
2762,13.805,152.68075,21.757615,12.006609,-0.335648
2763,13.81,151.99403,21.757324,12.004931,-0.335717
2764,13.815,151.53622,21.757013,12.003252,-0.335794
2765,13.82,152.90966,21.756732,12.001573,-0.33586
2766,13.825,151.30731,21.756518,11.999893,-0.335897
2767,13.83,150.74429,21.756266,11.998214,-0.335951
2768,13.835,149.68136,21.755965,11.996534,-0.336024
2769,13.84,149.06041,21.755693,11.994853,-0.336085
2770,13.845,148.03985,21.755421,11.993173,-0.336146
2771,13.85,147.22849,21.755159,11.991492,-0.336204
2772,13.855,145.86113,21.754886,11.989811,-0.336265
2773,13.86,144.96238,21.754595,11.988129,-0.336334
2774,13.865,143.74935,21.754342,11.986447,-0.336387
2775,13.87,142.61713,21.754109,11.984765,-0.336433
2776,13.875,141.57171,21.753856,11.983083,-0.336486
2777,13.88,141.93662,21.753623,11.981401,-0.336532
2778,13.885,141.71998,21.753418,11.979718,-0.336565
2779,13.89,141.18353,21.753195,11.978035,-0.336607
2780,13.895,139.82591,21.752951,11.976352,-0.336656
2781,13.9,138.55463,21.752708,11.974668,-0.336706
2782,13.905,137.87978,21.752426,11.972985,-0.336771
2783,13.91,136.9921,21.752173,11.971301,-0.336824
2784,13.915,135.87196,21.751949,11.969616,-0.336866
2785,13.92,135.23116,21.751706,11.967932,-0.336915
2786,13.925,135.11685,21.751491,11.966247,-0.336953
2787,13.93,134.79887,21.751287,11.964562,-0.336987
2788,13.935,134.05297,21.751063,11.962877,-0.337028
2789,13.94,133.25282,21.75081,11.961192,-0.337082
2790,13.945,131.73795,21.750576,11.959507,-0.337127
2791,13.95,130.33093,21.750391,11.957821,-0.337153
2792,13.955,129.51679,21.750225,11.956135,-0.337171
2793,13.96,128.14147,21.750069,11.954449,-0.337185
2794,13.965,126.90077,21.749864,11.952763,-0.337218
2795,13.97,124.73816,21.74964,11.951077,-0.33726
2796,13.975,124.05625,21.749416,11.949391,-0.337302
2797,13.98,123.30439,21.749192,11.947704,-0.337343
2798,13.985,122.78368,21.748997,11.946017,-0.337373
2799,13.99,121.5429,21.748782,11.94433,-0.337411
2800,13.995,119.80143,21.748548,11.942643,-0.337456
2801,14,118.20814,21.748305,11.940956,-0.337505
2802,14.005,117.98955,21.748061,11.939268,-0.337555
2803,14.01,115.59787,21.747856,11.93758,-0.337589
2804,14.015,116.06026,21.74768,11.935892,-0.33761
2805,14.02,118.11086,21.747505,11.934204,-0.337632
2806,14.025,116.6988,21.747309,11.932516,-0.337662
2807,14.03,114.98946,21.747124,11.930827,-0.337688
2808,14.035,113.5579,21.746968,11.929139,-0.337702
2809,14.04,109.43265,21.746792,11.92745,-0.337724
2810,14.045,107.59494,21.746626,11.925762,-0.337742
2811,14.05,108.24164,21.746499,11.924073,-0.337744
2812,14.055,107.89134,21.746353,11.922384,-0.337754
2813,14.06,108.99228,21.746177,11.920695,-0.337776
2814,14.065,122.53374,21.746002,11.919007,-0.337798
2815,14.07,134.86418,21.74566,11.917317,-0.337886
2816,14.075,0,21.745406,11.915628,-0.33794
